{
    "version": 1.3,
    "people": [
        {
            "person_id": [
                -1
            ],
            "pose_keypoints_2d": [
                0,
                0,
                0,
                334.086,
                167.767,
                0.904648,
                349.723,
                167.784,
                0.86548,
                369.281,
                181.448,
                0.731757,
                381.99,
                193.211,
                0.752538,
                320.357,
                167.739,
                0.85884,
                306.677,
                184.407,
                0.801454,
                317.457,
                185.366,
                0.20501,
                334.056,
                209.851,
                0.751197,
                343.866,
                210.825,
                0.7,
                337.992,
                248.012,
                0.765995,
                332.137,
                286.172,
                0.874156,
                325.269,
                209.84,
                0.768084,
                323.311,
                253.824,
                0.864814,
                337.005,
                250.923,
                0.683227,
                0,
                0,
                0,
                0,
                0,
                0,
                342.894,
                150.147,
                0.665835,
                330.145,
                151.104,
                0.777858,
                349.716,
                257.765,
                0.283035,
                348.722,
                255.822,
                0.338701,
                341.889,
                246.997,
                0.547049,
                328.201,
                288.106,
                0.575711,
                332.114,
                289.069,
                0.566112,
                332.09,
                291.996,
                0.823189
            ],
            "face_keypoints_2d": [
                0,
                0,
                0,
                0,
                0,
                0,
                0,
                0,
                0,
                0,
                0,
                0,
                0,
                0,
                0,
                0,
                0,
                0,
                0,
                0,
                0,
                0,
                0,
                0,
                0,
                0,
                0,
                0,
                0,
                0,
                0,
                0,
                0,
                0,
                0,
                0,
                0,
                0,
                0,
                0,
                0,
                0,
                0,
                0,
                0,
                0,
                0,
                0,
                0,
                0,
                0,
                0,
                0,
                0,
                0,
                0,
                0,
                0,
                0,
                0,
                0,
                0,
                0,
                0,
                0,
                0,
                0,
                0,
                0,
                0,
                0,
                0,
                0,
                0,
                0,
                0,
                0,
                0,
                0,
                0,
                0,
                0,
                0,
                0,
                0,
                0,
                0,
                0,
                0,
                0,
                0,
                0,
                0,
                0,
                0,
                0,
                0,
                0,
                0,
                0,
                0,
                0,
                0,
                0,
                0,
                0,
                0,
                0,
                0,
                0,
                0,
                0,
                0,
                0,
                0,
                0,
                0,
                0,
                0,
                0,
                0,
                0,
                0,
                0,
                0,
                0,
                0,
                0,
                0,
                0,
                0,
                0,
                0,
                0,
                0,
                0,
                0,
                0,
                0,
                0,
                0,
                0,
                0,
                0,
                0,
                0,
                0,
                0,
                0,
                0,
                0,
                0,
                0,
                0,
                0,
                0,
                0,
                0,
                0,
                0,
                0,
                0,
                0,
                0,
                0,
                0,
                0,
                0,
                0,
                0,
                0,
                0,
                0,
                0,
                0,
                0,
                0,
                0,
                0,
                0,
                0,
                0,
                0,
                0,
                0,
                0,
                0,
                0,
                0,
                0,
                0,
                0,
                0,
                0,
                0,
                0,
                0,
                0,
                0,
                0,
                0,
                0,
                0,
                0,
                0,
                0,
                0,
                0,
                0,
                0
            ],
            "hand_left_keypoints_2d": [
                314.448,
                179.987,
                0.0202272,
                310.572,
                185.446,
                0.0234419,
                313.578,
                184.18,
                0.0360706,
                313.895,
                183.072,
                0.0236543,
                314.448,
                183.705,
                0.0128189,
                315.872,
                178.326,
                0.0105253,
                316.189,
                178.484,
                0.0112423,
                315.081,
                178.643,
                0.0136263,
                315.398,
                178.405,
                0.00587837,
                312.945,
                179.671,
                0.00545077,
                313.104,
                179.355,
                0.00312603,
                313.183,
                179.196,
                0.00449903,
                315.793,
                182.361,
                0.00219361,
                313.025,
                179.75,
                0.0052468,
                313.104,
                179.275,
                0.00370965,
                315.635,
                182.361,
                0.00557011,
                315.714,
                182.835,
                0.00416311,
                316.268,
                178.484,
                0.00743854,
                316.347,
                178.484,
                0.00856324,
                316.268,
                178.564,
                0.00651337,
                315.714,
                183.864,
                0.00472894
            ],
            "hand_right_keypoints_2d": [
                391.348,
                192.541,
                0.0295132,
                387.322,
                196.042,
                0.0348309,
                379.27,
                198.668,
                0.0249822,
                384.959,
                204.619,
                0.0297053,
                379.708,
                197.967,
                0.0285918,
                380.233,
                197.792,
                0.0290599,
                378.482,
                203.831,
                0.040124,
                376.732,
                204.619,
                0.0637087,
                384.521,
                207.945,
                0.0520125,
                387.497,
                201.993,
                0.011112,
                389.335,
                202.168,
                0.0256217,
                383.821,
                204.707,
                0.0273928,
                384.521,
                207.857,
                0.0195228,
                387.672,
                202.168,
                0.0103793,
                391.348,
                201.556,
                0.0205592,
                391.348,
                201.556,
                0.0139425,
                384.434,
                207.857,
                0.0152596,
                387.672,
                202.431,
                0.00907688,
                387.76,
                202.431,
                0.0081107,
                376.557,
                205.319,
                0.0109368,
                384.346,
                207.857,
                0.0088843
            ],
            "pose_keypoints_3d": [],
            "face_keypoints_3d": [],
            "hand_left_keypoints_3d": [],
            "hand_right_keypoints_3d": []
        }
    ]
}