{
    "version": 1.3,
    "people": [
        {
            "person_id": [
                -1
            ],
            "pose_keypoints_2d": [
                0,
                0,
                0,
                334.08,
                168.707,
                0.923258,
                349.718,
                168.728,
                0.89319,
                371.225,
                178.519,
                0.783297,
                386.869,
                186.375,
                0.7398,
                320.355,
                167.786,
                0.872261,
                301.816,
                180.501,
                0.741556,
                287.123,
                183.368,
                0.776698,
                333.101,
                213.719,
                0.810285,
                341.92,
                213.746,
                0.754068,
                339.961,
                249.94,
                0.835052,
                332.133,
                286.174,
                0.806923,
                324.317,
                212.752,
                0.800241,
                319.403,
                245.047,
                0.745265,
                308.617,
                274.391,
                0.180139,
                0,
                0,
                0,
                0,
                0,
                0,
                342.861,
                152.106,
                0.709275,
                330.149,
                151.159,
                0.827738,
                313.523,
                284.172,
                0.0522288,
                0,
                0,
                0,
                307.669,
                278.31,
                0.0944246,
                331.133,
                291.01,
                0.479261,
                333.118,
                291.976,
                0.522741,
                331.148,
                291.998,
                0.721616
            ],
            "face_keypoints_2d": [
                0,
                0,
                0,
                0,
                0,
                0,
                0,
                0,
                0,
                0,
                0,
                0,
                0,
                0,
                0,
                0,
                0,
                0,
                0,
                0,
                0,
                0,
                0,
                0,
                0,
                0,
                0,
                0,
                0,
                0,
                0,
                0,
                0,
                0,
                0,
                0,
                0,
                0,
                0,
                0,
                0,
                0,
                0,
                0,
                0,
                0,
                0,
                0,
                0,
                0,
                0,
                0,
                0,
                0,
                0,
                0,
                0,
                0,
                0,
                0,
                0,
                0,
                0,
                0,
                0,
                0,
                0,
                0,
                0,
                0,
                0,
                0,
                0,
                0,
                0,
                0,
                0,
                0,
                0,
                0,
                0,
                0,
                0,
                0,
                0,
                0,
                0,
                0,
                0,
                0,
                0,
                0,
                0,
                0,
                0,
                0,
                0,
                0,
                0,
                0,
                0,
                0,
                0,
                0,
                0,
                0,
                0,
                0,
                0,
                0,
                0,
                0,
                0,
                0,
                0,
                0,
                0,
                0,
                0,
                0,
                0,
                0,
                0,
                0,
                0,
                0,
                0,
                0,
                0,
                0,
                0,
                0,
                0,
                0,
                0,
                0,
                0,
                0,
                0,
                0,
                0,
                0,
                0,
                0,
                0,
                0,
                0,
                0,
                0,
                0,
                0,
                0,
                0,
                0,
                0,
                0,
                0,
                0,
                0,
                0,
                0,
                0,
                0,
                0,
                0,
                0,
                0,
                0,
                0,
                0,
                0,
                0,
                0,
                0,
                0,
                0,
                0,
                0,
                0,
                0,
                0,
                0,
                0,
                0,
                0,
                0,
                0,
                0,
                0,
                0,
                0,
                0,
                0,
                0,
                0,
                0,
                0,
                0,
                0,
                0,
                0,
                0,
                0,
                0,
                0,
                0,
                0,
                0,
                0,
                0
            ],
            "hand_left_keypoints_2d": [
                279.388,
                179.366,
                0.0471545,
                277.986,
                181.758,
                0.0330838,
                277.409,
                181.84,
                0.0274917,
                276.749,
                181.593,
                0.00996693,
                274.358,
                179.778,
                0.00529819,
                276.419,
                181.098,
                0.0145922,
                275.43,
                182.417,
                0.0095213,
                274.687,
                180.026,
                0.00803931,
                274.605,
                179.448,
                0.00538019,
                275.43,
                180.603,
                0.00624308,
                275.265,
                182.5,
                0.00640618,
                274.687,
                180.603,
                0.00525142,
                274.687,
                179.531,
                0.00172871,
                277.821,
                181.758,
                0.00547068,
                274.77,
                180.685,
                0.00591774,
                274.11,
                184.397,
                0.006347,
                273.78,
                184.561,
                0.00455389,
                278.399,
                181.593,
                0.00771149,
                278.316,
                181.758,
                0.00779897,
                273.45,
                180.685,
                0.00625369,
                273.615,
                184.479,
                0.00474622
            ],
            "hand_right_keypoints_2d": [
                388.824,
                197.03,
                0.0114207,
                397.06,
                192.868,
                0.012857,
                397.233,
                193.475,
                0.0100074,
                398.013,
                193.562,
                0.0126209,
                398.013,
                193.562,
                0.0149593,
                398.273,
                193.562,
                0.0220772,
                397.06,
                193.735,
                0.0134786,
                397.146,
                193.649,
                0.00964972,
                397.32,
                193.389,
                0.00744613,
                398.1,
                193.995,
                0.00912611,
                396.973,
                193.649,
                0.00911391,
                397.06,
                193.562,
                0.00653574,
                397.233,
                192.955,
                0.00370158,
                398.187,
                193.995,
                0.00848882,
                394.806,
                192.782,
                0.00714754,
                397.146,
                193.562,
                0.00735285,
                397.146,
                193.909,
                0.00366026,
                397.493,
                193.735,
                0.00922518,
                396.626,
                193.389,
                0.00928339,
                397.753,
                193.649,
                0.0074796,
                397.233,
                193.649,
                0.00474733
            ],
            "pose_keypoints_3d": [],
            "face_keypoints_3d": [],
            "hand_left_keypoints_3d": [],
            "hand_right_keypoints_3d": []
        }
    ]
}