{
    "version": 1.3,
    "people": [
        {
            "person_id": [
                -1
            ],
            "pose_keypoints_2d": [
                0,
                0,
                0,
                424.065,
                105.214,
                0.858333,
                446.57,
                106.187,
                0.771731,
                457.279,
                154.063,
                0.77831,
                456.351,
                186.362,
                0.534276,
                399.612,
                105.119,
                0.790628,
                394.67,
                147.227,
                0.850064,
                387.875,
                190.261,
                0.797731,
                427.969,
                182.458,
                0.618908,
                442.664,
                181.471,
                0.604239,
                449.529,
                259.722,
                0.81274,
                456.32,
                328.189,
                0.712154,
                412.338,
                183.429,
                0.59822,
                388.839,
                244.087,
                0.813793,
                396.658,
                308.648,
                0.837209,
                0,
                0,
                0,
                401.533,
                76.8033,
                0.109402,
                426.053,
                80.6784,
                0.304014,
                405.475,
                75.8434,
                0.858079,
                379.086,
                317.475,
                0.777846,
                385.889,
                319.381,
                0.744243,
                402.534,
                315.485,
                0.797141,
                431.892,
                332.127,
                0.698284,
                433.88,
                332.067,
                0.621684,
                458.332,
                336.042,
                0.649067
            ],
            "face_keypoints_2d": [
                0,
                0,
                0,
                0,
                0,
                0,
                0,
                0,
                0,
                0,
                0,
                0,
                0,
                0,
                0,
                0,
                0,
                0,
                0,
                0,
                0,
                0,
                0,
                0,
                0,
                0,
                0,
                0,
                0,
                0,
                0,
                0,
                0,
                0,
                0,
                0,
                0,
                0,
                0,
                0,
                0,
                0,
                0,
                0,
                0,
                0,
                0,
                0,
                0,
                0,
                0,
                0,
                0,
                0,
                0,
                0,
                0,
                0,
                0,
                0,
                0,
                0,
                0,
                0,
                0,
                0,
                0,
                0,
                0,
                0,
                0,
                0,
                0,
                0,
                0,
                0,
                0,
                0,
                0,
                0,
                0,
                0,
                0,
                0,
                0,
                0,
                0,
                0,
                0,
                0,
                0,
                0,
                0,
                0,
                0,
                0,
                0,
                0,
                0,
                0,
                0,
                0,
                0,
                0,
                0,
                0,
                0,
                0,
                0,
                0,
                0,
                0,
                0,
                0,
                0,
                0,
                0,
                0,
                0,
                0,
                0,
                0,
                0,
                0,
                0,
                0,
                0,
                0,
                0,
                0,
                0,
                0,
                0,
                0,
                0,
                0,
                0,
                0,
                0,
                0,
                0,
                0,
                0,
                0,
                0,
                0,
                0,
                0,
                0,
                0,
                0,
                0,
                0,
                0,
                0,
                0,
                0,
                0,
                0,
                0,
                0,
                0,
                0,
                0,
                0,
                0,
                0,
                0,
                0,
                0,
                0,
                0,
                0,
                0,
                0,
                0,
                0,
                0,
                0,
                0,
                0,
                0,
                0,
                0,
                0,
                0,
                0,
                0,
                0,
                0,
                0,
                0,
                0,
                0,
                0,
                0,
                0,
                0,
                0,
                0,
                0,
                0,
                0,
                0,
                0,
                0,
                0,
                0,
                0,
                0
            ],
            "hand_left_keypoints_2d": [
                387.942,
                189.9,
                0.0516651,
                380.128,
                211.032,
                0.0263049,
                372.67,
                209.434,
                0.0232375,
                393.269,
                219.734,
                0.0347783,
                394.512,
                220.977,
                0.0315229,
                393.624,
                219.023,
                0.0191456,
                357.93,
                211.21,
                0.033377,
                357.22,
                217.78,
                0.0608551,
                358.108,
                222.042,
                0.0498624,
                359.529,
                219.201,
                0.0142245,
                358.641,
                210.677,
                0.0152866,
                359.351,
                217.78,
                0.0202726,
                357.93,
                222.22,
                0.0404668,
                359.351,
                219.379,
                0.0129758,
                365.211,
                217.603,
                0.0143864,
                364.856,
                217.425,
                0.0173769,
                358.285,
                222.398,
                0.037148,
                372.137,
                217.958,
                0.0102524,
                358.818,
                210.855,
                0.0158757,
                366.277,
                216.005,
                0.0376107,
                358.641,
                222.22,
                0.0229968
            ],
            "hand_right_keypoints_2d": [
                444.706,
                191.621,
                0.0427489,
                451.365,
                194.5,
                0.0308722,
                455.864,
                213.757,
                0.0222204,
                454.784,
                212.858,
                0.0152436,
                454.964,
                212.678,
                0.0144016,
                455.144,
                211.958,
                0.0230592,
                447.585,
                210.338,
                0.0160361,
                453.704,
                213.578,
                0.0222653,
                455.504,
                212.498,
                0.0105462,
                451.365,
                209.258,
                0.0118779,
                447.225,
                209.978,
                0.0219474,
                453.165,
                210.698,
                0.0131709,
                438.407,
                207.818,
                0.00993006,
                453.525,
                209.438,
                0.0126755,
                447.945,
                210.518,
                0.0218002,
                448.845,
                210.518,
                0.0123427,
                438.047,
                206.739,
                0.0080202,
                439.667,
                206.379,
                0.0172793,
                449.745,
                213.218,
                0.0171195,
                453.165,
                214.477,
                0.0225451,
                453.525,
                214.657,
                0.0108482
            ],
            "pose_keypoints_3d": [],
            "face_keypoints_3d": [],
            "hand_left_keypoints_3d": [],
            "hand_right_keypoints_3d": []
        }
    ]
}