{
    "version": 1.3,
    "people": [
        {
            "person_id": [
                -1
            ],
            "pose_keypoints_2d": [
                0,
                0,
                0,
                334.106,
                154.109,
                0.874709,
                354.597,
                156.016,
                0.847132,
                362.447,
                184.422,
                0.888348,
                347.776,
                188.325,
                0.554091,
                317.4,
                153.146,
                0.886648,
                308.665,
                178.522,
                0.783782,
                308.593,
                196.137,
                0.735047,
                337.965,
                199.073,
                0.768959,
                347.763,
                199.088,
                0.818199,
                352.652,
                239.194,
                0.847515,
                363.371,
                275.353,
                0.806791,
                326.233,
                199.086,
                0.773101,
                324.278,
                236.256,
                0.841454,
                325.316,
                275.38,
                0.819762,
                0,
                0,
                0,
                0,
                0,
                0,
                340.89,
                136.492,
                0.817698,
                325.249,
                136.477,
                0.930636,
                324.289,
                278.345,
                0.522185,
                322.319,
                279.28,
                0.628137,
                327.223,
                278.342,
                0.815839,
                357.545,
                283.181,
                0.579941,
                363.414,
                281.256,
                0.560355,
                363.44,
                278.332,
                0.814243
            ],
            "face_keypoints_2d": [
                0,
                0,
                0,
                0,
                0,
                0,
                0,
                0,
                0,
                0,
                0,
                0,
                0,
                0,
                0,
                0,
                0,
                0,
                0,
                0,
                0,
                0,
                0,
                0,
                0,
                0,
                0,
                0,
                0,
                0,
                0,
                0,
                0,
                0,
                0,
                0,
                0,
                0,
                0,
                0,
                0,
                0,
                0,
                0,
                0,
                0,
                0,
                0,
                0,
                0,
                0,
                0,
                0,
                0,
                0,
                0,
                0,
                0,
                0,
                0,
                0,
                0,
                0,
                0,
                0,
                0,
                0,
                0,
                0,
                0,
                0,
                0,
                0,
                0,
                0,
                0,
                0,
                0,
                0,
                0,
                0,
                0,
                0,
                0,
                0,
                0,
                0,
                0,
                0,
                0,
                0,
                0,
                0,
                0,
                0,
                0,
                0,
                0,
                0,
                0,
                0,
                0,
                0,
                0,
                0,
                0,
                0,
                0,
                0,
                0,
                0,
                0,
                0,
                0,
                0,
                0,
                0,
                0,
                0,
                0,
                0,
                0,
                0,
                0,
                0,
                0,
                0,
                0,
                0,
                0,
                0,
                0,
                0,
                0,
                0,
                0,
                0,
                0,
                0,
                0,
                0,
                0,
                0,
                0,
                0,
                0,
                0,
                0,
                0,
                0,
                0,
                0,
                0,
                0,
                0,
                0,
                0,
                0,
                0,
                0,
                0,
                0,
                0,
                0,
                0,
                0,
                0,
                0,
                0,
                0,
                0,
                0,
                0,
                0,
                0,
                0,
                0,
                0,
                0,
                0,
                0,
                0,
                0,
                0,
                0,
                0,
                0,
                0,
                0,
                0,
                0,
                0,
                0,
                0,
                0,
                0,
                0,
                0,
                0,
                0,
                0,
                0,
                0,
                0,
                0,
                0,
                0,
                0,
                0,
                0
            ],
            "hand_left_keypoints_2d": [
                306.6,
                198.406,
                0.0260978,
                305.714,
                200.473,
                0.037038,
                310.144,
                202.738,
                0.0464218,
                313.196,
                205.396,
                0.0850325,
                312.211,
                208.546,
                0.0311686,
                305.32,
                199.686,
                0.0189715,
                314.476,
                204.116,
                0.0104441,
                313.885,
                205.691,
                0.0124177,
                312.015,
                208.743,
                0.0156004,
                304.926,
                199.587,
                0.00832107,
                314.574,
                210.023,
                0.0047758,
                313.787,
                206.085,
                0.00844811,
                314.673,
                204.215,
                0.00911333,
                304.926,
                199.489,
                0.00780043,
                313.196,
                206.479,
                0.00532715,
                314.082,
                206.184,
                0.00929474,
                314.771,
                205.987,
                0.00735793,
                312.802,
                206.774,
                0.00869358,
                305.812,
                193.68,
                0.00841936,
                312.901,
                206.873,
                0.0106519,
                312.113,
                208.645,
                0.00790419
            ],
            "hand_right_keypoints_2d": [
                348.449,
                195.775,
                0.0265859,
                345.746,
                186.369,
                0.0167255,
                347.584,
                185.829,
                0.0128699,
                345.746,
                188.64,
                0.01387,
                344.556,
                189.18,
                0.00957077,
                348.016,
                186.153,
                0.0189597,
                348.449,
                185.396,
                0.0174311,
                345.097,
                189.072,
                0.0132811,
                344.124,
                189.829,
                0.0130189,
                348.449,
                187.45,
                0.0189252,
                350.178,
                185.612,
                0.0206847,
                346.178,
                193.072,
                0.0118765,
                344.664,
                189.18,
                0.0103069,
                348.557,
                187.775,
                0.0184715,
                350.178,
                189.829,
                0.0187969,
                345.854,
                188.964,
                0.0120339,
                344.664,
                189.288,
                0.00957739,
                347.475,
                185.721,
                0.0125728,
                344.124,
                192.424,
                0.0114875,
                344.448,
                189.288,
                0.0116433,
                344.232,
                189.396,
                0.0103664
            ],
            "pose_keypoints_3d": [],
            "face_keypoints_3d": [],
            "hand_left_keypoints_3d": [],
            "hand_right_keypoints_3d": []
        }
    ]
}