{
    "version": 1.3,
    "people": [
        {
            "person_id": [
                -1
            ],
            "pose_keypoints_2d": [
                0,
                0,
                0,
                366.374,
                124.728,
                0.803843,
                387.908,
                122.782,
                0.815466,
                410.364,
                157.972,
                0.835294,
                420.152,
                191.238,
                0.837906,
                344.816,
                127.635,
                0.798731,
                339.89,
                168.718,
                0.850603,
                334.085,
                202.994,
                0.359049,
                380.044,
                189.305,
                0.667291,
                393.745,
                186.375,
                0.622822,
                381.045,
                247.053,
                0.813976,
                381.045,
                294.925,
                0.681798,
                368.31,
                191.246,
                0.619553,
                371.264,
                249.956,
                0.836414,
                394.675,
                302.792,
                0.799586,
                0,
                0,
                0,
                0,
                0,
                0,
                370.264,
                102.221,
                0.653432,
                350.714,
                103.216,
                0.815365,
                380.017,
                318.415,
                0.794589,
                383.968,
                318.436,
                0.703155,
                399.599,
                308.617,
                0.737215,
                371.217,
                308.649,
                0.593627,
                373.18,
                307.631,
                0.505711,
                381.027,
                300.799,
                0.4229
            ],
            "face_keypoints_2d": [
                0,
                0,
                0,
                0,
                0,
                0,
                0,
                0,
                0,
                0,
                0,
                0,
                0,
                0,
                0,
                0,
                0,
                0,
                0,
                0,
                0,
                0,
                0,
                0,
                0,
                0,
                0,
                0,
                0,
                0,
                0,
                0,
                0,
                0,
                0,
                0,
                0,
                0,
                0,
                0,
                0,
                0,
                0,
                0,
                0,
                0,
                0,
                0,
                0,
                0,
                0,
                0,
                0,
                0,
                0,
                0,
                0,
                0,
                0,
                0,
                0,
                0,
                0,
                0,
                0,
                0,
                0,
                0,
                0,
                0,
                0,
                0,
                0,
                0,
                0,
                0,
                0,
                0,
                0,
                0,
                0,
                0,
                0,
                0,
                0,
                0,
                0,
                0,
                0,
                0,
                0,
                0,
                0,
                0,
                0,
                0,
                0,
                0,
                0,
                0,
                0,
                0,
                0,
                0,
                0,
                0,
                0,
                0,
                0,
                0,
                0,
                0,
                0,
                0,
                0,
                0,
                0,
                0,
                0,
                0,
                0,
                0,
                0,
                0,
                0,
                0,
                0,
                0,
                0,
                0,
                0,
                0,
                0,
                0,
                0,
                0,
                0,
                0,
                0,
                0,
                0,
                0,
                0,
                0,
                0,
                0,
                0,
                0,
                0,
                0,
                0,
                0,
                0,
                0,
                0,
                0,
                0,
                0,
                0,
                0,
                0,
                0,
                0,
                0,
                0,
                0,
                0,
                0,
                0,
                0,
                0,
                0,
                0,
                0,
                0,
                0,
                0,
                0,
                0,
                0,
                0,
                0,
                0,
                0,
                0,
                0,
                0,
                0,
                0,
                0,
                0,
                0,
                0,
                0,
                0,
                0,
                0,
                0,
                0,
                0,
                0,
                0,
                0,
                0,
                0,
                0,
                0,
                0,
                0,
                0
            ],
            "hand_left_keypoints_2d": [
                350.081,
                211.724,
                0.0166971,
                341.277,
                213.546,
                0.023075,
                337.634,
                210.206,
                0.0358936,
                336.419,
                213.546,
                0.026761,
                338.696,
                214.912,
                0.0342416,
                327.919,
                217.037,
                0.0278907,
                325.794,
                214.608,
                0.0524403,
                330.5,
                213.546,
                0.028459,
                337.482,
                214.153,
                0.0147375,
                338.089,
                217.037,
                0.0143779,
                330.5,
                217.189,
                0.0201184,
                334.294,
                214.608,
                0.0252357,
                336.875,
                213.849,
                0.0118608,
                338.848,
                219.314,
                0.00996037,
                337.786,
                220.983,
                0.0161675,
                336.875,
                222.198,
                0.0123775,
                336.571,
                223.867,
                0.00898601,
                325.642,
                213.849,
                0.00930262,
                325.642,
                213.546,
                0.010312,
                336.419,
                224.778,
                0.0110175,
                336.571,
                224.475,
                0.00891838
            ],
            "hand_right_keypoints_2d": [
                421.391,
                201.604,
                0.0273088,
                423.688,
                199.766,
                0.0203314,
                424.913,
                198.235,
                0.0290942,
                425.985,
                201.604,
                0.0263094,
                426.597,
                203.441,
                0.0124277,
                425.985,
                200.838,
                0.0350608,
                423.688,
                199.46,
                0.0288258,
                426.291,
                200.838,
                0.0295279,
                419.247,
                208.189,
                0.0132884,
                425.219,
                201.451,
                0.011681,
                420.625,
                208.495,
                0.0201332,
                419.859,
                208.801,
                0.0258641,
                419.247,
                208.954,
                0.016734,
                418.328,
                206.504,
                0.00771512,
                419.553,
                208.954,
                0.0160746,
                420.319,
                210.179,
                0.016426,
                419.094,
                209.261,
                0.0152272,
                417.715,
                208.189,
                0.00862226,
                412.968,
                206.81,
                0.00869303,
                418.634,
                208.495,
                0.00875462,
                420.319,
                212.017,
                0.00860565
            ],
            "pose_keypoints_3d": [],
            "face_keypoints_3d": [],
            "hand_left_keypoints_3d": [],
            "hand_right_keypoints_3d": []
        }
    ]
}