{
    "version": 1.3,
    "people": [
        {
            "person_id": [
                -1
            ],
            "pose_keypoints_2d": [
                0,
                0,
                0,
                348.727,
                153.136,
                0.916389,
                371.22,
                153.102,
                0.869464,
                381.983,
                189.297,
                0.773313,
                379.094,
                215.683,
                0.602415,
                326.244,
                154.065,
                0.851389,
                324.307,
                191.213,
                0.864097,
                324.249,
                219.624,
                0.770179,
                360.485,
                208.874,
                0.652956,
                371.269,
                207.891,
                0.673675,
                359.487,
                257.77,
                0.752857,
                364.407,
                302.751,
                0.810567,
                348.757,
                211.787,
                0.680685,
                353.624,
                262.634,
                0.84713,
                379.042,
                285.181,
                0.845903,
                0,
                0,
                0,
                0,
                0,
                0,
                353.633,
                133.536,
                0.515659,
                334.088,
                132.547,
                0.832825,
                391.789,
                308.664,
                0.781566,
                391.776,
                306.66,
                0.659444,
                382.97,
                284.186,
                0.611459,
                357.531,
                307.668,
                0.630049,
                361.453,
                307.623,
                0.539908,
                365.397,
                308.613,
                0.779203
            ],
            "face_keypoints_2d": [
                0,
                0,
                0,
                0,
                0,
                0,
                0,
                0,
                0,
                0,
                0,
                0,
                0,
                0,
                0,
                0,
                0,
                0,
                0,
                0,
                0,
                0,
                0,
                0,
                0,
                0,
                0,
                0,
                0,
                0,
                0,
                0,
                0,
                0,
                0,
                0,
                0,
                0,
                0,
                0,
                0,
                0,
                0,
                0,
                0,
                0,
                0,
                0,
                0,
                0,
                0,
                0,
                0,
                0,
                0,
                0,
                0,
                0,
                0,
                0,
                0,
                0,
                0,
                0,
                0,
                0,
                0,
                0,
                0,
                0,
                0,
                0,
                0,
                0,
                0,
                0,
                0,
                0,
                0,
                0,
                0,
                0,
                0,
                0,
                0,
                0,
                0,
                0,
                0,
                0,
                0,
                0,
                0,
                0,
                0,
                0,
                0,
                0,
                0,
                0,
                0,
                0,
                0,
                0,
                0,
                0,
                0,
                0,
                0,
                0,
                0,
                0,
                0,
                0,
                0,
                0,
                0,
                0,
                0,
                0,
                0,
                0,
                0,
                0,
                0,
                0,
                0,
                0,
                0,
                0,
                0,
                0,
                0,
                0,
                0,
                0,
                0,
                0,
                0,
                0,
                0,
                0,
                0,
                0,
                0,
                0,
                0,
                0,
                0,
                0,
                0,
                0,
                0,
                0,
                0,
                0,
                0,
                0,
                0,
                0,
                0,
                0,
                0,
                0,
                0,
                0,
                0,
                0,
                0,
                0,
                0,
                0,
                0,
                0,
                0,
                0,
                0,
                0,
                0,
                0,
                0,
                0,
                0,
                0,
                0,
                0,
                0,
                0,
                0,
                0,
                0,
                0,
                0,
                0,
                0,
                0,
                0,
                0,
                0,
                0,
                0,
                0,
                0,
                0,
                0,
                0,
                0,
                0,
                0,
                0
            ],
            "hand_left_keypoints_2d": [
                331.462,
                231.047,
                0.0289802,
                321.91,
                224.36,
                0.0232856,
                325.731,
                236.778,
                0.0618177,
                324.775,
                236.505,
                0.0238853,
                326.003,
                232.684,
                0.00881669,
                329.142,
                224.633,
                0.0171015,
                329.415,
                225.452,
                0.0133513,
                312.767,
                229.136,
                0.0163886,
                313.176,
                227.499,
                0.00693527,
                327.095,
                230.228,
                0.00845859,
                329.415,
                226.407,
                0.00775896,
                313.449,
                228.727,
                0.00749634,
                313.176,
                226.134,
                0.00481263,
                327.232,
                231.047,
                0.00739413,
                329.552,
                230.092,
                0.00742598,
                329.688,
                230.638,
                0.00810991,
                329.961,
                230.774,
                0.00557581,
                327.777,
                232.275,
                0.00702826,
                313.858,
                234.868,
                0.00950112,
                313.312,
                234.868,
                0.00682602,
                329.961,
                230.774,
                0.005261
            ],
            "hand_right_keypoints_2d": [
                376.756,
                208.183,
                0.0358182,
                380.911,
                211.923,
                0.0544423,
                381.881,
                222.313,
                0.0407817,
                379.942,
                223.559,
                0.0470565,
                378.695,
                223.836,
                0.0366135,
                379.665,
                222.313,
                0.093781,
                378.279,
                223.975,
                0.232051,
                377.171,
                227.161,
                0.217367,
                376.34,
                228.131,
                0.131125,
                376.34,
                219.265,
                0.0766458,
                374.124,
                222.867,
                0.212494,
                373.569,
                227.161,
                0.234399,
                373.847,
                229.239,
                0.212798,
                375.093,
                216.356,
                0.0403471,
                371.076,
                221.343,
                0.109776,
                370.937,
                225.776,
                0.0934373,
                369.968,
                226.053,
                0.0995888,
                368.167,
                216.356,
                0.0446425,
                368.444,
                220.512,
                0.0518837,
                368.86,
                222.728,
                0.0770901,
                369.414,
                225.499,
                0.0896425
            ],
            "pose_keypoints_3d": [],
            "face_keypoints_3d": [],
            "hand_left_keypoints_3d": [],
            "hand_right_keypoints_3d": []
        }
    ]
}