{
    "version": 1.3,
    "people": [
        {
            "person_id": [
                -1
            ],
            "pose_keypoints_2d": [
                0,
                0,
                0,
                333.059,
                154.067,
                0.919845,
                350.685,
                153.127,
                0.854377,
                363.427,
                175.573,
                0.772989,
                363.437,
                199.057,
                0.712487,
                314.499,
                155.071,
                0.81467,
                308.586,
                183.432,
                0.873368,
                308.668,
                203.958,
                0.797916,
                337.003,
                199.092,
                0.739536,
                347.738,
                199.078,
                0.76529,
                339.879,
                240.148,
                0.787491,
                333.062,
                283.198,
                0.840368,
                326.223,
                200.035,
                0.758042,
                331.088,
                245.017,
                0.851495,
                354.619,
                247.054,
                0.792072,
                0,
                0,
                0,
                0,
                0,
                0,
                339.904,
                136.449,
                0.637223,
                324.285,
                136.462,
                0.886149,
                363.378,
                260.713,
                0.566385,
                363.38,
                256.783,
                0.615725,
                357.564,
                246,
                0.575293,
                328.188,
                287.117,
                0.638906,
                332.12,
                287.113,
                0.648598,
                332.147,
                286.181,
                0.811276
            ],
            "face_keypoints_2d": [
                0,
                0,
                0,
                0,
                0,
                0,
                0,
                0,
                0,
                0,
                0,
                0,
                0,
                0,
                0,
                0,
                0,
                0,
                0,
                0,
                0,
                0,
                0,
                0,
                0,
                0,
                0,
                0,
                0,
                0,
                0,
                0,
                0,
                0,
                0,
                0,
                0,
                0,
                0,
                0,
                0,
                0,
                0,
                0,
                0,
                0,
                0,
                0,
                0,
                0,
                0,
                0,
                0,
                0,
                0,
                0,
                0,
                0,
                0,
                0,
                0,
                0,
                0,
                0,
                0,
                0,
                0,
                0,
                0,
                0,
                0,
                0,
                0,
                0,
                0,
                0,
                0,
                0,
                0,
                0,
                0,
                0,
                0,
                0,
                0,
                0,
                0,
                0,
                0,
                0,
                0,
                0,
                0,
                0,
                0,
                0,
                0,
                0,
                0,
                0,
                0,
                0,
                0,
                0,
                0,
                0,
                0,
                0,
                0,
                0,
                0,
                0,
                0,
                0,
                0,
                0,
                0,
                0,
                0,
                0,
                0,
                0,
                0,
                0,
                0,
                0,
                0,
                0,
                0,
                0,
                0,
                0,
                0,
                0,
                0,
                0,
                0,
                0,
                0,
                0,
                0,
                0,
                0,
                0,
                0,
                0,
                0,
                0,
                0,
                0,
                0,
                0,
                0,
                0,
                0,
                0,
                0,
                0,
                0,
                0,
                0,
                0,
                0,
                0,
                0,
                0,
                0,
                0,
                0,
                0,
                0,
                0,
                0,
                0,
                0,
                0,
                0,
                0,
                0,
                0,
                0,
                0,
                0,
                0,
                0,
                0,
                0,
                0,
                0,
                0,
                0,
                0,
                0,
                0,
                0,
                0,
                0,
                0,
                0,
                0,
                0,
                0,
                0,
                0,
                0,
                0,
                0,
                0,
                0,
                0
            ],
            "hand_left_keypoints_2d": [
                312.095,
                203.93,
                0.0341054,
                311.564,
                205.206,
                0.040555,
                313.796,
                207.756,
                0.0417085,
                312.414,
                211.37,
                0.154261,
                313.371,
                214.664,
                0.218738,
                314.965,
                210.52,
                0.0289212,
                316.027,
                215.196,
                0.0449595,
                316.878,
                216.79,
                0.0441933,
                313.477,
                214.771,
                0.0167615,
                314.54,
                211.264,
                0.00934794,
                315.921,
                213.708,
                0.015303,
                317.728,
                217.746,
                0.0111098,
                316.771,
                219.341,
                0.00828578,
                314.221,
                211.689,
                0.00728205,
                315.177,
                216.79,
                0.0103924,
                317.09,
                213.602,
                0.00922764,
                314.327,
                219.447,
                0.0060922,
                313.477,
                211.37,
                0.0075963,
                319.109,
                217.321,
                0.00799366,
                314.221,
                216.365,
                0.00789492,
                313.477,
                214.452,
                0.00642898
            ],
            "hand_right_keypoints_2d": [
                367.939,
                210.922,
                0.00802994,
                365.929,
                208.721,
                0.0205574,
                367.269,
                209.295,
                0.0376057,
                370.524,
                202.594,
                0.0381766,
                370.715,
                202.499,
                0.0328857,
                374.448,
                210.635,
                0.0290332,
                359.133,
                210.539,
                0.0266593,
                356.836,
                206.328,
                0.0426968,
                376.171,
                208.625,
                0.0268542,
                374.353,
                208.625,
                0.0236782,
                357.697,
                208.529,
                0.0288062,
                372.055,
                206.136,
                0.0975883,
                374.831,
                204.126,
                0.0786376,
                356.357,
                207.285,
                0.0228345,
                357.41,
                208.433,
                0.0218014,
                372.055,
                205.466,
                0.0431015,
                374.64,
                204.509,
                0.0490248,
                356.165,
                207.189,
                0.0136138,
                373.97,
                211.688,
                0.0128318,
                371.864,
                202.977,
                0.0324304,
                370.811,
                202.307,
                0.0221461
            ],
            "pose_keypoints_3d": [],
            "face_keypoints_3d": [],
            "hand_left_keypoints_3d": [],
            "hand_right_keypoints_3d": []
        }
    ]
}