{
    "version": 1.3,
    "people": [
        {
            "person_id": [
                -1
            ],
            "pose_keypoints_2d": [
                347.717,
                199.112,
                0.0893481,
                347.73,
                193.188,
                0.913035,
                337.964,
                193.214,
                0.80593,
                325.289,
                203.002,
                0.852279,
                322.325,
                213.754,
                0.778947,
                356.603,
                192.249,
                0.868894,
                372.203,
                199.045,
                0.841369,
                385.888,
                205.901,
                0.699502,
                347.751,
                214.698,
                0.945393,
                340.935,
                214.714,
                0.903099,
                346.742,
                229.405,
                0.864011,
                347.746,
                247.035,
                0.933111,
                353.636,
                214.673,
                0.860153,
                355.611,
                228.425,
                0.870553,
                355.628,
                247.032,
                0.917026,
                347.714,
                199.076,
                0.056594,
                348.757,
                199.1,
                0.075712,
                340.943,
                194.175,
                0.0646299,
                350.718,
                198.104,
                0.161964,
                356.53,
                253.815,
                0.756997,
                357.584,
                251.91,
                0.696857,
                355.579,
                248.95,
                0.689169,
                348.703,
                252.884,
                0.801099,
                346.741,
                251.911,
                0.71753,
                347.798,
                248.966,
                0.743307
            ],
            "face_keypoints_2d": [
                0,
                0,
                0,
                0,
                0,
                0,
                0,
                0,
                0,
                0,
                0,
                0,
                0,
                0,
                0,
                0,
                0,
                0,
                0,
                0,
                0,
                0,
                0,
                0,
                0,
                0,
                0,
                0,
                0,
                0,
                0,
                0,
                0,
                0,
                0,
                0,
                0,
                0,
                0,
                0,
                0,
                0,
                0,
                0,
                0,
                0,
                0,
                0,
                0,
                0,
                0,
                0,
                0,
                0,
                0,
                0,
                0,
                0,
                0,
                0,
                0,
                0,
                0,
                0,
                0,
                0,
                0,
                0,
                0,
                0,
                0,
                0,
                0,
                0,
                0,
                0,
                0,
                0,
                0,
                0,
                0,
                0,
                0,
                0,
                0,
                0,
                0,
                0,
                0,
                0,
                0,
                0,
                0,
                0,
                0,
                0,
                0,
                0,
                0,
                0,
                0,
                0,
                0,
                0,
                0,
                0,
                0,
                0,
                0,
                0,
                0,
                0,
                0,
                0,
                0,
                0,
                0,
                0,
                0,
                0,
                0,
                0,
                0,
                0,
                0,
                0,
                0,
                0,
                0,
                0,
                0,
                0,
                0,
                0,
                0,
                0,
                0,
                0,
                0,
                0,
                0,
                0,
                0,
                0,
                0,
                0,
                0,
                0,
                0,
                0,
                0,
                0,
                0,
                0,
                0,
                0,
                0,
                0,
                0,
                0,
                0,
                0,
                0,
                0,
                0,
                0,
                0,
                0,
                0,
                0,
                0,
                0,
                0,
                0,
                0,
                0,
                0,
                0,
                0,
                0,
                0,
                0,
                0,
                0,
                0,
                0,
                0,
                0,
                0,
                0,
                0,
                0,
                0,
                0,
                0,
                0,
                0,
                0,
                0,
                0,
                0,
                0,
                0,
                0,
                0,
                0,
                0,
                0,
                0,
                0
            ],
            "hand_left_keypoints_2d": [
                386.284,
                202.732,
                0.00823044,
                385.597,
                204.293,
                0.00321945,
                389.655,
                207.789,
                0.00279867,
                390.716,
                206.353,
                0.00172347,
                388.656,
                203.169,
                0.000617803,
                390.841,
                206.353,
                0.00272746,
                390.716,
                206.228,
                0.00324626,
                388.719,
                203.107,
                0.00297925,
                388.656,
                203.169,
                0.00162709,
                390.903,
                206.353,
                0.00225347,
                390.903,
                206.353,
                0.00129646,
                390.903,
                206.353,
                0.00229596,
                390.903,
                206.29,
                0.000545254,
                390.841,
                206.353,
                0.00252858,
                391.028,
                206.415,
                0.00202138,
                391.028,
                206.415,
                0.00272769,
                396.834,
                210.473,
                0.0009409,
                390.779,
                206.353,
                0.00376787,
                390.903,
                206.353,
                0.00378964,
                391.028,
                206.415,
                0.00320885,
                391.091,
                206.415,
                0.00143084
            ],
            "hand_right_keypoints_2d": [
                322.64,
                217.89,
                0.010878,
                320.114,
                218.184,
                0.0165633,
                321.171,
                218.243,
                0.0135433,
                324.461,
                216.656,
                0.013266,
                325.225,
                218.419,
                0.00828594,
                320.525,
                217.89,
                0.0101139,
                320.642,
                218.066,
                0.00928351,
                321.112,
                218.595,
                0.00808429,
                321.817,
                220.299,
                0.00490311,
                321.171,
                217.479,
                0.00942955,
                321.054,
                218.36,
                0.00702879,
                321.23,
                218.478,
                0.00641625,
                321.524,
                220.005,
                0.00271218,
                321.171,
                217.479,
                0.00950174,
                321.054,
                218.36,
                0.00884862,
                321.817,
                217.126,
                0.00768492,
                320.701,
                217.244,
                0.00312848,
                320.995,
                217.655,
                0.010977,
                321.054,
                217.714,
                0.00792733,
                321.112,
                217.714,
                0.00673185,
                320.642,
                217.361,
                0.0034173
            ],
            "pose_keypoints_3d": [],
            "face_keypoints_3d": [],
            "hand_left_keypoints_3d": [],
            "hand_right_keypoints_3d": []
        }
    ]
}