{
    "version": 1.3,
    "people": [
        {
            "person_id": [
                -1
            ],
            "pose_keypoints_2d": [
                262.578,
                201.039,
                0.0995992,
                261.699,
                205.889,
                0.458853,
                261.635,
                205.911,
                0.592306,
                262.622,
                214.71,
                0.812753,
                270.468,
                215.765,
                0.663348,
                262.591,
                204.927,
                0.428392,
                263.625,
                213.761,
                0.134063,
                269.497,
                216.712,
                0.0775921,
                262.683,
                223.508,
                0.689394,
                262.642,
                222.586,
                0.806286,
                262.727,
                239.151,
                0.708708,
                265.568,
                253.857,
                0.440664,
                262.718,
                222.586,
                0.614557,
                262.698,
                239.146,
                0.610091,
                257.767,
                249.958,
                0.269768,
                262.572,
                200.098,
                0.0836385,
                0,
                0,
                0,
                261.738,
                199.996,
                0.125322,
                0,
                0,
                0,
                257.76,
                252.893,
                0.275391,
                256.806,
                252.877,
                0.225451,
                255.811,
                250.921,
                0.277527,
                268.507,
                254.823,
                0.415318,
                267.536,
                254.839,
                0.394029,
                263.647,
                254.802,
                0.393389
            ],
            "face_keypoints_2d": [
                0,
                0,
                0,
                0,
                0,
                0,
                0,
                0,
                0,
                0,
                0,
                0,
                0,
                0,
                0,
                0,
                0,
                0,
                0,
                0,
                0,
                0,
                0,
                0,
                0,
                0,
                0,
                0,
                0,
                0,
                0,
                0,
                0,
                0,
                0,
                0,
                0,
                0,
                0,
                0,
                0,
                0,
                0,
                0,
                0,
                0,
                0,
                0,
                0,
                0,
                0,
                0,
                0,
                0,
                0,
                0,
                0,
                0,
                0,
                0,
                0,
                0,
                0,
                0,
                0,
                0,
                0,
                0,
                0,
                0,
                0,
                0,
                0,
                0,
                0,
                0,
                0,
                0,
                0,
                0,
                0,
                0,
                0,
                0,
                0,
                0,
                0,
                0,
                0,
                0,
                0,
                0,
                0,
                0,
                0,
                0,
                0,
                0,
                0,
                0,
                0,
                0,
                0,
                0,
                0,
                0,
                0,
                0,
                0,
                0,
                0,
                0,
                0,
                0,
                0,
                0,
                0,
                0,
                0,
                0,
                0,
                0,
                0,
                0,
                0,
                0,
                0,
                0,
                0,
                0,
                0,
                0,
                0,
                0,
                0,
                0,
                0,
                0,
                0,
                0,
                0,
                0,
                0,
                0,
                0,
                0,
                0,
                0,
                0,
                0,
                0,
                0,
                0,
                0,
                0,
                0,
                0,
                0,
                0,
                0,
                0,
                0,
                0,
                0,
                0,
                0,
                0,
                0,
                0,
                0,
                0,
                0,
                0,
                0,
                0,
                0,
                0,
                0,
                0,
                0,
                0,
                0,
                0,
                0,
                0,
                0,
                0,
                0,
                0,
                0,
                0,
                0,
                0,
                0,
                0,
                0,
                0,
                0,
                0,
                0,
                0,
                0,
                0,
                0,
                0,
                0,
                0,
                0,
                0,
                0
            ],
            "hand_left_keypoints_2d": [
                269.607,
                217.588,
                0.0149796,
                269.934,
                218.404,
                0.0196688,
                269.803,
                218.306,
                0.014411,
                269.934,
                217.654,
                0.012863,
                268.922,
                217.751,
                0.00731876,
                269.868,
                218.273,
                0.00976565,
                270.162,
                218.926,
                0.00786591,
                270.619,
                219.677,
                0.00706708,
                272.805,
                218.73,
                0.00374496,
                271.239,
                217.458,
                0.00898994,
                270.227,
                215.957,
                0.0047036,
                270.586,
                219.872,
                0.00549961,
                271.859,
                219.383,
                0.00230834,
                271.304,
                217.393,
                0.00838368,
                270.162,
                216.022,
                0.00580714,
                270.749,
                219.872,
                0.00707891,
                271.565,
                219.546,
                0.0045858,
                272.381,
                217.849,
                0.00811431,
                272.707,
                218.176,
                0.00610235,
                271.826,
                219.318,
                0.00588796,
                271.826,
                219.383,
                0.00397851
            ],
            "hand_right_keypoints_2d": [
                272.96,
                217.478,
                0.00973705,
                272.733,
                217.51,
                0.0125142,
                274.324,
                215.399,
                0.0121588,
                274.454,
                215.529,
                0.0115521,
                275.234,
                216.796,
                0.00718602,
                273.805,
                215.529,
                0.0126617,
                274.032,
                215.724,
                0.0149614,
                273.87,
                216.308,
                0.00988039,
                273.675,
                216.763,
                0.00507732,
                273.057,
                215.756,
                0.0203545,
                273.675,
                216.049,
                0.0171749,
                273.447,
                216.308,
                0.00914802,
                271.888,
                217.51,
                0.00418973,
                272.895,
                216.179,
                0.0268928,
                273.155,
                216.438,
                0.0165301,
                273.122,
                216.503,
                0.0108199,
                271.856,
                217.25,
                0.00667439,
                272.83,
                216.276,
                0.0149627,
                273.187,
                217.218,
                0.0104029,
                271.823,
                216.666,
                0.00911145,
                271.628,
                216.926,
                0.00701701
            ],
            "pose_keypoints_3d": [],
            "face_keypoints_3d": [],
            "hand_left_keypoints_3d": [],
            "hand_right_keypoints_3d": []
        }
    ]
}