{
    "version": 1.3,
    "people": [
        {
            "person_id": [
                -1
            ],
            "pose_keypoints_2d": [
                0,
                0,
                0,
                410.406,
                117.897,
                0.855028,
                433.873,
                118.874,
                0.817387,
                444.626,
                163.873,
                0.788965,
                442.611,
                198.112,
                0.699037,
                386.91,
                117.888,
                0.803075,
                384.938,
                158.969,
                0.841871,
                381.006,
                198.112,
                0.853548,
                419.152,
                189.294,
                0.654162,
                433.85,
                186.371,
                0.625675,
                448.534,
                259.724,
                0.792717,
                465.173,
                325.252,
                0.802215,
                403.54,
                191.239,
                0.650089,
                387.842,
                250.918,
                0.842856,
                386.833,
                310.616,
                0.817335,
                0,
                0,
                0,
                387.879,
                91.4909,
                0.234045,
                412.345,
                91.4547,
                0.34613,
                394.657,
                91.4582,
                0.901778,
                370.243,
                313.535,
                0.680064,
                371.255,
                316.415,
                0.80726,
                387.891,
                317.453,
                0.819167,
                442.658,
                335.067,
                0.680748,
                445.589,
                333.114,
                0.603363,
                471.025,
                332.149,
                0.714927
            ],
            "face_keypoints_2d": [
                0,
                0,
                0,
                0,
                0,
                0,
                0,
                0,
                0,
                0,
                0,
                0,
                0,
                0,
                0,
                0,
                0,
                0,
                0,
                0,
                0,
                0,
                0,
                0,
                0,
                0,
                0,
                0,
                0,
                0,
                0,
                0,
                0,
                0,
                0,
                0,
                0,
                0,
                0,
                0,
                0,
                0,
                0,
                0,
                0,
                0,
                0,
                0,
                0,
                0,
                0,
                0,
                0,
                0,
                0,
                0,
                0,
                0,
                0,
                0,
                0,
                0,
                0,
                0,
                0,
                0,
                0,
                0,
                0,
                0,
                0,
                0,
                0,
                0,
                0,
                0,
                0,
                0,
                0,
                0,
                0,
                0,
                0,
                0,
                0,
                0,
                0,
                0,
                0,
                0,
                0,
                0,
                0,
                0,
                0,
                0,
                0,
                0,
                0,
                0,
                0,
                0,
                0,
                0,
                0,
                0,
                0,
                0,
                0,
                0,
                0,
                0,
                0,
                0,
                0,
                0,
                0,
                0,
                0,
                0,
                0,
                0,
                0,
                0,
                0,
                0,
                0,
                0,
                0,
                0,
                0,
                0,
                0,
                0,
                0,
                0,
                0,
                0,
                0,
                0,
                0,
                0,
                0,
                0,
                0,
                0,
                0,
                0,
                0,
                0,
                0,
                0,
                0,
                0,
                0,
                0,
                0,
                0,
                0,
                0,
                0,
                0,
                0,
                0,
                0,
                0,
                0,
                0,
                0,
                0,
                0,
                0,
                0,
                0,
                0,
                0,
                0,
                0,
                0,
                0,
                0,
                0,
                0,
                0,
                0,
                0,
                0,
                0,
                0,
                0,
                0,
                0,
                0,
                0,
                0,
                0,
                0,
                0,
                0,
                0,
                0,
                0,
                0,
                0,
                0,
                0,
                0,
                0,
                0,
                0
            ],
            "hand_left_keypoints_2d": [
                380.831,
                196.758,
                0.0503812,
                379.228,
                204.294,
                0.0668409,
                379.388,
                208.944,
                0.0529766,
                378.266,
                215.358,
                0.0545466,
                368.805,
                223.055,
                0.0317309,
                380.511,
                207.662,
                0.061154,
                381.473,
                209.105,
                0.0985043,
                376.823,
                215.519,
                0.211692,
                368.484,
                223.376,
                0.0875674,
                384.038,
                208.944,
                0.0253567,
                385.001,
                215.679,
                0.0251318,
                387.887,
                216.802,
                0.0259746,
                368.805,
                223.216,
                0.0171326,
                383.237,
                206.699,
                0.0107495,
                385.802,
                215.358,
                0.0160449,
                384.199,
                221.933,
                0.0119924,
                387.887,
                220.65,
                0.0130539,
                389.49,
                214.877,
                0.00982916,
                379.709,
                208.944,
                0.0101595,
                388.849,
                214.877,
                0.0107371,
                386.283,
                221.773,
                0.00862994
            ],
            "hand_right_keypoints_2d": [
                448.226,
                207.205,
                0.0290855,
                443.304,
                202.283,
                0.056484,
                442.455,
                216.879,
                0.0260968,
                458.579,
                206.017,
                0.0142351,
                427.859,
                215.352,
                0.0155257,
                443.813,
                216.031,
                0.0192784,
                429.217,
                214.164,
                0.017875,
                424.804,
                212.806,
                0.0238394,
                427.52,
                216.709,
                0.0179744,
                430.575,
                214.333,
                0.0127035,
                452.639,
                212.636,
                0.0207417,
                453.148,
                213.654,
                0.0278916,
                448.735,
                212.806,
                0.0114911,
                447.208,
                214.673,
                0.0169744,
                453.827,
                212.636,
                0.0197228,
                455.354,
                213.654,
                0.0235335,
                455.864,
                213.654,
                0.0137587,
                446.529,
                215.352,
                0.0273318,
                451.79,
                213.994,
                0.0108653,
                459.937,
                209.072,
                0.0161922,
                458.919,
                211.618,
                0.0103717
            ],
            "pose_keypoints_3d": [],
            "face_keypoints_3d": [],
            "hand_left_keypoints_3d": [],
            "hand_right_keypoints_3d": []
        }
    ]
}