{
    "version": 1.3,
    "people": [
        {
            "person_id": [
                -1
            ],
            "pose_keypoints_2d": [
                0,
                0,
                0,
                345.786,
                155.039,
                0.840153,
                364.401,
                154.111,
                0.854325,
                374.192,
                185.382,
                0.764234,
                371.222,
                200.06,
                0.283414,
                324.312,
                155.063,
                0.846124,
                317.473,
                183.444,
                0.828555,
                317.458,
                207.903,
                0.845585,
                352.653,
                206.884,
                0.673956,
                364.404,
                205.922,
                0.713557,
                363.43,
                256.797,
                0.875118,
                374.162,
                302.789,
                0.776657,
                339.943,
                207.853,
                0.719117,
                332.121,
                253.807,
                0.875721,
                350.703,
                278.297,
                0.845031,
                0,
                0,
                0,
                0,
                0,
                0,
                348.78,
                136.441,
                0.498567,
                333.045,
                135.456,
                0.889559,
                356.599,
                304.727,
                0.627671,
                354.607,
                302.748,
                0.477934,
                356.591,
                278.301,
                0.902264,
                366.357,
                309.603,
                0.536269,
                372.214,
                308.649,
                0.533627,
                376.139,
                309.582,
                0.721075
            ],
            "face_keypoints_2d": [
                0,
                0,
                0,
                0,
                0,
                0,
                0,
                0,
                0,
                0,
                0,
                0,
                0,
                0,
                0,
                0,
                0,
                0,
                0,
                0,
                0,
                0,
                0,
                0,
                0,
                0,
                0,
                0,
                0,
                0,
                0,
                0,
                0,
                0,
                0,
                0,
                0,
                0,
                0,
                0,
                0,
                0,
                0,
                0,
                0,
                0,
                0,
                0,
                0,
                0,
                0,
                0,
                0,
                0,
                0,
                0,
                0,
                0,
                0,
                0,
                0,
                0,
                0,
                0,
                0,
                0,
                0,
                0,
                0,
                0,
                0,
                0,
                0,
                0,
                0,
                0,
                0,
                0,
                0,
                0,
                0,
                0,
                0,
                0,
                0,
                0,
                0,
                0,
                0,
                0,
                0,
                0,
                0,
                0,
                0,
                0,
                0,
                0,
                0,
                0,
                0,
                0,
                0,
                0,
                0,
                0,
                0,
                0,
                0,
                0,
                0,
                0,
                0,
                0,
                0,
                0,
                0,
                0,
                0,
                0,
                0,
                0,
                0,
                0,
                0,
                0,
                0,
                0,
                0,
                0,
                0,
                0,
                0,
                0,
                0,
                0,
                0,
                0,
                0,
                0,
                0,
                0,
                0,
                0,
                0,
                0,
                0,
                0,
                0,
                0,
                0,
                0,
                0,
                0,
                0,
                0,
                0,
                0,
                0,
                0,
                0,
                0,
                0,
                0,
                0,
                0,
                0,
                0,
                0,
                0,
                0,
                0,
                0,
                0,
                0,
                0,
                0,
                0,
                0,
                0,
                0,
                0,
                0,
                0,
                0,
                0,
                0,
                0,
                0,
                0,
                0,
                0,
                0,
                0,
                0,
                0,
                0,
                0,
                0,
                0,
                0,
                0,
                0,
                0,
                0,
                0,
                0,
                0,
                0,
                0
            ],
            "hand_left_keypoints_2d": [
                321.416,
                227.219,
                0.0307873,
                320.881,
                223.042,
                0.0462728,
                320.667,
                223.257,
                0.0246202,
                315.954,
                219.08,
                0.0265855,
                315.098,
                218.759,
                0.0150292,
                316.276,
                210.191,
                0.00915214,
                314.776,
                213.939,
                0.00702577,
                314.562,
                213.083,
                0.00729886,
                318.096,
                225.827,
                0.00537962,
                317.454,
                215.974,
                0.00616094,
                315.419,
                213.618,
                0.00296241,
                314.669,
                213.083,
                0.00470765,
                313.598,
                229.575,
                0.0027048,
                314.883,
                213.939,
                0.00560999,
                315.526,
                213.404,
                0.00373685,
                319.596,
                216.081,
                0.00540557,
                318.739,
                224.327,
                0.0031218,
                321.416,
                222.186,
                0.00684777,
                315.419,
                213.083,
                0.00704965,
                314.991,
                213.832,
                0.00561291,
                318.739,
                224.649,
                0.00413818
            ],
            "hand_right_keypoints_2d": [
                366.997,
                196.849,
                0.0216513,
                373.488,
                206.947,
                0.018797,
                373.368,
                205.624,
                0.0256847,
                372.046,
                206.226,
                0.0155872,
                370.363,
                205.985,
                0.00743531,
                372.647,
                206.827,
                0.0308082,
                373.128,
                206.706,
                0.0119057,
                368.68,
                206.947,
                0.00937224,
                367.598,
                206.226,
                0.00612525,
                372.767,
                206.947,
                0.013297,
                371.805,
                211.274,
                0.00804803,
                368.56,
                207.307,
                0.00713798,
                367.959,
                206.466,
                0.00395746,
                372.887,
                206.466,
                0.0127364,
                367.959,
                208.63,
                0.00883748,
                368.68,
                206.466,
                0.00830364,
                368.439,
                205.865,
                0.00436417,
                372.527,
                206.226,
                0.0128499,
                372.527,
                206.226,
                0.00900665,
                369.401,
                205.384,
                0.00740175,
                367.838,
                205.384,
                0.00493214
            ],
            "pose_keypoints_3d": [],
            "face_keypoints_3d": [],
            "hand_left_keypoints_3d": [],
            "hand_right_keypoints_3d": []
        }
    ]
}