{
    "version": 1.3,
    "people": [
        {
            "person_id": [
                -1
            ],
            "pose_keypoints_2d": [
                0,
                0,
                0,
                408.399,
                119.854,
                0.83111,
                429.942,
                120.766,
                0.790055,
                441.711,
                163.868,
                0.83546,
                437.756,
                194.189,
                0.517277,
                383.967,
                119.846,
                0.792484,
                380.073,
                159.971,
                0.898632,
                379.04,
                200.027,
                0.880758,
                416.219,
                190.284,
                0.612812,
                429.929,
                189.28,
                0.590677,
                443.661,
                255.832,
                0.788185,
                465.163,
                323.279,
                0.786694,
                401.525,
                191.266,
                0.627135,
                385.905,
                251.907,
                0.804041,
                386.862,
                311.568,
                0.803974,
                0,
                0,
                0,
                384.918,
                92.4738,
                0.109969,
                410.372,
                94.41,
                0.545748,
                388.871,
                92.4516,
                0.870081,
                371.225,
                314.478,
                0.674965,
                372.207,
                316.42,
                0.788045,
                388.839,
                317.458,
                0.781355,
                444.608,
                335.065,
                0.673494,
                448.506,
                333.104,
                0.636172,
                471.031,
                329.168,
                0.681437
            ],
            "face_keypoints_2d": [
                0,
                0,
                0,
                0,
                0,
                0,
                0,
                0,
                0,
                0,
                0,
                0,
                0,
                0,
                0,
                0,
                0,
                0,
                0,
                0,
                0,
                0,
                0,
                0,
                0,
                0,
                0,
                0,
                0,
                0,
                0,
                0,
                0,
                0,
                0,
                0,
                0,
                0,
                0,
                0,
                0,
                0,
                0,
                0,
                0,
                0,
                0,
                0,
                0,
                0,
                0,
                0,
                0,
                0,
                0,
                0,
                0,
                0,
                0,
                0,
                0,
                0,
                0,
                0,
                0,
                0,
                0,
                0,
                0,
                0,
                0,
                0,
                0,
                0,
                0,
                0,
                0,
                0,
                0,
                0,
                0,
                0,
                0,
                0,
                0,
                0,
                0,
                0,
                0,
                0,
                0,
                0,
                0,
                0,
                0,
                0,
                0,
                0,
                0,
                0,
                0,
                0,
                0,
                0,
                0,
                0,
                0,
                0,
                0,
                0,
                0,
                0,
                0,
                0,
                0,
                0,
                0,
                0,
                0,
                0,
                0,
                0,
                0,
                0,
                0,
                0,
                0,
                0,
                0,
                0,
                0,
                0,
                0,
                0,
                0,
                0,
                0,
                0,
                0,
                0,
                0,
                0,
                0,
                0,
                0,
                0,
                0,
                0,
                0,
                0,
                0,
                0,
                0,
                0,
                0,
                0,
                0,
                0,
                0,
                0,
                0,
                0,
                0,
                0,
                0,
                0,
                0,
                0,
                0,
                0,
                0,
                0,
                0,
                0,
                0,
                0,
                0,
                0,
                0,
                0,
                0,
                0,
                0,
                0,
                0,
                0,
                0,
                0,
                0,
                0,
                0,
                0,
                0,
                0,
                0,
                0,
                0,
                0,
                0,
                0,
                0,
                0,
                0,
                0,
                0,
                0,
                0,
                0,
                0,
                0
            ],
            "hand_left_keypoints_2d": [
                377.883,
                199.852,
                0.0253256,
                376.74,
                205.896,
                0.0262975,
                369.227,
                207.692,
                0.0245972,
                369.39,
                215.695,
                0.0366924,
                369.88,
                222.881,
                0.0612217,
                370.37,
                216.185,
                0.0306513,
                369.227,
                212.265,
                0.0653265,
                368.9,
                215.368,
                0.0789421,
                370.207,
                223.861,
                0.03104,
                372.657,
                216.022,
                0.0223127,
                381.15,
                215.532,
                0.0262965,
                384.58,
                216.185,
                0.0210142,
                385.886,
                225.005,
                0.0116538,
                371.84,
                217.818,
                0.0135291,
                380.66,
                216.022,
                0.018577,
                375.107,
                218.962,
                0.0127946,
                385.723,
                224.841,
                0.0111375,
                368.084,
                209.815,
                0.0142755,
                370.697,
                209.652,
                0.0160434,
                385.723,
                224.515,
                0.0113886,
                385.723,
                224.678,
                0.0106053
            ],
            "hand_right_keypoints_2d": [
                442.515,
                213.045,
                0.0979806,
                440.384,
                205.997,
                0.0279592,
                426.78,
                202.228,
                0.0349945,
                425.305,
                203.211,
                0.0199539,
                423.174,
                215.34,
                0.016762,
                426.78,
                214.521,
                0.0333649,
                425.141,
                203.539,
                0.020914,
                420.715,
                213.045,
                0.0230281,
                424.649,
                216.324,
                0.018972,
                426.616,
                214.029,
                0.0214689,
                425.633,
                213.865,
                0.0180929,
                421.207,
                211.57,
                0.0177932,
                424.977,
                215.176,
                0.0156953,
                426.78,
                214.193,
                0.0198862,
                426.452,
                208.128,
                0.0138451,
                426.452,
                214.684,
                0.0112483,
                421.043,
                211.079,
                0.0084968,
                426.616,
                214.848,
                0.0121402,
                426.616,
                215.176,
                0.00914223,
                426.616,
                215.34,
                0.00835833,
                440.22,
                211.079,
                0.00781685
            ],
            "pose_keypoints_3d": [],
            "face_keypoints_3d": [],
            "hand_left_keypoints_3d": [],
            "hand_right_keypoints_3d": []
        }
    ]
}