{
    "version": 1.3,
    "people": [
        {
            "person_id": [
                -1
            ],
            "pose_keypoints_2d": [
                0,
                0,
                0,
                339.979,
                161.927,
                0.916128,
                358.512,
                161.924,
                0.837572,
                369.258,
                190.237,
                0.801399,
                364.351,
                213.754,
                0.855093,
                323.272,
                161.931,
                0.843071,
                315.459,
                190.265,
                0.848259,
                317.407,
                214.713,
                0.857846,
                340.887,
                206.927,
                0.822742,
                351.673,
                206.924,
                0.739139,
                347.769,
                246.995,
                0.86284,
                341.898,
                286.163,
                0.841572,
                331.109,
                206.929,
                0.757779,
                332.12,
                253.805,
                0.871102,
                348.731,
                247.045,
                0.67883,
                0,
                0,
                0,
                0,
                0,
                0,
                347.799,
                143.331,
                0.809376,
                333.06,
                143.32,
                0.818925,
                363.401,
                254.852,
                0.282899,
                361.442,
                253.881,
                0.336206,
                354.615,
                243.1,
                0.560733,
                339.892,
                289.064,
                0.622178,
                341.901,
                290.031,
                0.590711,
                340.968,
                291.987,
                0.842373
            ],
            "face_keypoints_2d": [
                0,
                0,
                0,
                0,
                0,
                0,
                0,
                0,
                0,
                0,
                0,
                0,
                0,
                0,
                0,
                0,
                0,
                0,
                0,
                0,
                0,
                0,
                0,
                0,
                0,
                0,
                0,
                0,
                0,
                0,
                0,
                0,
                0,
                0,
                0,
                0,
                0,
                0,
                0,
                0,
                0,
                0,
                0,
                0,
                0,
                0,
                0,
                0,
                0,
                0,
                0,
                0,
                0,
                0,
                0,
                0,
                0,
                0,
                0,
                0,
                0,
                0,
                0,
                0,
                0,
                0,
                0,
                0,
                0,
                0,
                0,
                0,
                0,
                0,
                0,
                0,
                0,
                0,
                0,
                0,
                0,
                0,
                0,
                0,
                0,
                0,
                0,
                0,
                0,
                0,
                0,
                0,
                0,
                0,
                0,
                0,
                0,
                0,
                0,
                0,
                0,
                0,
                0,
                0,
                0,
                0,
                0,
                0,
                0,
                0,
                0,
                0,
                0,
                0,
                0,
                0,
                0,
                0,
                0,
                0,
                0,
                0,
                0,
                0,
                0,
                0,
                0,
                0,
                0,
                0,
                0,
                0,
                0,
                0,
                0,
                0,
                0,
                0,
                0,
                0,
                0,
                0,
                0,
                0,
                0,
                0,
                0,
                0,
                0,
                0,
                0,
                0,
                0,
                0,
                0,
                0,
                0,
                0,
                0,
                0,
                0,
                0,
                0,
                0,
                0,
                0,
                0,
                0,
                0,
                0,
                0,
                0,
                0,
                0,
                0,
                0,
                0,
                0,
                0,
                0,
                0,
                0,
                0,
                0,
                0,
                0,
                0,
                0,
                0,
                0,
                0,
                0,
                0,
                0,
                0,
                0,
                0,
                0,
                0,
                0,
                0,
                0,
                0,
                0,
                0,
                0,
                0,
                0,
                0,
                0
            ],
            "hand_left_keypoints_2d": [
                318.697,
                223.104,
                0.0228217,
                323.872,
                228.172,
                0.0212521,
                316.109,
                217.389,
                0.0226929,
                320.638,
                227.417,
                0.0208282,
                321.393,
                227.201,
                0.0302881,
                321.716,
                225.8,
                0.0354513,
                321.608,
                226.015,
                0.0349721,
                323.01,
                226.662,
                0.0575018,
                322.039,
                227.525,
                0.0357896,
                322.686,
                225.8,
                0.0221665,
                325.274,
                225.692,
                0.0227577,
                324.088,
                226.878,
                0.0277597,
                322.686,
                228.28,
                0.0122291,
                321.932,
                225.584,
                0.0231965,
                325.49,
                226.015,
                0.0217424,
                325.49,
                226.339,
                0.0184967,
                323.765,
                227.417,
                0.0100315,
                322.471,
                226.662,
                0.0131054,
                326.029,
                226.554,
                0.0207501,
                324.951,
                226.77,
                0.0281978,
                325.598,
                226.662,
                0.0151612
            ],
            "hand_right_keypoints_2d": [
                364.286,
                224.069,
                0.0219862,
                364.842,
                214.071,
                0.0153715,
                363.62,
                215.737,
                0.0141609,
                360.398,
                211.516,
                0.0172719,
                358.621,
                219.07,
                0.0165567,
                362.398,
                212.849,
                0.026491,
                361.62,
                211.405,
                0.0168243,
                359.843,
                220.959,
                0.024355,
                359.62,
                215.515,
                0.0261832,
                362.398,
                217.07,
                0.0131902,
                359.732,
                218.737,
                0.0152369,
                359.732,
                220.959,
                0.0254084,
                359.398,
                219.514,
                0.0156199,
                362.509,
                217.515,
                0.0148156,
                359.62,
                218.181,
                0.0131474,
                359.62,
                221.736,
                0.0156276,
                359.62,
                223.514,
                0.0168601,
                363.509,
                211.96,
                0.0124233,
                363.175,
                211.405,
                0.00986384,
                359.843,
                222.625,
                0.0132785,
                359.62,
                223.403,
                0.0125909
            ],
            "pose_keypoints_3d": [],
            "face_keypoints_3d": [],
            "hand_left_keypoints_3d": [],
            "hand_right_keypoints_3d": []
        }
    ]
}