{
    "version": 1.3,
    "people": [
        {
            "person_id": [
                -1
            ],
            "pose_keypoints_2d": [
                0,
                0,
                0,
                330.163,
                161.904,
                0.876731,
                341.918,
                161.925,
                0.859124,
                361.46,
                175.549,
                0.809014,
                375.169,
                183.429,
                0.818896,
                316.47,
                160.971,
                0.898129,
                300.821,
                174.611,
                0.737243,
                293.008,
                176.607,
                0.291935,
                327.238,
                201.024,
                0.766798,
                336.032,
                201.048,
                0.745137,
                337.987,
                228.421,
                0.619045,
                335.05,
                248.014,
                0.454322,
                319.377,
                200.094,
                0.778969,
                323.283,
                224.5,
                0.61908,
                324.237,
                246.034,
                0.527199,
                0,
                0,
                0,
                0,
                0,
                0,
                335.072,
                148.222,
                0.76106,
                324.264,
                147.253,
                0.808685,
                323.323,
                247.033,
                0.335343,
                323.311,
                247.017,
                0.353705,
                324.241,
                247.971,
                0.478462,
                337.01,
                249.942,
                0.235441,
                339.893,
                252.857,
                0.270708,
                334.059,
                251.881,
                0.411138
            ],
            "face_keypoints_2d": [
                0,
                0,
                0,
                0,
                0,
                0,
                0,
                0,
                0,
                0,
                0,
                0,
                0,
                0,
                0,
                0,
                0,
                0,
                0,
                0,
                0,
                0,
                0,
                0,
                0,
                0,
                0,
                0,
                0,
                0,
                0,
                0,
                0,
                0,
                0,
                0,
                0,
                0,
                0,
                0,
                0,
                0,
                0,
                0,
                0,
                0,
                0,
                0,
                0,
                0,
                0,
                0,
                0,
                0,
                0,
                0,
                0,
                0,
                0,
                0,
                0,
                0,
                0,
                0,
                0,
                0,
                0,
                0,
                0,
                0,
                0,
                0,
                0,
                0,
                0,
                0,
                0,
                0,
                0,
                0,
                0,
                0,
                0,
                0,
                0,
                0,
                0,
                0,
                0,
                0,
                0,
                0,
                0,
                0,
                0,
                0,
                0,
                0,
                0,
                0,
                0,
                0,
                0,
                0,
                0,
                0,
                0,
                0,
                0,
                0,
                0,
                0,
                0,
                0,
                0,
                0,
                0,
                0,
                0,
                0,
                0,
                0,
                0,
                0,
                0,
                0,
                0,
                0,
                0,
                0,
                0,
                0,
                0,
                0,
                0,
                0,
                0,
                0,
                0,
                0,
                0,
                0,
                0,
                0,
                0,
                0,
                0,
                0,
                0,
                0,
                0,
                0,
                0,
                0,
                0,
                0,
                0,
                0,
                0,
                0,
                0,
                0,
                0,
                0,
                0,
                0,
                0,
                0,
                0,
                0,
                0,
                0,
                0,
                0,
                0,
                0,
                0,
                0,
                0,
                0,
                0,
                0,
                0,
                0,
                0,
                0,
                0,
                0,
                0,
                0,
                0,
                0,
                0,
                0,
                0,
                0,
                0,
                0,
                0,
                0,
                0,
                0,
                0,
                0,
                0,
                0,
                0,
                0,
                0,
                0
            ],
            "hand_left_keypoints_2d": [
                287.384,
                171.402,
                0.0361591,
                285.404,
                171.097,
                0.0301559,
                289.059,
                174.067,
                0.0494654,
                292.258,
                173.915,
                0.0265862,
                292.486,
                174.296,
                0.0128965,
                289.059,
                173.839,
                0.0262473,
                285.404,
                177.875,
                0.0131577,
                291.648,
                174.372,
                0.0345604,
                285.937,
                178.18,
                0.0134464,
                284.033,
                177.113,
                0.0136042,
                284.718,
                177.799,
                0.0180155,
                285.404,
                179.246,
                0.0396787,
                283.576,
                178.713,
                0.0201037,
                283.804,
                177.494,
                0.0168659,
                284.033,
                177.799,
                0.0190267,
                284.033,
                180.388,
                0.0205367,
                283.5,
                178.637,
                0.0196618,
                283.957,
                177.647,
                0.00899189,
                282.891,
                180.997,
                0.0154982,
                282.891,
                180.845,
                0.0264442,
                282.967,
                180.921,
                0.0153353
            ],
            "hand_right_keypoints_2d": [
                381.615,
                183.232,
                0.00937737,
                380.042,
                182.708,
                0.00414514,
                379.255,
                182.446,
                0.00423784,
                378.643,
                177.814,
                0.00322236,
                378.381,
                181.048,
                0.00073621,
                380.129,
                182.708,
                0.00324316,
                381.527,
                181.397,
                0.00304444,
                385.635,
                182.795,
                0.0029164,
                378.294,
                180.873,
                0.00153388,
                380.217,
                182.795,
                0.00323918,
                385.46,
                185.155,
                0.00133137,
                385.285,
                185.242,
                0.00236726,
                384.936,
                187.165,
                0.000436094,
                384.849,
                187.34,
                0.00309705,
                385.198,
                186.816,
                0.00223766,
                385.198,
                185.679,
                0.00308722,
                385.198,
                185.242,
                0.00112793,
                384.761,
                187.165,
                0.0042993,
                384.936,
                187.165,
                0.00397181,
                384.936,
                186.99,
                0.00345802,
                384.849,
                187.078,
                0.00178363
            ],
            "pose_keypoints_3d": [],
            "face_keypoints_3d": [],
            "hand_left_keypoints_3d": [],
            "hand_right_keypoints_3d": []
        }
    ]
}