{
    "version": 1.3,
    "people": [
        {
            "person_id": [
                -1
            ],
            "pose_keypoints_2d": [
                0,
                0,
                0,
                324.294,
                186.372,
                0.792498,
                333.081,
                185.392,
                0.764034,
                338.958,
                201.041,
                0.530847,
                334.101,
                214.731,
                0.203359,
                314.51,
                188.312,
                0.691042,
                302.783,
                185.394,
                0.359415,
                302.772,
                176.616,
                0.282766,
                324.32,
                223.504,
                0.782645,
                332.085,
                222.578,
                0.757126,
                329.181,
                251.895,
                0.797761,
                326.272,
                275.358,
                0.78417,
                317.457,
                223.509,
                0.778951,
                317.444,
                250.91,
                0.822174,
                318.439,
                274.403,
                0.777219,
                0,
                0,
                0,
                0,
                0,
                0,
                329.184,
                175.553,
                0.338049,
                317.43,
                175.636,
                0.359306,
                319.381,
                278.315,
                0.498372,
                317.44,
                278.292,
                0.550133,
                318.436,
                277.351,
                0.741164,
                326.238,
                278.324,
                0.477639,
                330.158,
                278.306,
                0.501565,
                326.254,
                277.346,
                0.775734
            ],
            "face_keypoints_2d": [
                0,
                0,
                0,
                0,
                0,
                0,
                0,
                0,
                0,
                0,
                0,
                0,
                0,
                0,
                0,
                0,
                0,
                0,
                0,
                0,
                0,
                0,
                0,
                0,
                0,
                0,
                0,
                0,
                0,
                0,
                0,
                0,
                0,
                0,
                0,
                0,
                0,
                0,
                0,
                0,
                0,
                0,
                0,
                0,
                0,
                0,
                0,
                0,
                0,
                0,
                0,
                0,
                0,
                0,
                0,
                0,
                0,
                0,
                0,
                0,
                0,
                0,
                0,
                0,
                0,
                0,
                0,
                0,
                0,
                0,
                0,
                0,
                0,
                0,
                0,
                0,
                0,
                0,
                0,
                0,
                0,
                0,
                0,
                0,
                0,
                0,
                0,
                0,
                0,
                0,
                0,
                0,
                0,
                0,
                0,
                0,
                0,
                0,
                0,
                0,
                0,
                0,
                0,
                0,
                0,
                0,
                0,
                0,
                0,
                0,
                0,
                0,
                0,
                0,
                0,
                0,
                0,
                0,
                0,
                0,
                0,
                0,
                0,
                0,
                0,
                0,
                0,
                0,
                0,
                0,
                0,
                0,
                0,
                0,
                0,
                0,
                0,
                0,
                0,
                0,
                0,
                0,
                0,
                0,
                0,
                0,
                0,
                0,
                0,
                0,
                0,
                0,
                0,
                0,
                0,
                0,
                0,
                0,
                0,
                0,
                0,
                0,
                0,
                0,
                0,
                0,
                0,
                0,
                0,
                0,
                0,
                0,
                0,
                0,
                0,
                0,
                0,
                0,
                0,
                0,
                0,
                0,
                0,
                0,
                0,
                0,
                0,
                0,
                0,
                0,
                0,
                0,
                0,
                0,
                0,
                0,
                0,
                0,
                0,
                0,
                0,
                0,
                0,
                0,
                0,
                0,
                0,
                0,
                0,
                0
            ],
            "hand_left_keypoints_2d": [
                303.3,
                171.414,
                0.0186329,
                304.053,
                173.541,
                0.0100411,
                303.522,
                172.433,
                0.00578277,
                303.522,
                172.256,
                0.00512458,
                304.053,
                173.719,
                0.00390759,
                303.655,
                172.921,
                0.00342995,
                301.748,
                171.281,
                0.00487772,
                302.99,
                173.541,
                0.00599073,
                302.99,
                173.63,
                0.00500464,
                302.014,
                173.541,
                0.00209719,
                302.546,
                173.807,
                0.00227082,
                302.812,
                173.852,
                0.00508707,
                302.635,
                173.896,
                0.00380654,
                302.236,
                173.719,
                0.00212186,
                302.502,
                173.852,
                0.00314671,
                302.591,
                173.94,
                0.00579221,
                302.546,
                174.206,
                0.00494203,
                303.699,
                173.143,
                0.00263049,
                301.615,
                171.015,
                0.00440435,
                302.857,
                173.852,
                0.00505154,
                303.655,
                173.541,
                0.00396105
            ],
            "hand_right_keypoints_2d": [
                333.479,
                215.385,
                0.0159816,
                337.587,
                217.409,
                0.0161114,
                337.158,
                216.979,
                0.0146716,
                337.342,
                216.55,
                0.013184,
                337.649,
                216.489,
                0.0103127,
                336.913,
                216.305,
                0.029056,
                337.465,
                216.489,
                0.0165561,
                337.281,
                216.489,
                0.0200439,
                337.281,
                216.489,
                0.00820862,
                336.79,
                216.795,
                0.0113348,
                336.729,
                214.894,
                0.0128207,
                336.668,
                214.649,
                0.00665116,
                337.22,
                216.489,
                0.00420859,
                337.158,
                215.998,
                0.00942168,
                336.729,
                214.833,
                0.00868333,
                333.295,
                222.008,
                0.00739427,
                333.172,
                222.253,
                0.005023,
                333.847,
                221.64,
                0.0103713,
                335.625,
                222.314,
                0.00827486,
                333.356,
                222.253,
                0.00806536,
                333.234,
                222.376,
                0.00660816
            ],
            "pose_keypoints_3d": [],
            "face_keypoints_3d": [],
            "hand_left_keypoints_3d": [],
            "hand_right_keypoints_3d": []
        }
    ]
}