{
    "version": 1.3,
    "people": [
        {
            "person_id": [
                -1
            ],
            "pose_keypoints_2d": [
                0,
                0,
                0,
                341.931,
                167.731,
                0.874187,
                362.414,
                167.762,
                0.878087,
                366.368,
                195.161,
                0.802002,
                352.654,
                199.071,
                0.515869,
                325.261,
                166.776,
                0.868549,
                309.627,
                183.44,
                0.893789,
                301.815,
                204.92,
                0.78474,
                340.964,
                211.781,
                0.776906,
                353.617,
                212.768,
                0.703283,
                355.529,
                254.862,
                0.804169,
                354.61,
                291.015,
                0.802614,
                332.119,
                210.829,
                0.761451,
                331.146,
                238.227,
                0.799484,
                337.972,
                259.704,
                0.75428,
                0,
                0,
                0,
                0,
                0,
                0,
                349.743,
                146.28,
                0.713637,
                334.087,
                147.219,
                0.784777,
                335.051,
                277.3,
                0.651377,
                333.078,
                274.379,
                0.657402,
                340.9,
                261.631,
                0.78787,
                355.552,
                296.886,
                0.5866,
                357.544,
                295.925,
                0.674148,
                353.633,
                293.976,
                0.751857
            ],
            "face_keypoints_2d": [
                0,
                0,
                0,
                0,
                0,
                0,
                0,
                0,
                0,
                0,
                0,
                0,
                0,
                0,
                0,
                0,
                0,
                0,
                0,
                0,
                0,
                0,
                0,
                0,
                0,
                0,
                0,
                0,
                0,
                0,
                0,
                0,
                0,
                0,
                0,
                0,
                0,
                0,
                0,
                0,
                0,
                0,
                0,
                0,
                0,
                0,
                0,
                0,
                0,
                0,
                0,
                0,
                0,
                0,
                0,
                0,
                0,
                0,
                0,
                0,
                0,
                0,
                0,
                0,
                0,
                0,
                0,
                0,
                0,
                0,
                0,
                0,
                0,
                0,
                0,
                0,
                0,
                0,
                0,
                0,
                0,
                0,
                0,
                0,
                0,
                0,
                0,
                0,
                0,
                0,
                0,
                0,
                0,
                0,
                0,
                0,
                0,
                0,
                0,
                0,
                0,
                0,
                0,
                0,
                0,
                0,
                0,
                0,
                0,
                0,
                0,
                0,
                0,
                0,
                0,
                0,
                0,
                0,
                0,
                0,
                0,
                0,
                0,
                0,
                0,
                0,
                0,
                0,
                0,
                0,
                0,
                0,
                0,
                0,
                0,
                0,
                0,
                0,
                0,
                0,
                0,
                0,
                0,
                0,
                0,
                0,
                0,
                0,
                0,
                0,
                0,
                0,
                0,
                0,
                0,
                0,
                0,
                0,
                0,
                0,
                0,
                0,
                0,
                0,
                0,
                0,
                0,
                0,
                0,
                0,
                0,
                0,
                0,
                0,
                0,
                0,
                0,
                0,
                0,
                0,
                0,
                0,
                0,
                0,
                0,
                0,
                0,
                0,
                0,
                0,
                0,
                0,
                0,
                0,
                0,
                0,
                0,
                0,
                0,
                0,
                0,
                0,
                0,
                0,
                0,
                0,
                0,
                0,
                0,
                0
            ],
            "hand_left_keypoints_2d": [
                294.02,
                206.232,
                0.0188466,
                293.181,
                207.164,
                0.0216822,
                292.995,
                207.071,
                0.0132147,
                292.995,
                207.909,
                0.0137025,
                293.181,
                210.332,
                0.0155598,
                293.74,
                211.17,
                0.0166939,
                298.305,
                212.94,
                0.0154634,
                298.771,
                214.617,
                0.0132114,
                298.957,
                214.99,
                0.00977337,
                297.467,
                213.127,
                0.00926523,
                298.864,
                213.686,
                0.0167614,
                298.678,
                214.897,
                0.0157594,
                298.864,
                215.363,
                0.00645309,
                297.467,
                214.338,
                0.00828351,
                299.33,
                213.965,
                0.0121491,
                299.144,
                214.245,
                0.010361,
                300.075,
                213.779,
                0.00605489,
                297.746,
                215.363,
                0.008396,
                297.933,
                215.456,
                0.0085489,
                299.61,
                214.524,
                0.0087613,
                300.169,
                214.058,
                0.00648901
            ],
            "hand_right_keypoints_2d": [
                350.871,
                203.814,
                0.0250356,
                350.363,
                201.479,
                0.0539614,
                356.151,
                200.971,
                0.0547159,
                358.589,
                205.439,
                0.111888,
                359.706,
                208.892,
                0.0192881,
                355.847,
                201.377,
                0.0274443,
                358.182,
                206.455,
                0.0150023,
                355.847,
                208.79,
                0.0130466,
                357.675,
                209.704,
                0.00963206,
                354.73,
                201.174,
                0.0121298,
                354.425,
                207.572,
                0.0117457,
                354.323,
                207.978,
                0.00879206,
                353.409,
                207.978,
                0.00708429,
                354.323,
                201.073,
                0.00910028,
                354.526,
                207.673,
                0.0102182,
                354.526,
                208.181,
                0.0103698,
                351.886,
                207.47,
                0.00768493,
                347.722,
                200.666,
                0.0114293,
                356.964,
                201.073,
                0.0108799,
                356.557,
                208.994,
                0.00959488,
                356.659,
                209.197,
                0.00762837
            ],
            "pose_keypoints_3d": [],
            "face_keypoints_3d": [],
            "hand_left_keypoints_3d": [],
            "hand_right_keypoints_3d": []
        }
    ]
}