{
    "version": 1.3,
    "people": [
        {
            "person_id": [
                -1
            ],
            "pose_keypoints_2d": [
                0,
                0,
                0,
                369.289,
                120.848,
                0.893687,
                389.824,
                120.77,
                0.821907,
                410.321,
                153.086,
                0.888949,
                419.202,
                191.225,
                0.848647,
                346.757,
                121.824,
                0.835463,
                340.896,
                164.85,
                0.850497,
                340.879,
                198.08,
                0.49306,
                380.057,
                184.406,
                0.677261,
                394.69,
                183.408,
                0.655333,
                387.828,
                246.066,
                0.856432,
                388.85,
                297.869,
                0.688262,
                368.283,
                185.397,
                0.62032,
                372.214,
                247.991,
                0.819079,
                391.777,
                302.746,
                0.789346,
                0,
                0,
                0,
                0,
                0,
                0,
                371.24,
                98.3277,
                0.779407,
                351.664,
                99.3089,
                0.837184,
                379.079,
                318.427,
                0.759751,
                382.964,
                318.399,
                0.749727,
                395.732,
                308.646,
                0.789602,
                376.135,
                317.438,
                0.173072,
                379.083,
                314.499,
                0.213504,
                394.692,
                302.776,
                0.228943
            ],
            "face_keypoints_2d": [
                0,
                0,
                0,
                0,
                0,
                0,
                0,
                0,
                0,
                0,
                0,
                0,
                0,
                0,
                0,
                0,
                0,
                0,
                0,
                0,
                0,
                0,
                0,
                0,
                0,
                0,
                0,
                0,
                0,
                0,
                0,
                0,
                0,
                0,
                0,
                0,
                0,
                0,
                0,
                0,
                0,
                0,
                0,
                0,
                0,
                0,
                0,
                0,
                0,
                0,
                0,
                0,
                0,
                0,
                0,
                0,
                0,
                0,
                0,
                0,
                0,
                0,
                0,
                0,
                0,
                0,
                0,
                0,
                0,
                0,
                0,
                0,
                0,
                0,
                0,
                0,
                0,
                0,
                0,
                0,
                0,
                0,
                0,
                0,
                0,
                0,
                0,
                0,
                0,
                0,
                0,
                0,
                0,
                0,
                0,
                0,
                0,
                0,
                0,
                0,
                0,
                0,
                0,
                0,
                0,
                0,
                0,
                0,
                0,
                0,
                0,
                0,
                0,
                0,
                0,
                0,
                0,
                0,
                0,
                0,
                0,
                0,
                0,
                0,
                0,
                0,
                0,
                0,
                0,
                0,
                0,
                0,
                0,
                0,
                0,
                0,
                0,
                0,
                0,
                0,
                0,
                0,
                0,
                0,
                0,
                0,
                0,
                0,
                0,
                0,
                0,
                0,
                0,
                0,
                0,
                0,
                0,
                0,
                0,
                0,
                0,
                0,
                0,
                0,
                0,
                0,
                0,
                0,
                0,
                0,
                0,
                0,
                0,
                0,
                0,
                0,
                0,
                0,
                0,
                0,
                0,
                0,
                0,
                0,
                0,
                0,
                0,
                0,
                0,
                0,
                0,
                0,
                0,
                0,
                0,
                0,
                0,
                0,
                0,
                0,
                0,
                0,
                0,
                0,
                0,
                0,
                0,
                0,
                0,
                0
            ],
            "hand_left_keypoints_2d": [
                346.608,
                213.346,
                0.0207029,
                343.422,
                208.09,
                0.0220782,
                334.342,
                207.293,
                0.0277136,
                331.156,
                220.993,
                0.0225159,
                337.846,
                210.798,
                0.0215224,
                341.51,
                210.479,
                0.0325639,
                325.581,
                214.621,
                0.0313596,
                326.536,
                215.736,
                0.0377988,
                337.687,
                211.594,
                0.0110191,
                331.952,
                215.417,
                0.0115149,
                336.731,
                217.329,
                0.0144481,
                333.864,
                214.939,
                0.00811488,
                330.041,
                213.984,
                0.00514645,
                332.271,
                215.258,
                0.0101663,
                338.802,
                217.647,
                0.0111814,
                332.908,
                215.258,
                0.00886067,
                334.661,
                223.064,
                0.00608792,
                353.139,
                209.523,
                0.00929267,
                354.413,
                209.045,
                0.00981658,
                354.413,
                208.886,
                0.0112763,
                355.21,
                208.886,
                0.00785467
            ],
            "hand_right_keypoints_2d": [
                420.217,
                200.778,
                0.0210531,
                414.471,
                196.628,
                0.0181065,
                422.611,
                194.393,
                0.0187272,
                424.048,
                198.224,
                0.0156931,
                424.686,
                201.736,
                0.010472,
                424.207,
                198.863,
                0.0314791,
                422.611,
                200.778,
                0.0315451,
                425.165,
                199.82,
                0.0202169,
                424.367,
                203.491,
                0.0104853,
                420.217,
                201.736,
                0.0150358,
                418.94,
                204.13,
                0.0191602,
                418.78,
                207.801,
                0.0209529,
                418.621,
                208.28,
                0.0121669,
                418.621,
                202.374,
                0.0108825,
                417.344,
                204.449,
                0.0147039,
                417.184,
                209.238,
                0.0137584,
                418.301,
                209.078,
                0.0127639,
                410.001,
                209.397,
                0.0119712,
                410.321,
                207.003,
                0.00895481,
                411.438,
                207.003,
                0.00975487,
                411.278,
                207.003,
                0.00802632
            ],
            "pose_keypoints_3d": [],
            "face_keypoints_3d": [],
            "hand_left_keypoints_3d": [],
            "hand_right_keypoints_3d": []
        }
    ]
}