{
    "version": 1.3,
    "people": [
        {
            "person_id": [
                -1
            ],
            "pose_keypoints_2d": [
                0,
                0,
                0,
                341.883,
                167.741,
                0.887311,
                360.479,
                167.762,
                0.85988,
                366.372,
                196.142,
                0.731153,
                363.448,
                205.937,
                0.506311,
                324.306,
                166.812,
                0.864636,
                309.638,
                188.33,
                0.847166,
                306.663,
                213.72,
                0.825629,
                341.93,
                208.889,
                0.737188,
                354.622,
                210.812,
                0.740904,
                349.739,
                254.853,
                0.837231,
                348.762,
                291.019,
                0.838004,
                333.073,
                208.879,
                0.764117,
                330.15,
                246.059,
                0.661045,
                337.973,
                254.856,
                0.233684,
                0,
                0,
                0,
                0,
                0,
                0,
                350.719,
                149.166,
                0.772042,
                334.055,
                148.226,
                0.810513,
                336.988,
                262.634,
                0.178312,
                335.051,
                260.712,
                0.239234,
                338.953,
                258.746,
                0.221073,
                347.754,
                293.95,
                0.650716,
                350.691,
                293.96,
                0.652086,
                348.726,
                293.971,
                0.830828
            ],
            "face_keypoints_2d": [
                0,
                0,
                0,
                0,
                0,
                0,
                0,
                0,
                0,
                0,
                0,
                0,
                0,
                0,
                0,
                0,
                0,
                0,
                0,
                0,
                0,
                0,
                0,
                0,
                0,
                0,
                0,
                0,
                0,
                0,
                0,
                0,
                0,
                0,
                0,
                0,
                0,
                0,
                0,
                0,
                0,
                0,
                0,
                0,
                0,
                0,
                0,
                0,
                0,
                0,
                0,
                0,
                0,
                0,
                0,
                0,
                0,
                0,
                0,
                0,
                0,
                0,
                0,
                0,
                0,
                0,
                0,
                0,
                0,
                0,
                0,
                0,
                0,
                0,
                0,
                0,
                0,
                0,
                0,
                0,
                0,
                0,
                0,
                0,
                0,
                0,
                0,
                0,
                0,
                0,
                0,
                0,
                0,
                0,
                0,
                0,
                0,
                0,
                0,
                0,
                0,
                0,
                0,
                0,
                0,
                0,
                0,
                0,
                0,
                0,
                0,
                0,
                0,
                0,
                0,
                0,
                0,
                0,
                0,
                0,
                0,
                0,
                0,
                0,
                0,
                0,
                0,
                0,
                0,
                0,
                0,
                0,
                0,
                0,
                0,
                0,
                0,
                0,
                0,
                0,
                0,
                0,
                0,
                0,
                0,
                0,
                0,
                0,
                0,
                0,
                0,
                0,
                0,
                0,
                0,
                0,
                0,
                0,
                0,
                0,
                0,
                0,
                0,
                0,
                0,
                0,
                0,
                0,
                0,
                0,
                0,
                0,
                0,
                0,
                0,
                0,
                0,
                0,
                0,
                0,
                0,
                0,
                0,
                0,
                0,
                0,
                0,
                0,
                0,
                0,
                0,
                0,
                0,
                0,
                0,
                0,
                0,
                0,
                0,
                0,
                0,
                0,
                0,
                0,
                0,
                0,
                0,
                0,
                0,
                0
            ],
            "hand_left_keypoints_2d": [
                304.013,
                219.181,
                0.0468483,
                307.973,
                217.931,
                0.0613645,
                311.724,
                219.806,
                0.0212487,
                308.494,
                227.413,
                0.0151421,
                308.807,
                228.142,
                0.0155185,
                308.181,
                226.996,
                0.0260564,
                308.598,
                227.621,
                0.0293634,
                309.223,
                226.371,
                0.0449196,
                309.953,
                228.768,
                0.0243143,
                305.993,
                226.579,
                0.0119425,
                306.931,
                226.788,
                0.0212824,
                310.995,
                226.684,
                0.0172366,
                308.702,
                228.142,
                0.0127295,
                306.097,
                223.245,
                0.0129392,
                305.785,
                226.996,
                0.0152762,
                309.223,
                227.517,
                0.0130988,
                310.265,
                228.455,
                0.0105903,
                308.807,
                227.83,
                0.0124338,
                309.223,
                228.559,
                0.0126668,
                309.223,
                228.247,
                0.0129482,
                310.161,
                228.351,
                0.0108953
            ],
            "hand_right_keypoints_2d": [
                363.759,
                195.665,
                0.0127774,
                364.61,
                204.278,
                0.0146524,
                362.802,
                200.131,
                0.0278245,
                359.506,
                205.129,
                0.0309748,
                358.868,
                206.299,
                0.0287651,
                360.356,
                205.235,
                0.0241549,
                359.718,
                205.661,
                0.018058,
                356.635,
                205.235,
                0.0141823,
                359.399,
                206.937,
                0.019816,
                359.506,
                204.81,
                0.0153142,
                359.399,
                205.342,
                0.0202755,
                356.103,
                204.704,
                0.0188066,
                359.399,
                206.192,
                0.0158327,
                359.612,
                204.704,
                0.0139924,
                358.974,
                205.554,
                0.0158268,
                358.868,
                205.98,
                0.0143261,
                358.974,
                206.192,
                0.013561,
                361.42,
                199.387,
                0.0142038,
                361.42,
                199.6,
                0.0135425,
                358.761,
                206.192,
                0.0131876,
                358.655,
                206.192,
                0.0129255
            ],
            "pose_keypoints_3d": [],
            "face_keypoints_3d": [],
            "hand_left_keypoints_3d": [],
            "hand_right_keypoints_3d": []
        }
    ]
}