{
    "version": 1.3,
    "people": [
        {
            "person_id": [
                -1
            ],
            "pose_keypoints_2d": [
                295.931,
                128.615,
                0.288743,
                307.646,
                128.666,
                0.561727,
                308.626,
                128.643,
                0.483867,
                316.447,
                143.302,
                0.162781,
                317.44,
                153.078,
                0.14226,
                305.709,
                128.666,
                0.536795,
                316.439,
                142.321,
                0.353375,
                316.472,
                152.147,
                0.23365,
                332.147,
                145.299,
                0.708356,
                333.098,
                145.267,
                0.577468,
                345.798,
                167.802,
                0.484341,
                354.592,
                176.609,
                0.30502,
                332.139,
                145.304,
                0.725691,
                345.807,
                167.764,
                0.535668,
                355.577,
                176.563,
                0.392648,
                297.881,
                124.736,
                0.0909833,
                295.917,
                125.705,
                0.30269,
                299.832,
                122.764,
                0.0647296,
                299.828,
                122.791,
                0.483636,
                356.564,
                189.293,
                0.198417,
                358.518,
                187.334,
                0.211642,
                357.544,
                174.627,
                0.304409,
                358.525,
                189.297,
                0.155627,
                356.555,
                189.287,
                0.145874,
                355.588,
                176.57,
                0.251633
            ],
            "face_keypoints_2d": [
                0,
                0,
                0,
                0,
                0,
                0,
                0,
                0,
                0,
                0,
                0,
                0,
                0,
                0,
                0,
                0,
                0,
                0,
                0,
                0,
                0,
                0,
                0,
                0,
                0,
                0,
                0,
                0,
                0,
                0,
                0,
                0,
                0,
                0,
                0,
                0,
                0,
                0,
                0,
                0,
                0,
                0,
                0,
                0,
                0,
                0,
                0,
                0,
                0,
                0,
                0,
                0,
                0,
                0,
                0,
                0,
                0,
                0,
                0,
                0,
                0,
                0,
                0,
                0,
                0,
                0,
                0,
                0,
                0,
                0,
                0,
                0,
                0,
                0,
                0,
                0,
                0,
                0,
                0,
                0,
                0,
                0,
                0,
                0,
                0,
                0,
                0,
                0,
                0,
                0,
                0,
                0,
                0,
                0,
                0,
                0,
                0,
                0,
                0,
                0,
                0,
                0,
                0,
                0,
                0,
                0,
                0,
                0,
                0,
                0,
                0,
                0,
                0,
                0,
                0,
                0,
                0,
                0,
                0,
                0,
                0,
                0,
                0,
                0,
                0,
                0,
                0,
                0,
                0,
                0,
                0,
                0,
                0,
                0,
                0,
                0,
                0,
                0,
                0,
                0,
                0,
                0,
                0,
                0,
                0,
                0,
                0,
                0,
                0,
                0,
                0,
                0,
                0,
                0,
                0,
                0,
                0,
                0,
                0,
                0,
                0,
                0,
                0,
                0,
                0,
                0,
                0,
                0,
                0,
                0,
                0,
                0,
                0,
                0,
                0,
                0,
                0,
                0,
                0,
                0,
                0,
                0,
                0,
                0,
                0,
                0,
                0,
                0,
                0,
                0,
                0,
                0,
                0,
                0,
                0,
                0,
                0,
                0,
                0,
                0,
                0,
                0,
                0,
                0,
                0,
                0,
                0,
                0,
                0,
                0
            ],
            "hand_left_keypoints_2d": [
                322.408,
                156.854,
                0.0227788,
                321.134,
                153.988,
                0.0150705,
                319.86,
                155.007,
                0.0114325,
                319.86,
                155.262,
                0.0114795,
                320.114,
                160.613,
                0.00652082,
                320.051,
                157.109,
                0.0183365,
                320.178,
                157.491,
                0.013341,
                320.242,
                158.065,
                0.00938547,
                321.197,
                158.702,
                0.00488469,
                320.433,
                157.109,
                0.0100527,
                319.987,
                157.237,
                0.00710915,
                322.472,
                158.192,
                0.00880658,
                321.771,
                158.829,
                0.00378612,
                320.497,
                157.491,
                0.0080287,
                322.472,
                157.555,
                0.00764381,
                322.535,
                158.129,
                0.00750695,
                322.472,
                158.638,
                0.0060729,
                323.109,
                157.619,
                0.00698964,
                318.84,
                158.511,
                0.00616661,
                322.599,
                158.192,
                0.00670722,
                322.79,
                158.32,
                0.00512928
            ],
            "hand_right_keypoints_2d": [
                322.766,
                156.67,
                0.0255695,
                321.303,
                158.437,
                0.0234603,
                325.63,
                157.889,
                0.0229151,
                320.084,
                155.572,
                0.0167662,
                319.413,
                156.548,
                0.00969424,
                319.291,
                153.805,
                0.00950953,
                319.291,
                153.134,
                0.0085086,
                322.095,
                152.647,
                0.00763796,
                319.657,
                157.157,
                0.00545526,
                321.486,
                155.572,
                0.00932785,
                318.987,
                153.134,
                0.00848028,
                326.24,
                158.498,
                0.00586654,
                319.718,
                157.34,
                0.00358575,
                321.79,
                155.877,
                0.0102656,
                318.926,
                153.256,
                0.00995199,
                323.741,
                155.207,
                0.00836594,
                319.84,
                157.096,
                0.0067993,
                326.727,
                157.34,
                0.0091957,
                326.24,
                157.218,
                0.011743,
                319.474,
                156.974,
                0.00984619,
                319.535,
                157.035,
                0.00785087
            ],
            "pose_keypoints_3d": [],
            "face_keypoints_3d": [],
            "hand_left_keypoints_3d": [],
            "hand_right_keypoints_3d": []
        }
    ]
}