{
    "version": 1.3,
    "people": [
        {
            "person_id": [
                -1
            ],
            "pose_keypoints_2d": [
                0,
                0,
                0,
                337.957,
                159.945,
                0.880428,
                355.578,
                159.906,
                0.892381,
                370.233,
                178.527,
                0.815334,
                373.191,
                201.06,
                0.841003,
                318.398,
                159.975,
                0.888618,
                309.663,
                187.334,
                0.804539,
                322.341,
                196.122,
                0.309459,
                339.952,
                202.98,
                0.809193,
                348.748,
                201.057,
                0.765212,
                340.902,
                239.223,
                0.784913,
                338.959,
                275.39,
                0.77243,
                331.146,
                204.924,
                0.757989,
                339.932,
                242.101,
                0.793646,
                349.747,
                278.279,
                0.773262,
                0,
                0,
                0,
                0,
                0,
                0,
                343.853,
                142.352,
                0.734365,
                331.098,
                142.344,
                0.813956,
                347.751,
                286.146,
                0.501784,
                347.734,
                286.115,
                0.609842,
                352.669,
                283.202,
                0.680359,
                331.109,
                278.311,
                0.510664,
                333.098,
                278.28,
                0.488125,
                339.898,
                278.319,
                0.676764
            ],
            "face_keypoints_2d": [
                0,
                0,
                0,
                0,
                0,
                0,
                0,
                0,
                0,
                0,
                0,
                0,
                0,
                0,
                0,
                0,
                0,
                0,
                0,
                0,
                0,
                0,
                0,
                0,
                0,
                0,
                0,
                0,
                0,
                0,
                0,
                0,
                0,
                0,
                0,
                0,
                0,
                0,
                0,
                0,
                0,
                0,
                0,
                0,
                0,
                0,
                0,
                0,
                0,
                0,
                0,
                0,
                0,
                0,
                0,
                0,
                0,
                0,
                0,
                0,
                0,
                0,
                0,
                0,
                0,
                0,
                0,
                0,
                0,
                0,
                0,
                0,
                0,
                0,
                0,
                0,
                0,
                0,
                0,
                0,
                0,
                0,
                0,
                0,
                0,
                0,
                0,
                0,
                0,
                0,
                0,
                0,
                0,
                0,
                0,
                0,
                0,
                0,
                0,
                0,
                0,
                0,
                0,
                0,
                0,
                0,
                0,
                0,
                0,
                0,
                0,
                0,
                0,
                0,
                0,
                0,
                0,
                0,
                0,
                0,
                0,
                0,
                0,
                0,
                0,
                0,
                0,
                0,
                0,
                0,
                0,
                0,
                0,
                0,
                0,
                0,
                0,
                0,
                0,
                0,
                0,
                0,
                0,
                0,
                0,
                0,
                0,
                0,
                0,
                0,
                0,
                0,
                0,
                0,
                0,
                0,
                0,
                0,
                0,
                0,
                0,
                0,
                0,
                0,
                0,
                0,
                0,
                0,
                0,
                0,
                0,
                0,
                0,
                0,
                0,
                0,
                0,
                0,
                0,
                0,
                0,
                0,
                0,
                0,
                0,
                0,
                0,
                0,
                0,
                0,
                0,
                0,
                0,
                0,
                0,
                0,
                0,
                0,
                0,
                0,
                0,
                0,
                0,
                0,
                0,
                0,
                0,
                0,
                0,
                0
            ],
            "hand_left_keypoints_2d": [
                324.945,
                192.174,
                0.0227618,
                325.998,
                191.015,
                0.028972,
                323.259,
                203.552,
                0.0242042,
                321.152,
                207.24,
                0.0720895,
                318.307,
                209.663,
                0.165614,
                321.995,
                203.236,
                0.0308103,
                321.046,
                208.188,
                0.0470409,
                321.468,
                208.61,
                0.0988019,
                318.623,
                209.874,
                0.041123,
                322.732,
                204.606,
                0.0224596,
                324.523,
                207.661,
                0.0244872,
                323.68,
                208.926,
                0.0263064,
                325.155,
                208.61,
                0.0167276,
                323.364,
                204.184,
                0.01401,
                325.787,
                207.451,
                0.0194562,
                325.998,
                208.399,
                0.0141062,
                326.104,
                210.19,
                0.0150519,
                329.896,
                193.438,
                0.0108622,
                321.573,
                208.293,
                0.0116824,
                321.889,
                208.926,
                0.0139926,
                326.525,
                209.979,
                0.00992816
            ],
            "hand_right_keypoints_2d": [
                373.519,
                210.533,
                0.0231111,
                376.761,
                204.419,
                0.0171559,
                381.485,
                208.032,
                0.0209435,
                381.115,
                204.419,
                0.0281739,
                383.893,
                208.866,
                0.0160204,
                381.022,
                208.032,
                0.0154784,
                376.853,
                208.032,
                0.016333,
                380.651,
                207.939,
                0.0358823,
                379.725,
                203.678,
                0.00790912,
                374.26,
                207.754,
                0.0103243,
                376.853,
                208.217,
                0.0157369,
                378.428,
                203.678,
                0.0114971,
                380.003,
                203.771,
                0.00626359,
                372.315,
                208.866,
                0.0101542,
                377.039,
                208.31,
                0.0108557,
                376.946,
                208.31,
                0.00922539,
                378.891,
                210.348,
                0.00653382,
                372.315,
                209.144,
                0.00953837,
                369.999,
                209.422,
                0.0108566,
                381.115,
                208.866,
                0.0086752,
                380.373,
                209.607,
                0.00592308
            ],
            "pose_keypoints_3d": [],
            "face_keypoints_3d": [],
            "hand_left_keypoints_3d": [],
            "hand_right_keypoints_3d": []
        }
    ]
}