{
    "version": 1.3,
    "people": [
        {
            "person_id": [
                -1
            ],
            "pose_keypoints_2d": [
                348.724,
                200.059,
                0.0663565,
                343.842,
                192.222,
                0.87546,
                334.108,
                193.213,
                0.81144,
                329.183,
                205.939,
                0.748791,
                326.239,
                214.713,
                0.540585,
                353.631,
                191.233,
                0.834966,
                368.305,
                192.256,
                0.738591,
                381.014,
                199.022,
                0.721816,
                347.73,
                209.826,
                0.836998,
                340.934,
                209.856,
                0.807002,
                342.893,
                225.479,
                0.818945,
                346.752,
                246.969,
                0.867369,
                351.682,
                208.858,
                0.791966,
                355.602,
                224.543,
                0.856094,
                356.595,
                246.965,
                0.870154,
                0,
                0,
                0,
                349.737,
                201.02,
                0.0692348,
                0,
                0,
                0,
                348.751,
                199.049,
                0.138051,
                356.583,
                251.902,
                0.682728,
                360.466,
                248.983,
                0.645799,
                356.56,
                247.967,
                0.673679,
                347.73,
                252.84,
                0.749124,
                342.869,
                250.906,
                0.706355,
                347.736,
                247.05,
                0.725127
            ],
            "face_keypoints_2d": [
                0,
                0,
                0,
                0,
                0,
                0,
                0,
                0,
                0,
                0,
                0,
                0,
                0,
                0,
                0,
                0,
                0,
                0,
                0,
                0,
                0,
                0,
                0,
                0,
                0,
                0,
                0,
                0,
                0,
                0,
                0,
                0,
                0,
                0,
                0,
                0,
                0,
                0,
                0,
                0,
                0,
                0,
                0,
                0,
                0,
                0,
                0,
                0,
                0,
                0,
                0,
                0,
                0,
                0,
                0,
                0,
                0,
                0,
                0,
                0,
                0,
                0,
                0,
                0,
                0,
                0,
                0,
                0,
                0,
                0,
                0,
                0,
                0,
                0,
                0,
                0,
                0,
                0,
                0,
                0,
                0,
                0,
                0,
                0,
                0,
                0,
                0,
                0,
                0,
                0,
                0,
                0,
                0,
                0,
                0,
                0,
                0,
                0,
                0,
                0,
                0,
                0,
                0,
                0,
                0,
                0,
                0,
                0,
                0,
                0,
                0,
                0,
                0,
                0,
                0,
                0,
                0,
                0,
                0,
                0,
                0,
                0,
                0,
                0,
                0,
                0,
                0,
                0,
                0,
                0,
                0,
                0,
                0,
                0,
                0,
                0,
                0,
                0,
                0,
                0,
                0,
                0,
                0,
                0,
                0,
                0,
                0,
                0,
                0,
                0,
                0,
                0,
                0,
                0,
                0,
                0,
                0,
                0,
                0,
                0,
                0,
                0,
                0,
                0,
                0,
                0,
                0,
                0,
                0,
                0,
                0,
                0,
                0,
                0,
                0,
                0,
                0,
                0,
                0,
                0,
                0,
                0,
                0,
                0,
                0,
                0,
                0,
                0,
                0,
                0,
                0,
                0,
                0,
                0,
                0,
                0,
                0,
                0,
                0,
                0,
                0,
                0,
                0,
                0,
                0,
                0,
                0,
                0,
                0,
                0
            ],
            "hand_left_keypoints_2d": [
                379.985,
                198.027,
                0.0102471,
                382.215,
                199.142,
                0.00262609,
                387.262,
                199.201,
                0.00274402,
                387.204,
                199.318,
                0.00183917,
                386.382,
                200.844,
                0.000626918,
                386.91,
                199.612,
                0.00301478,
                386.441,
                200.081,
                0.00316621,
                385.971,
                201.079,
                0.00306982,
                386.323,
                199.729,
                0.00174495,
                386.793,
                199.729,
                0.00234255,
                385.678,
                201.196,
                0.00112185,
                385.56,
                201.49,
                0.00203176,
                382.626,
                201.783,
                0.000303991,
                386.793,
                199.729,
                0.00219643,
                381.628,
                201.783,
                0.00180727,
                381.804,
                202.194,
                0.00264652,
                381.981,
                202.37,
                0.00134054,
                381.511,
                201.372,
                0.00314425,
                381.628,
                201.49,
                0.00361095,
                381.628,
                201.607,
                0.00331606,
                381.804,
                202.194,
                0.00195651
            ],
            "hand_right_keypoints_2d": [
                322.113,
                213.704,
                0.0107068,
                323.465,
                214.304,
                0.0163921,
                324.816,
                216.207,
                0.0127846,
                326.118,
                216.407,
                0.0133801,
                326.969,
                216.607,
                0.0077291,
                324.016,
                216.557,
                0.0219666,
                324.416,
                216.957,
                0.0156294,
                324.516,
                217.208,
                0.0102727,
                321.563,
                214.905,
                0.00792651,
                323.565,
                216.907,
                0.0113504,
                324.766,
                217.058,
                0.0144841,
                324.716,
                217.158,
                0.008166,
                321.763,
                214.905,
                0.00454723,
                323.114,
                216.907,
                0.0114167,
                324.967,
                217.108,
                0.0122106,
                324.967,
                217.508,
                0.008735,
                320.862,
                217.858,
                0.00589126,
                323.114,
                217.408,
                0.0120775,
                322.564,
                217.658,
                0.0104168,
                321.062,
                217.708,
                0.00860552,
                320.812,
                217.808,
                0.0073058
            ],
            "pose_keypoints_3d": [],
            "face_keypoints_3d": [],
            "hand_left_keypoints_3d": [],
            "hand_right_keypoints_3d": []
        }
    ]
}