{
    "version": 1.3,
    "people": [
        {
            "person_id": [
                -1
            ],
            "pose_keypoints_2d": [
                0,
                0,
                0,
                326.269,
                172.65,
                0.840526,
                340.944,
                172.659,
                0.858432,
                350.686,
                193.222,
                0.825966,
                355.608,
                213.754,
                0.818592,
                313.524,
                172.658,
                0.815837,
                306.674,
                192.236,
                0.828199,
                302.757,
                212.746,
                0.744914,
                326.255,
                206.886,
                0.832926,
                335.048,
                206.891,
                0.813405,
                333.082,
                231.343,
                0.853334,
                332.082,
                252.855,
                0.619706,
                318.401,
                206.901,
                0.815449,
                319.402,
                231.375,
                0.757697,
                323.276,
                252.878,
                0.655828,
                0,
                0,
                0,
                0,
                0,
                0,
                333.085,
                157.967,
                0.837663,
                322.304,
                158.941,
                0.816629,
                322.336,
                255.798,
                0.458519,
                319.412,
                254.868,
                0.508526,
                324.235,
                254.857,
                0.606734,
                331.142,
                255.83,
                0.372995,
                333.089,
                256.78,
                0.362983,
                331.143,
                254.817,
                0.548119
            ],
            "face_keypoints_2d": [
                0,
                0,
                0,
                0,
                0,
                0,
                0,
                0,
                0,
                0,
                0,
                0,
                0,
                0,
                0,
                0,
                0,
                0,
                0,
                0,
                0,
                0,
                0,
                0,
                0,
                0,
                0,
                0,
                0,
                0,
                0,
                0,
                0,
                0,
                0,
                0,
                0,
                0,
                0,
                0,
                0,
                0,
                0,
                0,
                0,
                0,
                0,
                0,
                0,
                0,
                0,
                0,
                0,
                0,
                0,
                0,
                0,
                0,
                0,
                0,
                0,
                0,
                0,
                0,
                0,
                0,
                0,
                0,
                0,
                0,
                0,
                0,
                0,
                0,
                0,
                0,
                0,
                0,
                0,
                0,
                0,
                0,
                0,
                0,
                0,
                0,
                0,
                0,
                0,
                0,
                0,
                0,
                0,
                0,
                0,
                0,
                0,
                0,
                0,
                0,
                0,
                0,
                0,
                0,
                0,
                0,
                0,
                0,
                0,
                0,
                0,
                0,
                0,
                0,
                0,
                0,
                0,
                0,
                0,
                0,
                0,
                0,
                0,
                0,
                0,
                0,
                0,
                0,
                0,
                0,
                0,
                0,
                0,
                0,
                0,
                0,
                0,
                0,
                0,
                0,
                0,
                0,
                0,
                0,
                0,
                0,
                0,
                0,
                0,
                0,
                0,
                0,
                0,
                0,
                0,
                0,
                0,
                0,
                0,
                0,
                0,
                0,
                0,
                0,
                0,
                0,
                0,
                0,
                0,
                0,
                0,
                0,
                0,
                0,
                0,
                0,
                0,
                0,
                0,
                0,
                0,
                0,
                0,
                0,
                0,
                0,
                0,
                0,
                0,
                0,
                0,
                0,
                0,
                0,
                0,
                0,
                0,
                0,
                0,
                0,
                0,
                0,
                0,
                0,
                0,
                0,
                0,
                0,
                0,
                0
            ],
            "hand_left_keypoints_2d": [
                307.166,
                216.45,
                0.0220758,
                308.613,
                220.45,
                0.0164945,
                303.422,
                217.13,
                0.0238562,
                304.954,
                224.705,
                0.0300027,
                304.783,
                225.641,
                0.0168003,
                305.294,
                225.726,
                0.0225312,
                305.124,
                225.897,
                0.0232616,
                305.039,
                226.833,
                0.0148777,
                304.698,
                225.216,
                0.0073127,
                304.954,
                225.897,
                0.00838085,
                305.294,
                228.535,
                0.0140879,
                306.315,
                228.96,
                0.0146158,
                307.081,
                228.79,
                0.00642905,
                306.315,
                228.79,
                0.00692908,
                306.06,
                229.131,
                0.012432,
                305.209,
                230.322,
                0.00788415,
                305.294,
                230.663,
                0.00691736,
                306.656,
                229.301,
                0.00651091,
                304.954,
                225.216,
                0.00749527,
                304.868,
                225.216,
                0.00685851,
                305.549,
                230.833,
                0.00585898
            ],
            "hand_right_keypoints_2d": [
                360.072,
                220.788,
                0.00859145,
                360.33,
                218.465,
                0.0096273,
                360.33,
                217.346,
                0.00860898,
                360.502,
                217.002,
                0.00865754,
                362.912,
                219.497,
                0.00554941,
                360.932,
                216.141,
                0.00719637,
                361.191,
                216.743,
                0.00761374,
                361.535,
                217.26,
                0.00658852,
                362.74,
                219.325,
                0.00344101,
                361.621,
                219.497,
                0.00636682,
                362.396,
                219.325,
                0.00374813,
                362.309,
                219.325,
                0.00490237,
                362.568,
                219.411,
                0.00194599,
                361.449,
                219.584,
                0.00623311,
                362.482,
                219.411,
                0.0048678,
                362.396,
                219.325,
                0.00599047,
                361.793,
                218.207,
                0.00254491,
                361.191,
                220.014,
                0.00713955,
                361.707,
                220.1,
                0.00677793,
                361.363,
                216.743,
                0.00545858,
                364.891,
                220.272,
                0.00278262
            ],
            "pose_keypoints_3d": [],
            "face_keypoints_3d": [],
            "hand_left_keypoints_3d": [],
            "hand_right_keypoints_3d": []
        }
    ]
}