{
    "version": 1.3,
    "people": [
        {
            "person_id": [
                -1
            ],
            "pose_keypoints_2d": [
                0,
                0,
                0,
                335.062,
                162.878,
                0.844569,
                354.591,
                161.904,
                0.862963,
                370.258,
                182.407,
                0.855925,
                378.07,
                205.922,
                0.842131,
                317.413,
                164.847,
                0.857223,
                309.633,
                193.199,
                0.840518,
                317.418,
                199.084,
                0.289544,
                340.89,
                209.857,
                0.759382,
                349.724,
                208.874,
                0.698198,
                342.873,
                250.906,
                0.656312,
                346.766,
                283.193,
                0.649059,
                332.088,
                211.8,
                0.742709,
                334.097,
                254.807,
                0.82612,
                345.817,
                288.091,
                0.767893,
                0,
                0,
                0,
                0,
                0,
                0,
                341.88,
                145.233,
                0.835749,
                326.252,
                144.34,
                0.920713,
                341.877,
                298.848,
                0.671228,
                340.912,
                297.862,
                0.695653,
                348.705,
                292.982,
                0.79577,
                340.907,
                296.884,
                0.175109,
                342.861,
                292.964,
                0.147982,
                347.797,
                286.14,
                0.385449
            ],
            "face_keypoints_2d": [
                0,
                0,
                0,
                0,
                0,
                0,
                0,
                0,
                0,
                0,
                0,
                0,
                0,
                0,
                0,
                0,
                0,
                0,
                0,
                0,
                0,
                0,
                0,
                0,
                0,
                0,
                0,
                0,
                0,
                0,
                0,
                0,
                0,
                0,
                0,
                0,
                0,
                0,
                0,
                0,
                0,
                0,
                0,
                0,
                0,
                0,
                0,
                0,
                0,
                0,
                0,
                0,
                0,
                0,
                0,
                0,
                0,
                0,
                0,
                0,
                0,
                0,
                0,
                0,
                0,
                0,
                0,
                0,
                0,
                0,
                0,
                0,
                0,
                0,
                0,
                0,
                0,
                0,
                0,
                0,
                0,
                0,
                0,
                0,
                0,
                0,
                0,
                0,
                0,
                0,
                0,
                0,
                0,
                0,
                0,
                0,
                0,
                0,
                0,
                0,
                0,
                0,
                0,
                0,
                0,
                0,
                0,
                0,
                0,
                0,
                0,
                0,
                0,
                0,
                0,
                0,
                0,
                0,
                0,
                0,
                0,
                0,
                0,
                0,
                0,
                0,
                0,
                0,
                0,
                0,
                0,
                0,
                0,
                0,
                0,
                0,
                0,
                0,
                0,
                0,
                0,
                0,
                0,
                0,
                0,
                0,
                0,
                0,
                0,
                0,
                0,
                0,
                0,
                0,
                0,
                0,
                0,
                0,
                0,
                0,
                0,
                0,
                0,
                0,
                0,
                0,
                0,
                0,
                0,
                0,
                0,
                0,
                0,
                0,
                0,
                0,
                0,
                0,
                0,
                0,
                0,
                0,
                0,
                0,
                0,
                0,
                0,
                0,
                0,
                0,
                0,
                0,
                0,
                0,
                0,
                0,
                0,
                0,
                0,
                0,
                0,
                0,
                0,
                0,
                0,
                0,
                0,
                0,
                0,
                0
            ],
            "hand_left_keypoints_2d": [
                321.282,
                203.075,
                0.0555337,
                317.938,
                203.075,
                0.0983199,
                315.242,
                204.8,
                0.0936912,
                313.193,
                206.526,
                0.388526,
                311.035,
                210.085,
                0.639077,
                320.419,
                208.899,
                0.0392761,
                321.713,
                208.791,
                0.0532722,
                318.909,
                208.899,
                0.048442,
                318.154,
                210.193,
                0.0346204,
                325.057,
                195.417,
                0.0173334,
                322.36,
                209.977,
                0.0206022,
                323.547,
                212.566,
                0.0187749,
                322.468,
                212.027,
                0.010755,
                327.214,
                195.956,
                0.015334,
                328.076,
                195.848,
                0.0150872,
                325.38,
                207.389,
                0.0105728,
                324.841,
                212.674,
                0.0103108,
                328.184,
                199.408,
                0.0127553,
                328.616,
                199.731,
                0.0121767,
                324.733,
                212.782,
                0.0132213,
                324.949,
                212.566,
                0.0103801
            ],
            "hand_right_keypoints_2d": [
                375.598,
                209.238,
                0.101989,
                379.436,
                210.046,
                0.0760492,
                373.376,
                217.823,
                0.0272159,
                373.578,
                219.237,
                0.14351,
                372.972,
                221.661,
                0.204738,
                372.972,
                220.348,
                0.0258215,
                374.386,
                219.944,
                0.0325846,
                373.982,
                219.439,
                0.0377667,
                373.174,
                222.065,
                0.0246006,
                376.911,
                217.318,
                0.0105302,
                376.507,
                218.934,
                0.0214923,
                374.386,
                218.227,
                0.0165207,
                373.275,
                217.419,
                0.0119348,
                377.012,
                217.116,
                0.0101237,
                377.214,
                219.439,
                0.0174032,
                377.618,
                219.641,
                0.0124648,
                374.487,
                221.358,
                0.0110092,
                373.578,
                220.146,
                0.0117458,
                373.578,
                220.449,
                0.0125616,
                373.679,
                220.449,
                0.0265165,
                373.679,
                220.449,
                0.014889
            ],
            "pose_keypoints_3d": [],
            "face_keypoints_3d": [],
            "hand_left_keypoints_3d": [],
            "hand_right_keypoints_3d": []
        }
    ]
}