{
    "version": 1.3,
    "people": [
        {
            "person_id": [
                -1
            ],
            "pose_keypoints_2d": [
                0,
                0,
                0,
                334.055,
                160.93,
                0.918598,
                352.645,
                159.987,
                0.872466,
                363.455,
                185.39,
                0.855334,
                363.385,
                211.803,
                0.751413,
                316.453,
                161.905,
                0.872957,
                310.619,
                192.192,
                0.840954,
                312.558,
                212.766,
                0.742458,
                339.887,
                206.869,
                0.766091,
                348.743,
                204.926,
                0.73746,
                350.689,
                228.424,
                0.57342,
                349.721,
                239.171,
                0.599792,
                328.192,
                207.858,
                0.733992,
                325.316,
                249.925,
                0.792908,
                334.056,
                287.134,
                0.829132,
                0,
                0,
                0,
                0,
                0,
                0,
                339.894,
                142.324,
                0.550028,
                324.326,
                142.319,
                0.872178,
                333.091,
                290.031,
                0.491892,
                332.066,
                291.973,
                0.597669,
                335.066,
                292.977,
                0.812822,
                349.723,
                247.994,
                0.319902,
                349.709,
                247.977,
                0.348508,
                353.615,
                237.226,
                0.41067
            ],
            "face_keypoints_2d": [
                0,
                0,
                0,
                0,
                0,
                0,
                0,
                0,
                0,
                0,
                0,
                0,
                0,
                0,
                0,
                0,
                0,
                0,
                0,
                0,
                0,
                0,
                0,
                0,
                0,
                0,
                0,
                0,
                0,
                0,
                0,
                0,
                0,
                0,
                0,
                0,
                0,
                0,
                0,
                0,
                0,
                0,
                0,
                0,
                0,
                0,
                0,
                0,
                0,
                0,
                0,
                0,
                0,
                0,
                0,
                0,
                0,
                0,
                0,
                0,
                0,
                0,
                0,
                0,
                0,
                0,
                0,
                0,
                0,
                0,
                0,
                0,
                0,
                0,
                0,
                0,
                0,
                0,
                0,
                0,
                0,
                0,
                0,
                0,
                0,
                0,
                0,
                0,
                0,
                0,
                0,
                0,
                0,
                0,
                0,
                0,
                0,
                0,
                0,
                0,
                0,
                0,
                0,
                0,
                0,
                0,
                0,
                0,
                0,
                0,
                0,
                0,
                0,
                0,
                0,
                0,
                0,
                0,
                0,
                0,
                0,
                0,
                0,
                0,
                0,
                0,
                0,
                0,
                0,
                0,
                0,
                0,
                0,
                0,
                0,
                0,
                0,
                0,
                0,
                0,
                0,
                0,
                0,
                0,
                0,
                0,
                0,
                0,
                0,
                0,
                0,
                0,
                0,
                0,
                0,
                0,
                0,
                0,
                0,
                0,
                0,
                0,
                0,
                0,
                0,
                0,
                0,
                0,
                0,
                0,
                0,
                0,
                0,
                0,
                0,
                0,
                0,
                0,
                0,
                0,
                0,
                0,
                0,
                0,
                0,
                0,
                0,
                0,
                0,
                0,
                0,
                0,
                0,
                0,
                0,
                0,
                0,
                0,
                0,
                0,
                0,
                0,
                0,
                0,
                0,
                0,
                0,
                0,
                0,
                0
            ],
            "hand_left_keypoints_2d": [
                310.256,
                205.072,
                0.0233612,
                310.369,
                211.861,
                0.0219216,
                310.029,
                228.833,
                0.0249503,
                317.271,
                220.007,
                0.0327894,
                318.063,
                220.686,
                0.0228879,
                318.176,
                220.007,
                0.0495857,
                310.935,
                228.38,
                0.0502198,
                318.289,
                221.705,
                0.0298926,
                319.873,
                220.347,
                0.0130574,
                318.176,
                220.686,
                0.0113875,
                316.366,
                225.552,
                0.0202497,
                317.384,
                220.46,
                0.0127296,
                318.742,
                218.876,
                0.0116596,
                318.742,
                220.573,
                0.0101074,
                316.479,
                225.891,
                0.0154692,
                317.158,
                219.442,
                0.0117832,
                300.072,
                210.956,
                0.0131206,
                320.326,
                220.46,
                0.015434,
                318.629,
                220.234,
                0.0113025,
                318.289,
                220.007,
                0.0112278,
                300.299,
                210.956,
                0.0128066
            ],
            "hand_right_keypoints_2d": [
                363.039,
                223.534,
                0.0382972,
                361.747,
                226.872,
                0.028635,
                366.269,
                219.335,
                0.0217337,
                358.409,
                205.016,
                0.0460825,
                357.763,
                205.985,
                0.106959,
                357.548,
                204.585,
                0.0195914,
                357.656,
                205.339,
                0.0129272,
                356.902,
                226.764,
                0.0174074,
                356.794,
                203.724,
                0.0115833,
                355.825,
                225.688,
                0.00761109,
                357.44,
                205.447,
                0.0065425,
                351.95,
                225.795,
                0.00717809,
                355.287,
                226.872,
                0.00768996,
                355.933,
                225.688,
                0.0070386,
                367.238,
                226.98,
                0.00493843,
                355.61,
                226.657,
                0.00743401,
                355.395,
                226.872,
                0.0059651,
                356.471,
                226.011,
                0.00736674,
                351.196,
                225.042,
                0.010946,
                351.734,
                225.472,
                0.00993343,
                355.61,
                226.872,
                0.00616358
            ],
            "pose_keypoints_3d": [],
            "face_keypoints_3d": [],
            "hand_left_keypoints_3d": [],
            "hand_right_keypoints_3d": []
        }
    ]
}