{
    "version": 1.3,
    "people": [
        {
            "person_id": [
                -1
            ],
            "pose_keypoints_2d": [
                0,
                0,
                0,
                338.976,
                159.969,
                0.921653,
                356.549,
                159.961,
                0.902406,
                368.291,
                183.403,
                0.822032,
                371.234,
                204.93,
                0.811767,
                319.415,
                159.987,
                0.867688,
                312.545,
                186.347,
                0.751592,
                322.337,
                199.067,
                0.327931,
                339.975,
                202.001,
                0.811256,
                348.788,
                201.044,
                0.75626,
                341.914,
                239.176,
                0.808987,
                337.965,
                277.31,
                0.779256,
                331.145,
                202.994,
                0.762661,
                336.008,
                239.212,
                0.800409,
                348.785,
                254.807,
                0.684587,
                0,
                0,
                0,
                0,
                0,
                0,
                346.776,
                140.395,
                0.805141,
                331.151,
                141.346,
                0.78591,
                357.541,
                273.421,
                0.618879,
                356.603,
                270.508,
                0.643569,
                351.672,
                250.924,
                0.478638,
                332.126,
                280.276,
                0.65701,
                336.009,
                280.286,
                0.570698,
                336.999,
                280.274,
                0.705694
            ],
            "face_keypoints_2d": [
                0,
                0,
                0,
                0,
                0,
                0,
                0,
                0,
                0,
                0,
                0,
                0,
                0,
                0,
                0,
                0,
                0,
                0,
                0,
                0,
                0,
                0,
                0,
                0,
                0,
                0,
                0,
                0,
                0,
                0,
                0,
                0,
                0,
                0,
                0,
                0,
                0,
                0,
                0,
                0,
                0,
                0,
                0,
                0,
                0,
                0,
                0,
                0,
                0,
                0,
                0,
                0,
                0,
                0,
                0,
                0,
                0,
                0,
                0,
                0,
                0,
                0,
                0,
                0,
                0,
                0,
                0,
                0,
                0,
                0,
                0,
                0,
                0,
                0,
                0,
                0,
                0,
                0,
                0,
                0,
                0,
                0,
                0,
                0,
                0,
                0,
                0,
                0,
                0,
                0,
                0,
                0,
                0,
                0,
                0,
                0,
                0,
                0,
                0,
                0,
                0,
                0,
                0,
                0,
                0,
                0,
                0,
                0,
                0,
                0,
                0,
                0,
                0,
                0,
                0,
                0,
                0,
                0,
                0,
                0,
                0,
                0,
                0,
                0,
                0,
                0,
                0,
                0,
                0,
                0,
                0,
                0,
                0,
                0,
                0,
                0,
                0,
                0,
                0,
                0,
                0,
                0,
                0,
                0,
                0,
                0,
                0,
                0,
                0,
                0,
                0,
                0,
                0,
                0,
                0,
                0,
                0,
                0,
                0,
                0,
                0,
                0,
                0,
                0,
                0,
                0,
                0,
                0,
                0,
                0,
                0,
                0,
                0,
                0,
                0,
                0,
                0,
                0,
                0,
                0,
                0,
                0,
                0,
                0,
                0,
                0,
                0,
                0,
                0,
                0,
                0,
                0,
                0,
                0,
                0,
                0,
                0,
                0,
                0,
                0,
                0,
                0,
                0,
                0,
                0,
                0,
                0,
                0,
                0,
                0
            ],
            "hand_left_keypoints_2d": [
                332.364,
                198.767,
                0.0162385,
                327.667,
                190.973,
                0.0220278,
                321.472,
                202.764,
                0.0286213,
                321.871,
                207.761,
                0.0659842,
                321.871,
                206.762,
                0.0332133,
                321.172,
                208.56,
                0.0374317,
                321.572,
                213.657,
                0.0412903,
                321.272,
                211.858,
                0.067423,
                321.372,
                210.659,
                0.0222772,
                321.472,
                211.359,
                0.0274904,
                322.171,
                212.058,
                0.029503,
                321.971,
                211.958,
                0.0346885,
                321.472,
                205.363,
                0.0151833,
                321.472,
                211.558,
                0.0273364,
                322.671,
                211.758,
                0.0219824,
                322.071,
                211.159,
                0.0264991,
                321.172,
                210.059,
                0.0202272,
                320.772,
                206.862,
                0.0147553,
                320.972,
                206.062,
                0.0150856,
                321.272,
                209.06,
                0.017533,
                321.272,
                210.059,
                0.0185145
            ],
            "hand_right_keypoints_2d": [
                371.724,
                212.418,
                0.0122998,
                377.783,
                207.224,
                0.00747632,
                379.707,
                207.801,
                0.00920521,
                380.188,
                208.282,
                0.0113779,
                379.418,
                209.244,
                0.00633918,
                375.86,
                208.09,
                0.00544729,
                376.341,
                208.378,
                0.00538204,
                378.264,
                210.11,
                0.00521039,
                377.976,
                210.014,
                0.00409627,
                375.763,
                208.09,
                0.00391267,
                378.264,
                210.11,
                0.00213071,
                378.072,
                210.11,
                0.00355233,
                377.976,
                210.014,
                0.000806356,
                375.956,
                208.282,
                0.00376801,
                378.264,
                210.014,
                0.00298033,
                378.168,
                210.014,
                0.00481952,
                378.072,
                209.821,
                0.00328955,
                376.148,
                208.378,
                0.00453795,
                375.956,
                208.475,
                0.00402616,
                378.264,
                210.014,
                0.00443355,
                378.072,
                209.917,
                0.0032974
            ],
            "pose_keypoints_3d": [],
            "face_keypoints_3d": [],
            "hand_left_keypoints_3d": [],
            "hand_right_keypoints_3d": []
        }
    ]
}