{
    "version": 1.3,
    "people": [
        {
            "person_id": [
                -1
            ],
            "pose_keypoints_2d": [
                0,
                0,
                0,
                397.649,
                120.782,
                0.851311,
                419.189,
                119.812,
                0.837725,
                433.874,
                163.851,
                0.840221,
                430.916,
                192.221,
                0.633769,
                375.137,
                120.852,
                0.813301,
                372.22,
                161.936,
                0.862506,
                371.247,
                200.064,
                0.854076,
                407.444,
                187.341,
                0.603086,
                421.116,
                185.388,
                0.604448,
                437.753,
                254.865,
                0.8011,
                461.236,
                314.501,
                0.716354,
                393.719,
                189.293,
                0.610272,
                380.086,
                252.852,
                0.824185,
                386.933,
                312.56,
                0.811983,
                0,
                0,
                0,
                377.074,
                92.4478,
                0.0828015,
                402.513,
                95.3948,
                0.752343,
                381.019,
                93.4353,
                0.856969,
                371.207,
                317.422,
                0.710653,
                372.247,
                318.427,
                0.763921,
                390.802,
                318.41,
                0.725486,
                449.513,
                333.127,
                0.729659,
                450.505,
                332.132,
                0.629985,
                467.105,
                318.422,
                0.658383
            ],
            "face_keypoints_2d": [
                0,
                0,
                0,
                0,
                0,
                0,
                0,
                0,
                0,
                0,
                0,
                0,
                0,
                0,
                0,
                0,
                0,
                0,
                0,
                0,
                0,
                0,
                0,
                0,
                0,
                0,
                0,
                0,
                0,
                0,
                0,
                0,
                0,
                0,
                0,
                0,
                0,
                0,
                0,
                0,
                0,
                0,
                0,
                0,
                0,
                0,
                0,
                0,
                0,
                0,
                0,
                0,
                0,
                0,
                0,
                0,
                0,
                0,
                0,
                0,
                0,
                0,
                0,
                0,
                0,
                0,
                0,
                0,
                0,
                0,
                0,
                0,
                0,
                0,
                0,
                0,
                0,
                0,
                0,
                0,
                0,
                0,
                0,
                0,
                0,
                0,
                0,
                0,
                0,
                0,
                0,
                0,
                0,
                0,
                0,
                0,
                0,
                0,
                0,
                0,
                0,
                0,
                0,
                0,
                0,
                0,
                0,
                0,
                0,
                0,
                0,
                0,
                0,
                0,
                0,
                0,
                0,
                0,
                0,
                0,
                0,
                0,
                0,
                0,
                0,
                0,
                0,
                0,
                0,
                0,
                0,
                0,
                0,
                0,
                0,
                0,
                0,
                0,
                0,
                0,
                0,
                0,
                0,
                0,
                0,
                0,
                0,
                0,
                0,
                0,
                0,
                0,
                0,
                0,
                0,
                0,
                0,
                0,
                0,
                0,
                0,
                0,
                0,
                0,
                0,
                0,
                0,
                0,
                0,
                0,
                0,
                0,
                0,
                0,
                0,
                0,
                0,
                0,
                0,
                0,
                0,
                0,
                0,
                0,
                0,
                0,
                0,
                0,
                0,
                0,
                0,
                0,
                0,
                0,
                0,
                0,
                0,
                0,
                0,
                0,
                0,
                0,
                0,
                0,
                0,
                0,
                0,
                0,
                0,
                0
            ],
            "hand_left_keypoints_2d": [
                372.481,
                216.844,
                0.041882,
                370.46,
                211.714,
                0.0218709,
                373.569,
                224.151,
                0.0273277,
                375.434,
                227.415,
                0.0522455,
                378.077,
                228.504,
                0.155676,
                370.615,
                210.781,
                0.0239623,
                374.035,
                212.18,
                0.0181943,
                376.523,
                215.289,
                0.0156122,
                378.077,
                228.348,
                0.0174498,
                372.325,
                210.781,
                0.0129578,
                373.88,
                212.491,
                0.0210396,
                377.455,
                217.31,
                0.0113231,
                380.098,
                228.97,
                0.00963521,
                373.413,
                211.092,
                0.0110369,
                373.724,
                212.646,
                0.0134107,
                376.989,
                212.957,
                0.00903966,
                377.611,
                218.088,
                0.00692533,
                373.102,
                219.331,
                0.0100957,
                377.922,
                212.802,
                0.0081644,
                377.766,
                216.844,
                0.00842955,
                377.922,
                216.999,
                0.00647671
            ],
            "hand_right_keypoints_2d": [
                432.154,
                188.641,
                0.0279425,
                435.56,
                192.898,
                0.0301483,
                430.451,
                202.095,
                0.0205326,
                433.857,
                211.802,
                0.0292561,
                438.796,
                201.073,
                0.0337189,
                437.093,
                194.601,
                0.0364526,
                436.241,
                202.265,
                0.0491192,
                440.669,
                204.649,
                0.0940125,
                439.137,
                204.819,
                0.0488758,
                437.604,
                195.964,
                0.0231847,
                442.032,
                200.732,
                0.0560354,
                443.564,
                203.627,
                0.119948,
                446.63,
                205.33,
                0.117742,
                441.35,
                193.069,
                0.0123791,
                443.564,
                198.518,
                0.0516654,
                444.756,
                202.095,
                0.0928715,
                446.97,
                204.649,
                0.123957,
                446.8,
                194.261,
                0.0124124,
                444.586,
                197.667,
                0.0307706,
                444.756,
                197.837,
                0.0553684,
                444.416,
                198.007,
                0.0254556
            ],
            "pose_keypoints_3d": [],
            "face_keypoints_3d": [],
            "hand_left_keypoints_3d": [],
            "hand_right_keypoints_3d": []
        }
    ]
}