{
    "version": 1.3,
    "people": [
        {
            "person_id": [
                -1
            ],
            "pose_keypoints_2d": [
                0,
                0,
                0,
                381.017,
                118.86,
                0.837816,
                404.484,
                117.888,
                0.786326,
                419.209,
                156.025,
                0.814833,
                419.184,
                193.196,
                0.821246,
                357.544,
                119.832,
                0.809066,
                356.522,
                160.956,
                0.846085,
                355.584,
                199.103,
                0.801821,
                391.795,
                184.423,
                0.605453,
                404.517,
                182.436,
                0.626032,
                411.378,
                246.041,
                0.883056,
                441.681,
                293.951,
                0.768767,
                379.01,
                187.346,
                0.60266,
                379.043,
                251.908,
                0.841113,
                387.898,
                312.563,
                0.819902,
                0,
                0,
                0,
                0,
                0,
                0,
                385.89,
                92.4739,
                0.53298,
                364.428,
                91.514,
                0.881898,
                371.237,
                319.399,
                0.754927,
                373.207,
                322.312,
                0.780895,
                394.679,
                318.416,
                0.794329,
                440.699,
                322.332,
                0.772165,
                442.66,
                320.356,
                0.666883,
                448.51,
                296.887,
                0.529438
            ],
            "face_keypoints_2d": [
                0,
                0,
                0,
                0,
                0,
                0,
                0,
                0,
                0,
                0,
                0,
                0,
                0,
                0,
                0,
                0,
                0,
                0,
                0,
                0,
                0,
                0,
                0,
                0,
                0,
                0,
                0,
                0,
                0,
                0,
                0,
                0,
                0,
                0,
                0,
                0,
                0,
                0,
                0,
                0,
                0,
                0,
                0,
                0,
                0,
                0,
                0,
                0,
                0,
                0,
                0,
                0,
                0,
                0,
                0,
                0,
                0,
                0,
                0,
                0,
                0,
                0,
                0,
                0,
                0,
                0,
                0,
                0,
                0,
                0,
                0,
                0,
                0,
                0,
                0,
                0,
                0,
                0,
                0,
                0,
                0,
                0,
                0,
                0,
                0,
                0,
                0,
                0,
                0,
                0,
                0,
                0,
                0,
                0,
                0,
                0,
                0,
                0,
                0,
                0,
                0,
                0,
                0,
                0,
                0,
                0,
                0,
                0,
                0,
                0,
                0,
                0,
                0,
                0,
                0,
                0,
                0,
                0,
                0,
                0,
                0,
                0,
                0,
                0,
                0,
                0,
                0,
                0,
                0,
                0,
                0,
                0,
                0,
                0,
                0,
                0,
                0,
                0,
                0,
                0,
                0,
                0,
                0,
                0,
                0,
                0,
                0,
                0,
                0,
                0,
                0,
                0,
                0,
                0,
                0,
                0,
                0,
                0,
                0,
                0,
                0,
                0,
                0,
                0,
                0,
                0,
                0,
                0,
                0,
                0,
                0,
                0,
                0,
                0,
                0,
                0,
                0,
                0,
                0,
                0,
                0,
                0,
                0,
                0,
                0,
                0,
                0,
                0,
                0,
                0,
                0,
                0,
                0,
                0,
                0,
                0,
                0,
                0,
                0,
                0,
                0,
                0,
                0,
                0,
                0,
                0,
                0,
                0,
                0,
                0
            ],
            "hand_left_keypoints_2d": [
                363.052,
                216.513,
                0.0316007,
                358.23,
                210.758,
                0.0228302,
                364.452,
                211.069,
                0.0150352,
                364.296,
                210.602,
                0.0475998,
                365.851,
                209.825,
                0.0545912,
                363.518,
                210.602,
                0.0207192,
                364.918,
                210.913,
                0.021443,
                364.763,
                211.38,
                0.0424939,
                366.007,
                209.669,
                0.0206868,
                360.719,
                212.002,
                0.0108356,
                348.587,
                198.626,
                0.00752083,
                365.229,
                210.758,
                0.00961746,
                365.696,
                208.58,
                0.011323,
                361.03,
                211.069,
                0.0114151,
                348.431,
                199.248,
                0.00847204,
                365.074,
                208.736,
                0.00852529,
                365.696,
                208.114,
                0.00700476,
                363.052,
                210.291,
                0.0097372,
                365.54,
                208.891,
                0.0117381,
                365.074,
                209.047,
                0.0107906,
                365.54,
                208.58,
                0.00821355
            ],
            "hand_right_keypoints_2d": [
                420.993,
                208.038,
                0.0209719,
                422.508,
                204.402,
                0.0247617,
                422.205,
                201.826,
                0.0544853,
                422.054,
                201.978,
                0.0244628,
                419.781,
                211.675,
                0.0219061,
                422.054,
                203.341,
                0.0443547,
                421.599,
                209.705,
                0.0286884,
                416.902,
                210.159,
                0.0432029,
                418.569,
                213.341,
                0.0418287,
                418.418,
                208.493,
                0.0262606,
                421.145,
                211.372,
                0.0260848,
                417.054,
                210.008,
                0.0324759,
                418.569,
                212.887,
                0.0273865,
                418.721,
                210.614,
                0.0157824,
                420.842,
                211.826,
                0.0193973,
                420.236,
                212.129,
                0.0169238,
                418.569,
                213.19,
                0.0214228,
                424.478,
                202.281,
                0.0116911,
                417.963,
                213.19,
                0.0128362,
                417.205,
                213.341,
                0.0237062,
                418.266,
                213.341,
                0.0156116
            ],
            "pose_keypoints_3d": [],
            "face_keypoints_3d": [],
            "hand_left_keypoints_3d": [],
            "hand_right_keypoints_3d": []
        }
    ]
}