{
    "version": 1.3,
    "people": [
        {
            "person_id": [
                -1
            ],
            "pose_keypoints_2d": [
                284.173,
                192.189,
                0.31085,
                279.323,
                199.073,
                0.650778,
                278.329,
                199.065,
                0.833402,
                280.265,
                208.854,
                0.836246,
                291.999,
                215.722,
                0.855857,
                283.203,
                199.054,
                0.643689,
                285.123,
                207.924,
                0.0910785,
                0,
                0,
                0,
                285.103,
                218.629,
                0.810697,
                282.211,
                218.63,
                0.783672,
                284.153,
                237.193,
                0.755817,
                282.221,
                253.838,
                0.726933,
                286.113,
                217.666,
                0.804862,
                292.014,
                236.223,
                0.755249,
                291.014,
                253.81,
                0.685351,
                282.223,
                191.229,
                0.309578,
                283.221,
                191.22,
                0.0944638,
                279.291,
                191.28,
                0.495702,
                0,
                0,
                0,
                293.972,
                254.8,
                0.441929,
                293.984,
                253.871,
                0.487506,
                288.103,
                253.869,
                0.533336,
                285.142,
                254.841,
                0.53981,
                281.253,
                254.833,
                0.502734,
                281.255,
                253.895,
                0.615113
            ],
            "face_keypoints_2d": [
                0,
                0,
                0,
                0,
                0,
                0,
                0,
                0,
                0,
                0,
                0,
                0,
                0,
                0,
                0,
                0,
                0,
                0,
                0,
                0,
                0,
                0,
                0,
                0,
                0,
                0,
                0,
                0,
                0,
                0,
                0,
                0,
                0,
                0,
                0,
                0,
                0,
                0,
                0,
                0,
                0,
                0,
                0,
                0,
                0,
                0,
                0,
                0,
                0,
                0,
                0,
                0,
                0,
                0,
                0,
                0,
                0,
                0,
                0,
                0,
                0,
                0,
                0,
                0,
                0,
                0,
                0,
                0,
                0,
                0,
                0,
                0,
                0,
                0,
                0,
                0,
                0,
                0,
                0,
                0,
                0,
                0,
                0,
                0,
                0,
                0,
                0,
                0,
                0,
                0,
                0,
                0,
                0,
                0,
                0,
                0,
                0,
                0,
                0,
                0,
                0,
                0,
                0,
                0,
                0,
                0,
                0,
                0,
                0,
                0,
                0,
                0,
                0,
                0,
                0,
                0,
                0,
                0,
                0,
                0,
                0,
                0,
                0,
                0,
                0,
                0,
                0,
                0,
                0,
                0,
                0,
                0,
                0,
                0,
                0,
                0,
                0,
                0,
                0,
                0,
                0,
                0,
                0,
                0,
                0,
                0,
                0,
                0,
                0,
                0,
                0,
                0,
                0,
                0,
                0,
                0,
                0,
                0,
                0,
                0,
                0,
                0,
                0,
                0,
                0,
                0,
                0,
                0,
                0,
                0,
                0,
                0,
                0,
                0,
                0,
                0,
                0,
                0,
                0,
                0,
                0,
                0,
                0,
                0,
                0,
                0,
                0,
                0,
                0,
                0,
                0,
                0,
                0,
                0,
                0,
                0,
                0,
                0,
                0,
                0,
                0,
                0,
                0,
                0,
                0,
                0,
                0,
                0,
                0,
                0
            ],
            "hand_left_keypoints_2d": [
                0,
                0,
                0,
                0,
                0,
                0,
                0,
                0,
                0,
                0,
                0,
                0,
                0,
                0,
                0,
                0,
                0,
                0,
                0,
                0,
                0,
                0,
                0,
                0,
                0,
                0,
                0,
                0,
                0,
                0,
                0,
                0,
                0,
                0,
                0,
                0,
                0,
                0,
                0,
                0,
                0,
                0,
                0,
                0,
                0,
                0,
                0,
                0,
                0,
                0,
                0,
                0,
                0,
                0,
                0,
                0,
                0,
                0,
                0,
                0,
                0,
                0,
                0
            ],
            "hand_right_keypoints_2d": [
                294.652,
                216.437,
                0.0270077,
                294.264,
                218.764,
                0.0182778,
                296.703,
                217.933,
                0.0108523,
                296.758,
                217.767,
                0.00966351,
                291.937,
                217.767,
                0.00379567,
                296.592,
                218.93,
                0.00773247,
                296.647,
                219.152,
                0.00713388,
                296.814,
                219.263,
                0.00587082,
                295.539,
                222.089,
                0.00226926,
                296.536,
                218.709,
                0.00706151,
                296.98,
                219.374,
                0.00516585,
                296.814,
                219.318,
                0.00505275,
                296.592,
                219.041,
                0.00119751,
                296.536,
                218.93,
                0.0070924,
                296.98,
                219.374,
                0.00674709,
                296.814,
                219.374,
                0.00634707,
                299.086,
                219.263,
                0.00281938,
                296.37,
                219.152,
                0.00850424,
                299.086,
                219.152,
                0.00741367,
                296.426,
                219.762,
                0.00550055,
                299.307,
                219.374,
                0.00368588
            ],
            "pose_keypoints_3d": [],
            "face_keypoints_3d": [],
            "hand_left_keypoints_3d": [],
            "hand_right_keypoints_3d": []
        }
    ]
}