{
    "version": 1.3,
    "people": [
        {
            "person_id": [
                -1
            ],
            "pose_keypoints_2d": [
                0,
                0,
                0,
                386.842,
                119.843,
                0.874542,
                409.363,
                119.848,
                0.815906,
                423.066,
                160.938,
                0.762982,
                422.098,
                195.15,
                0.731503,
                363.382,
                119.854,
                0.829839,
                358.518,
                162.892,
                0.784295,
                360.489,
                199.07,
                0.789055,
                395.665,
                186.353,
                0.643531,
                410.345,
                184.39,
                0.622926,
                419.129,
                247.023,
                0.857355,
                449.457,
                296.888,
                0.759549,
                380.094,
                188.304,
                0.604743,
                379.044,
                252.865,
                0.823661,
                387.843,
                313.535,
                0.828893,
                0,
                0,
                0,
                0,
                0,
                0,
                387.908,
                95.3745,
                0.539116,
                370.222,
                93.4363,
                0.833643,
                371.22,
                318.441,
                0.705622,
                373.21,
                321.346,
                0.743735,
                391.781,
                318.449,
                0.723577,
                450.445,
                325.255,
                0.734324,
                451.48,
                324.278,
                0.64364,
                453.394,
                298.864,
                0.580171
            ],
            "face_keypoints_2d": [
                0,
                0,
                0,
                0,
                0,
                0,
                0,
                0,
                0,
                0,
                0,
                0,
                0,
                0,
                0,
                0,
                0,
                0,
                0,
                0,
                0,
                0,
                0,
                0,
                0,
                0,
                0,
                0,
                0,
                0,
                0,
                0,
                0,
                0,
                0,
                0,
                0,
                0,
                0,
                0,
                0,
                0,
                0,
                0,
                0,
                0,
                0,
                0,
                0,
                0,
                0,
                0,
                0,
                0,
                0,
                0,
                0,
                0,
                0,
                0,
                0,
                0,
                0,
                0,
                0,
                0,
                0,
                0,
                0,
                0,
                0,
                0,
                0,
                0,
                0,
                0,
                0,
                0,
                0,
                0,
                0,
                0,
                0,
                0,
                0,
                0,
                0,
                0,
                0,
                0,
                0,
                0,
                0,
                0,
                0,
                0,
                0,
                0,
                0,
                0,
                0,
                0,
                0,
                0,
                0,
                0,
                0,
                0,
                0,
                0,
                0,
                0,
                0,
                0,
                0,
                0,
                0,
                0,
                0,
                0,
                0,
                0,
                0,
                0,
                0,
                0,
                0,
                0,
                0,
                0,
                0,
                0,
                0,
                0,
                0,
                0,
                0,
                0,
                0,
                0,
                0,
                0,
                0,
                0,
                0,
                0,
                0,
                0,
                0,
                0,
                0,
                0,
                0,
                0,
                0,
                0,
                0,
                0,
                0,
                0,
                0,
                0,
                0,
                0,
                0,
                0,
                0,
                0,
                0,
                0,
                0,
                0,
                0,
                0,
                0,
                0,
                0,
                0,
                0,
                0,
                0,
                0,
                0,
                0,
                0,
                0,
                0,
                0,
                0,
                0,
                0,
                0,
                0,
                0,
                0,
                0,
                0,
                0,
                0,
                0,
                0,
                0,
                0,
                0,
                0,
                0,
                0,
                0,
                0,
                0
            ],
            "hand_left_keypoints_2d": [
                360.662,
                194.007,
                0.04459,
                361.933,
                220.383,
                0.0183499,
                355.101,
                205.447,
                0.0179056,
                359.391,
                222.766,
                0.0296211,
                360.344,
                224.832,
                0.0235854,
                358.279,
                211.008,
                0.0232477,
                360.185,
                208.307,
                0.030894,
                361.457,
                213.868,
                0.041435,
                361.933,
                221.018,
                0.0197479,
                358.279,
                211.326,
                0.0111868,
                360.821,
                213.233,
                0.0161266,
                364.158,
                214.345,
                0.0238802,
                363.046,
                221.018,
                0.0155507,
                357.802,
                214.027,
                0.00808921,
                360.821,
                213.868,
                0.00883424,
                362.728,
                220.383,
                0.0113847,
                362.887,
                220.86,
                0.0158071,
                361.139,
                221.177,
                0.00877976,
                362.728,
                220.224,
                0.00822195,
                365.906,
                214.186,
                0.013388,
                362.569,
                220.542,
                0.00972991
            ],
            "hand_right_keypoints_2d": [
                401.915,
                213.114,
                0.0197267,
                418.123,
                199.925,
                0.0237425,
                421.937,
                200.879,
                0.028513,
                421.778,
                202.627,
                0.0579889,
                421.778,
                203.262,
                0.0220346,
                421.142,
                202.309,
                0.0278683,
                416.216,
                209.301,
                0.0233014,
                424.797,
                212.479,
                0.0166356,
                424.797,
                208.347,
                0.00950255,
                408.112,
                210.89,
                0.0251513,
                416.057,
                210.731,
                0.0255421,
                424.797,
                212.638,
                0.0244536,
                424.956,
                208.347,
                0.00738536,
                408.112,
                210.89,
                0.0152298,
                420.666,
                212.002,
                0.0212279,
                425.909,
                213.114,
                0.0181584,
                423.526,
                214.386,
                0.01337,
                428.452,
                215.657,
                0.0218008,
                423.526,
                214.703,
                0.0183051,
                424.638,
                213.591,
                0.0324436,
                423.526,
                214.227,
                0.0174152
            ],
            "pose_keypoints_3d": [],
            "face_keypoints_3d": [],
            "hand_left_keypoints_3d": [],
            "hand_right_keypoints_3d": []
        }
    ]
}