{
    "version": 1.3,
    "people": [
        {
            "person_id": [
                -1
            ],
            "pose_keypoints_2d": [
                286.174,
                192.238,
                0.36263,
                284.159,
                199.086,
                0.746137,
                280.293,
                199.088,
                0.841292,
                284.155,
                207.887,
                0.840207,
                292.973,
                214.678,
                0.879197,
                285.168,
                199.076,
                0.78584,
                287.129,
                207.874,
                0.110858,
                294.949,
                211.777,
                0.0648594,
                285.199,
                217.671,
                0.874747,
                284.19,
                217.676,
                0.843978,
                285.132,
                236.222,
                0.817209,
                281.235,
                252.856,
                0.745014,
                287.117,
                216.723,
                0.823077,
                293.017,
                235.248,
                0.815883,
                296.877,
                251.903,
                0.731996,
                286.095,
                191.269,
                0.393808,
                286.129,
                192.208,
                0.0727962,
                284.171,
                192.207,
                0.578089,
                0,
                0,
                0,
                301.78,
                253.832,
                0.530037,
                301.774,
                252.878,
                0.534016,
                294.92,
                253.805,
                0.611653,
                285.184,
                254.795,
                0.506082,
                281.261,
                253.892,
                0.486032,
                280.28,
                253.812,
                0.664883
            ],
            "face_keypoints_2d": [
                0,
                0,
                0,
                0,
                0,
                0,
                0,
                0,
                0,
                0,
                0,
                0,
                0,
                0,
                0,
                0,
                0,
                0,
                0,
                0,
                0,
                0,
                0,
                0,
                0,
                0,
                0,
                0,
                0,
                0,
                0,
                0,
                0,
                0,
                0,
                0,
                0,
                0,
                0,
                0,
                0,
                0,
                0,
                0,
                0,
                0,
                0,
                0,
                0,
                0,
                0,
                0,
                0,
                0,
                0,
                0,
                0,
                0,
                0,
                0,
                0,
                0,
                0,
                0,
                0,
                0,
                0,
                0,
                0,
                0,
                0,
                0,
                0,
                0,
                0,
                0,
                0,
                0,
                0,
                0,
                0,
                0,
                0,
                0,
                0,
                0,
                0,
                0,
                0,
                0,
                0,
                0,
                0,
                0,
                0,
                0,
                0,
                0,
                0,
                0,
                0,
                0,
                0,
                0,
                0,
                0,
                0,
                0,
                0,
                0,
                0,
                0,
                0,
                0,
                0,
                0,
                0,
                0,
                0,
                0,
                0,
                0,
                0,
                0,
                0,
                0,
                0,
                0,
                0,
                0,
                0,
                0,
                0,
                0,
                0,
                0,
                0,
                0,
                0,
                0,
                0,
                0,
                0,
                0,
                0,
                0,
                0,
                0,
                0,
                0,
                0,
                0,
                0,
                0,
                0,
                0,
                0,
                0,
                0,
                0,
                0,
                0,
                0,
                0,
                0,
                0,
                0,
                0,
                0,
                0,
                0,
                0,
                0,
                0,
                0,
                0,
                0,
                0,
                0,
                0,
                0,
                0,
                0,
                0,
                0,
                0,
                0,
                0,
                0,
                0,
                0,
                0,
                0,
                0,
                0,
                0,
                0,
                0,
                0,
                0,
                0,
                0,
                0,
                0,
                0,
                0,
                0,
                0,
                0,
                0
            ],
            "hand_left_keypoints_2d": [
                296.532,
                214.49,
                0.0108967,
                296.532,
                214.525,
                0.0143523,
                295.997,
                213.564,
                0.0140774,
                295.891,
                213.457,
                0.0140302,
                294.858,
                214.775,
                0.00859209,
                295.784,
                212.531,
                0.0164157,
                295.784,
                213.564,
                0.0122184,
                296.674,
                213.706,
                0.00902057,
                296.318,
                215.345,
                0.00517903,
                296.461,
                212.673,
                0.0128956,
                295.606,
                213.528,
                0.011286,
                297.066,
                213.421,
                0.00721576,
                296.71,
                215.202,
                0.00414977,
                296.817,
                212.637,
                0.0145247,
                295.606,
                213.492,
                0.0108994,
                297.351,
                214.846,
                0.00953941,
                297.102,
                215.202,
                0.00651021,
                298.527,
                214.347,
                0.0143652,
                297.6,
                214.882,
                0.00895644,
                297.387,
                215.06,
                0.00906885,
                297.244,
                215.238,
                0.00698149
            ],
            "hand_right_keypoints_2d": [
                296.155,
                215.785,
                0.0154476,
                295.701,
                217.872,
                0.0174327,
                295.157,
                217.736,
                0.0115628,
                295.111,
                217.781,
                0.0104291,
                298.877,
                216.828,
                0.00310701,
                295.293,
                217.463,
                0.0110677,
                295.202,
                217.826,
                0.00896982,
                295.293,
                217.872,
                0.00633738,
                297.108,
                220.639,
                0.00255797,
                295.338,
                217.826,
                0.00983221,
                297.516,
                218.325,
                0.00666437,
                297.652,
                218.416,
                0.00539568,
                295.157,
                217.872,
                0.00156574,
                295.338,
                217.826,
                0.0100483,
                297.516,
                218.28,
                0.00875416,
                297.652,
                218.416,
                0.0067839,
                297.833,
                218.416,
                0.00253141,
                295.338,
                217.781,
                0.0121057,
                295.111,
                217.826,
                0.0107052,
                297.607,
                218.552,
                0.00598363,
                297.425,
                218.507,
                0.00306066
            ],
            "pose_keypoints_3d": [],
            "face_keypoints_3d": [],
            "hand_left_keypoints_3d": [],
            "hand_right_keypoints_3d": []
        }
    ]
}