{
    "version": 1.3,
    "people": [
        {
            "person_id": [
                -1
            ],
            "pose_keypoints_2d": [
                0,
                0,
                0,
                333.119,
                145.3,
                0.912242,
                350.721,
                145.28,
                0.85925,
                363.396,
                178.536,
                0.774433,
                349.735,
                184.397,
                0.141049,
                316.444,
                145.286,
                0.89761,
                316.418,
                172.663,
                0.830962,
                314.488,
                198.088,
                0.79162,
                340.873,
                196.135,
                0.744045,
                352.643,
                194.192,
                0.676404,
                356.564,
                239.196,
                0.905867,
                377.109,
                263.646,
                0.761515,
                328.218,
                198.085,
                0.691614,
                322.33,
                241.15,
                0.779399,
                325.244,
                284.195,
                0.858726,
                0,
                0,
                0,
                0,
                0,
                0,
                336.997,
                128.604,
                0.676988,
                322.316,
                128.611,
                0.880819,
                318.421,
                287.125,
                0.587322,
                317.437,
                288.093,
                0.710251,
                327.217,
                286.19,
                0.808236,
                378.103,
                285.177,
                0.758213,
                380.075,
                284.182,
                0.669724,
                380.078,
                264.628,
                0.642074
            ],
            "face_keypoints_2d": [
                0,
                0,
                0,
                0,
                0,
                0,
                0,
                0,
                0,
                0,
                0,
                0,
                0,
                0,
                0,
                0,
                0,
                0,
                0,
                0,
                0,
                0,
                0,
                0,
                0,
                0,
                0,
                0,
                0,
                0,
                0,
                0,
                0,
                0,
                0,
                0,
                0,
                0,
                0,
                0,
                0,
                0,
                0,
                0,
                0,
                0,
                0,
                0,
                0,
                0,
                0,
                0,
                0,
                0,
                0,
                0,
                0,
                0,
                0,
                0,
                0,
                0,
                0,
                0,
                0,
                0,
                0,
                0,
                0,
                0,
                0,
                0,
                0,
                0,
                0,
                0,
                0,
                0,
                0,
                0,
                0,
                0,
                0,
                0,
                0,
                0,
                0,
                0,
                0,
                0,
                0,
                0,
                0,
                0,
                0,
                0,
                0,
                0,
                0,
                0,
                0,
                0,
                0,
                0,
                0,
                0,
                0,
                0,
                0,
                0,
                0,
                0,
                0,
                0,
                0,
                0,
                0,
                0,
                0,
                0,
                0,
                0,
                0,
                0,
                0,
                0,
                0,
                0,
                0,
                0,
                0,
                0,
                0,
                0,
                0,
                0,
                0,
                0,
                0,
                0,
                0,
                0,
                0,
                0,
                0,
                0,
                0,
                0,
                0,
                0,
                0,
                0,
                0,
                0,
                0,
                0,
                0,
                0,
                0,
                0,
                0,
                0,
                0,
                0,
                0,
                0,
                0,
                0,
                0,
                0,
                0,
                0,
                0,
                0,
                0,
                0,
                0,
                0,
                0,
                0,
                0,
                0,
                0,
                0,
                0,
                0,
                0,
                0,
                0,
                0,
                0,
                0,
                0,
                0,
                0,
                0,
                0,
                0,
                0,
                0,
                0,
                0,
                0,
                0,
                0,
                0,
                0,
                0,
                0,
                0
            ],
            "hand_left_keypoints_2d": [
                315.41,
                193.175,
                0.127841,
                312.5,
                196.085,
                0.121012,
                310.214,
                200.347,
                0.0834687,
                314.371,
                203.984,
                0.0610714,
                314.579,
                207.622,
                0.0213857,
                314.579,
                200.243,
                0.0532251,
                315.203,
                209.389,
                0.0207768,
                317.489,
                208.765,
                0.0202209,
                318.632,
                207.934,
                0.00863543,
                315.099,
                200.659,
                0.0119331,
                317.177,
                207.934,
                0.0202931,
                317.593,
                210.948,
                0.0197612,
                317.281,
                212.611,
                0.00795745,
                314.475,
                210.844,
                0.0141803,
                317.489,
                209.077,
                0.0144696,
                317.489,
                210.324,
                0.0132244,
                317.593,
                211.572,
                0.0108406,
                313.851,
                210.22,
                0.0231021,
                318.113,
                210.532,
                0.011694,
                318.009,
                210.532,
                0.0277167,
                317.905,
                210.74,
                0.0148695
            ],
            "hand_right_keypoints_2d": [
                356.977,
                169.489,
                0.0239063,
                359.197,
                172.231,
                0.0114104,
                356.063,
                180.326,
                0.0353524,
                349.927,
                180.456,
                0.0339192,
                336.349,
                182.415,
                0.0476352,
                361.024,
                174.189,
                0.0149273,
                349.796,
                179.412,
                0.0137831,
                349.796,
                179.542,
                0.0146459,
                336.088,
                181.631,
                0.0290021,
                349.666,
                179.673,
                0.00915163,
                350.841,
                179.281,
                0.0100585,
                349.927,
                179.412,
                0.00897979,
                335.304,
                181.501,
                0.0116509,
                355.41,
                179.934,
                0.00910629,
                352.016,
                177.584,
                0.0106357,
                349.927,
                179.412,
                0.0125515,
                349.405,
                181.37,
                0.0112912,
                356.063,
                178.498,
                0.0136683,
                349.927,
                178.759,
                0.0132966,
                349.666,
                179.542,
                0.0310445,
                349.666,
                179.804,
                0.0154455
            ],
            "pose_keypoints_3d": [],
            "face_keypoints_3d": [],
            "hand_left_keypoints_3d": [],
            "hand_right_keypoints_3d": []
        }
    ]
}