{
    "version": 1.3,
    "people": [
        {
            "person_id": [
                -1
            ],
            "pose_keypoints_2d": [
                410.37,
                68.9559,
                0.0718113,
                434.812,
                98.3501,
                0.892068,
                459.286,
                100.266,
                0.770279,
                467.104,
                154.09,
                0.725593,
                463.197,
                192.275,
                0.743452,
                408.417,
                98.301,
                0.769455,
                396.661,
                147.226,
                0.780205,
                386.911,
                190.286,
                0.796556,
                436.765,
                182.441,
                0.561015,
                450.507,
                181.464,
                0.567314,
                450.524,
                262.663,
                0.820669,
                451.456,
                328.215,
                0.736887,
                422.112,
                183.403,
                0.533445,
                426.021,
                259.738,
                0.810315,
                441.624,
                326.266,
                0.758296,
                0,
                0,
                0,
                411.332,
                66.0065,
                0.227171,
                441.656,
                68.9577,
                0.329426,
                418.206,
                66.0721,
                0.928483,
                419.177,
                336.011,
                0.719699,
                425.034,
                338.936,
                0.728958,
                445.581,
                334.055,
                0.58068,
                0,
                0,
                0,
                0,
                0,
                0,
                456.338,
                334.093,
                0.687031
            ],
            "face_keypoints_2d": [
                0,
                0,
                0,
                0,
                0,
                0,
                0,
                0,
                0,
                0,
                0,
                0,
                0,
                0,
                0,
                0,
                0,
                0,
                0,
                0,
                0,
                0,
                0,
                0,
                0,
                0,
                0,
                0,
                0,
                0,
                0,
                0,
                0,
                0,
                0,
                0,
                0,
                0,
                0,
                0,
                0,
                0,
                0,
                0,
                0,
                0,
                0,
                0,
                0,
                0,
                0,
                0,
                0,
                0,
                0,
                0,
                0,
                0,
                0,
                0,
                0,
                0,
                0,
                0,
                0,
                0,
                0,
                0,
                0,
                0,
                0,
                0,
                0,
                0,
                0,
                0,
                0,
                0,
                0,
                0,
                0,
                0,
                0,
                0,
                0,
                0,
                0,
                0,
                0,
                0,
                0,
                0,
                0,
                0,
                0,
                0,
                0,
                0,
                0,
                0,
                0,
                0,
                0,
                0,
                0,
                0,
                0,
                0,
                0,
                0,
                0,
                0,
                0,
                0,
                0,
                0,
                0,
                0,
                0,
                0,
                0,
                0,
                0,
                0,
                0,
                0,
                0,
                0,
                0,
                0,
                0,
                0,
                0,
                0,
                0,
                0,
                0,
                0,
                0,
                0,
                0,
                0,
                0,
                0,
                0,
                0,
                0,
                0,
                0,
                0,
                0,
                0,
                0,
                0,
                0,
                0,
                0,
                0,
                0,
                0,
                0,
                0,
                0,
                0,
                0,
                0,
                0,
                0,
                0,
                0,
                0,
                0,
                0,
                0,
                0,
                0,
                0,
                0,
                0,
                0,
                0,
                0,
                0,
                0,
                0,
                0,
                0,
                0,
                0,
                0,
                0,
                0,
                0,
                0,
                0,
                0,
                0,
                0,
                0,
                0,
                0,
                0,
                0,
                0,
                0,
                0,
                0,
                0,
                0,
                0
            ],
            "hand_left_keypoints_2d": [
                387.201,
                200.619,
                0.0371128,
                387.57,
                198.219,
                0.0238033,
                384.617,
                206.157,
                0.0196525,
                385.17,
                211.325,
                0.03541,
                388.493,
                218.893,
                0.0293028,
                388.493,
                197.112,
                0.0100436,
                387.201,
                219.816,
                0.01232,
                390.524,
                218.709,
                0.0153083,
                388.862,
                220.37,
                0.0160028,
                387.016,
                196.373,
                0.00673545,
                389.601,
                218.524,
                0.00623779,
                386.463,
                220.924,
                0.00856702,
                387.939,
                221.478,
                0.0155731,
                387.016,
                196.373,
                0.0064113,
                390.339,
                218.34,
                0.00747191,
                389.047,
                220.001,
                0.0143151,
                387.939,
                221.293,
                0.0235521,
                387.016,
                196.373,
                0.00728881,
                391.631,
                218.155,
                0.00784191,
                391.816,
                218.524,
                0.0157189,
                388.678,
                221.109,
                0.0142644
            ],
            "hand_right_keypoints_2d": [
                448.938,
                219.242,
                0.0256854,
                458.914,
                199.09,
                0.0438492,
                455.323,
                198.292,
                0.0494678,
                446.743,
                197.494,
                0.104513,
                444.947,
                194.9,
                0.0695824,
                459.313,
                207.669,
                0.0460606,
                447.342,
                208.667,
                0.0419054,
                456.121,
                207.27,
                0.0496162,
                459.114,
                210.463,
                0.0689313,
                456.32,
                206.871,
                0.0327177,
                449.935,
                209.665,
                0.0216832,
                461.109,
                210.463,
                0.0246867,
                459.313,
                210.862,
                0.0227695,
                458.515,
                206.073,
                0.0238866,
                450.135,
                209.864,
                0.015906,
                460.909,
                210.263,
                0.0140714,
                459.513,
                212.059,
                0.0169081,
                459.712,
                201.085,
                0.0272216,
                458.116,
                199.289,
                0.0121853,
                460.71,
                210.263,
                0.0118513,
                460.311,
                210.862,
                0.0106611
            ],
            "pose_keypoints_3d": [],
            "face_keypoints_3d": [],
            "hand_left_keypoints_3d": [],
            "hand_right_keypoints_3d": []
        }
    ]
}