{
    "version": 1.3,
    "people": [
        {
            "person_id": [
                -1
            ],
            "pose_keypoints_2d": [
                333.078,
                190.242,
                0.248958,
                333.112,
                189.309,
                0.87317,
                324.297,
                191.241,
                0.894967,
                323.31,
                202.021,
                0.847482,
                324.229,
                213.742,
                0.754859,
                341.896,
                185.392,
                0.844797,
                354.586,
                181.459,
                0.684139,
                361.442,
                175.554,
                0.538924,
                334.059,
                207.9,
                0.8785,
                331.116,
                207.922,
                0.834177,
                331.093,
                224.503,
                0.870331,
                324.309,
                245.019,
                0.847829,
                339.944,
                207.879,
                0.884979,
                340.88,
                225.509,
                0.849636,
                336.024,
                244.071,
                0.812162,
                331.135,
                187.335,
                0.198126,
                333.091,
                186.368,
                0.211584,
                320.404,
                184.369,
                0.253008,
                335.063,
                185.381,
                0.248245,
                339.928,
                247.053,
                0.717762,
                340.908,
                246.977,
                0.772764,
                333.126,
                245.054,
                0.645849,
                329.176,
                247.031,
                0.744136,
                324.296,
                247.008,
                0.754158,
                324.297,
                246.015,
                0.725048
            ],
            "face_keypoints_2d": [
                0,
                0,
                0,
                0,
                0,
                0,
                0,
                0,
                0,
                0,
                0,
                0,
                0,
                0,
                0,
                0,
                0,
                0,
                0,
                0,
                0,
                0,
                0,
                0,
                0,
                0,
                0,
                0,
                0,
                0,
                0,
                0,
                0,
                0,
                0,
                0,
                0,
                0,
                0,
                0,
                0,
                0,
                0,
                0,
                0,
                0,
                0,
                0,
                0,
                0,
                0,
                0,
                0,
                0,
                0,
                0,
                0,
                0,
                0,
                0,
                0,
                0,
                0,
                0,
                0,
                0,
                0,
                0,
                0,
                0,
                0,
                0,
                0,
                0,
                0,
                0,
                0,
                0,
                0,
                0,
                0,
                0,
                0,
                0,
                0,
                0,
                0,
                0,
                0,
                0,
                0,
                0,
                0,
                0,
                0,
                0,
                0,
                0,
                0,
                0,
                0,
                0,
                0,
                0,
                0,
                0,
                0,
                0,
                0,
                0,
                0,
                0,
                0,
                0,
                0,
                0,
                0,
                0,
                0,
                0,
                0,
                0,
                0,
                0,
                0,
                0,
                0,
                0,
                0,
                0,
                0,
                0,
                0,
                0,
                0,
                0,
                0,
                0,
                0,
                0,
                0,
                0,
                0,
                0,
                0,
                0,
                0,
                0,
                0,
                0,
                0,
                0,
                0,
                0,
                0,
                0,
                0,
                0,
                0,
                0,
                0,
                0,
                0,
                0,
                0,
                0,
                0,
                0,
                0,
                0,
                0,
                0,
                0,
                0,
                0,
                0,
                0,
                0,
                0,
                0,
                0,
                0,
                0,
                0,
                0,
                0,
                0,
                0,
                0,
                0,
                0,
                0,
                0,
                0,
                0,
                0,
                0,
                0,
                0,
                0,
                0,
                0,
                0,
                0,
                0,
                0,
                0,
                0,
                0,
                0
            ],
            "hand_left_keypoints_2d": [
                365.41,
                174.678,
                0.0150052,
                360.926,
                173.849,
                0.00618761,
                360.098,
                174.239,
                0.00886999,
                360,
                174.142,
                0.00836125,
                360.098,
                173.118,
                0.00278385,
                360.341,
                174.58,
                0.00796514,
                360.049,
                173.703,
                0.00818053,
                360.195,
                173.411,
                0.00670524,
                360.244,
                173.313,
                0.00299263,
                360.341,
                174.58,
                0.00752511,
                360.049,
                173.801,
                0.00585976,
                360.293,
                174.483,
                0.00493233,
                360.341,
                174.58,
                0.00117611,
                360.341,
                174.58,
                0.00746716,
                360.39,
                174.483,
                0.00736022,
                360.39,
                174.629,
                0.00607556,
                360.487,
                175.799,
                0.00304739,
                360.439,
                174.434,
                0.00884684,
                359.805,
                175.799,
                0.00802342,
                360.439,
                174.288,
                0.00566491,
                360.487,
                175.896,
                0.00402475
            ],
            "hand_right_keypoints_2d": [
                326.018,
                211.811,
                0.0437417,
                325.779,
                211.236,
                0.0644949,
                326.21,
                211.044,
                0.0657353,
                327.216,
                210.661,
                0.17745,
                327.025,
                211.188,
                0.162067,
                325.875,
                210.901,
                0.0153142,
                325.923,
                210.901,
                0.0065542,
                327.312,
                212.434,
                0.00709576,
                327.216,
                211.092,
                0.00687503,
                327.121,
                211.619,
                0.00369532,
                327.216,
                210.853,
                0.00210965,
                327.6,
                213.201,
                0.00341707,
                326.641,
                210.661,
                0.0041433,
                327.169,
                211.667,
                0.00335587,
                323.622,
                219.814,
                0.00259008,
                329.517,
                213.201,
                0.00396161,
                326.689,
                210.757,
                0.00484353,
                327.696,
                211.667,
                0.00482615,
                327.216,
                210.805,
                0.00496107,
                327.073,
                210.805,
                0.00513097,
                329.613,
                213.153,
                0.00440473
            ],
            "pose_keypoints_3d": [],
            "face_keypoints_3d": [],
            "hand_left_keypoints_3d": [],
            "hand_right_keypoints_3d": []
        }
    ]
}