{
    "version": 1.3,
    "people": [
        {
            "person_id": [
                -1
            ],
            "pose_keypoints_2d": [
                0,
                0,
                0,
                301.827,
                196.146,
                0.5807,
                300.84,
                194.211,
                0.79467,
                300.8,
                205.929,
                0.852463,
                308.661,
                208.841,
                0.836587,
                303.755,
                196.145,
                0.52107,
                308.583,
                206.853,
                0.102045,
                0,
                0,
                0,
                303.77,
                215.678,
                0.772632,
                301.814,
                215.673,
                0.882808,
                301.768,
                231.356,
                0.841688,
                294.012,
                247.045,
                0.666611,
                307.668,
                215.68,
                0.765022,
                308.64,
                231.371,
                0.771255,
                310.611,
                247.035,
                0.591164,
                0,
                0,
                0,
                0,
                0,
                0,
                301.823,
                191.223,
                0.130668,
                0,
                0,
                0,
                316.429,
                248.025,
                0.475941,
                316.435,
                247.969,
                0.484934,
                309.618,
                248.957,
                0.493079,
                299.812,
                250.91,
                0.453307,
                294.96,
                249.939,
                0.448926,
                293.986,
                248,
                0.546049
            ],
            "face_keypoints_2d": [
                0,
                0,
                0,
                0,
                0,
                0,
                0,
                0,
                0,
                0,
                0,
                0,
                0,
                0,
                0,
                0,
                0,
                0,
                0,
                0,
                0,
                0,
                0,
                0,
                0,
                0,
                0,
                0,
                0,
                0,
                0,
                0,
                0,
                0,
                0,
                0,
                0,
                0,
                0,
                0,
                0,
                0,
                0,
                0,
                0,
                0,
                0,
                0,
                0,
                0,
                0,
                0,
                0,
                0,
                0,
                0,
                0,
                0,
                0,
                0,
                0,
                0,
                0,
                0,
                0,
                0,
                0,
                0,
                0,
                0,
                0,
                0,
                0,
                0,
                0,
                0,
                0,
                0,
                0,
                0,
                0,
                0,
                0,
                0,
                0,
                0,
                0,
                0,
                0,
                0,
                0,
                0,
                0,
                0,
                0,
                0,
                0,
                0,
                0,
                0,
                0,
                0,
                0,
                0,
                0,
                0,
                0,
                0,
                0,
                0,
                0,
                0,
                0,
                0,
                0,
                0,
                0,
                0,
                0,
                0,
                0,
                0,
                0,
                0,
                0,
                0,
                0,
                0,
                0,
                0,
                0,
                0,
                0,
                0,
                0,
                0,
                0,
                0,
                0,
                0,
                0,
                0,
                0,
                0,
                0,
                0,
                0,
                0,
                0,
                0,
                0,
                0,
                0,
                0,
                0,
                0,
                0,
                0,
                0,
                0,
                0,
                0,
                0,
                0,
                0,
                0,
                0,
                0,
                0,
                0,
                0,
                0,
                0,
                0,
                0,
                0,
                0,
                0,
                0,
                0,
                0,
                0,
                0,
                0,
                0,
                0,
                0,
                0,
                0,
                0,
                0,
                0,
                0,
                0,
                0,
                0,
                0,
                0,
                0,
                0,
                0,
                0,
                0,
                0,
                0,
                0,
                0,
                0,
                0,
                0
            ],
            "hand_left_keypoints_2d": [
                0,
                0,
                0,
                0,
                0,
                0,
                0,
                0,
                0,
                0,
                0,
                0,
                0,
                0,
                0,
                0,
                0,
                0,
                0,
                0,
                0,
                0,
                0,
                0,
                0,
                0,
                0,
                0,
                0,
                0,
                0,
                0,
                0,
                0,
                0,
                0,
                0,
                0,
                0,
                0,
                0,
                0,
                0,
                0,
                0,
                0,
                0,
                0,
                0,
                0,
                0,
                0,
                0,
                0,
                0,
                0,
                0,
                0,
                0,
                0,
                0,
                0,
                0
            ],
            "hand_right_keypoints_2d": [
                312.588,
                207.223,
                0.0124152,
                311.513,
                209.071,
                0.0180208,
                312.674,
                210.619,
                0.0141695,
                312.889,
                210.619,
                0.0139333,
                314.479,
                211.006,
                0.0091297,
                311.728,
                211.049,
                0.0168584,
                311.47,
                211.393,
                0.0119371,
                311.642,
                211.78,
                0.00886453,
                309.665,
                211.909,
                0.00509961,
                311.814,
                211.178,
                0.011807,
                311.728,
                211.436,
                0.0103465,
                311.857,
                211.694,
                0.00702009,
                309.622,
                211.995,
                0.00410339,
                311.771,
                211.221,
                0.0114518,
                312.115,
                211.651,
                0.0107816,
                312.072,
                211.694,
                0.00785217,
                310.266,
                213.327,
                0.00437736,
                309.235,
                211.393,
                0.0121664,
                309.879,
                211.823,
                0.0079943,
                309.836,
                212.08,
                0.0067658,
                310.094,
                213.37,
                0.0047956
            ],
            "pose_keypoints_3d": [],
            "face_keypoints_3d": [],
            "hand_left_keypoints_3d": [],
            "hand_right_keypoints_3d": []
        }
    ]
}