{
    "version": 1.3,
    "people": [
        {
            "person_id": [
                -1
            ],
            "pose_keypoints_2d": [
                0,
                0,
                0,
                331.113,
                153.055,
                0.904424,
                348.722,
                152.129,
                0.879317,
                366.352,
                167.754,
                0.865626,
                371.239,
                197.096,
                0.850267,
                311.56,
                153.12,
                0.86417,
                307.618,
                184.413,
                0.809578,
                316.435,
                191.265,
                0.140775,
                337.956,
                198.095,
                0.707638,
                347.713,
                196.15,
                0.711379,
                334.085,
                239.185,
                0.800302,
                331.141,
                278.3,
                0.856147,
                327.221,
                199.061,
                0.711314,
                336.987,
                239.143,
                0.835159,
                348.754,
                270.507,
                0.855536,
                0,
                0,
                0,
                0,
                0,
                0,
                336.005,
                135.5,
                0.70777,
                321.341,
                135.506,
                0.75966,
                354.622,
                299.83,
                0.62633,
                354.599,
                296.889,
                0.526966,
                353.634,
                275.354,
                0.648297,
                325.226,
                283.215,
                0.667993,
                328.203,
                283.215,
                0.62254,
                331.109,
                284.166,
                0.778418
            ],
            "face_keypoints_2d": [
                0,
                0,
                0,
                0,
                0,
                0,
                0,
                0,
                0,
                0,
                0,
                0,
                0,
                0,
                0,
                0,
                0,
                0,
                0,
                0,
                0,
                0,
                0,
                0,
                0,
                0,
                0,
                0,
                0,
                0,
                0,
                0,
                0,
                0,
                0,
                0,
                0,
                0,
                0,
                0,
                0,
                0,
                0,
                0,
                0,
                0,
                0,
                0,
                0,
                0,
                0,
                0,
                0,
                0,
                0,
                0,
                0,
                0,
                0,
                0,
                0,
                0,
                0,
                0,
                0,
                0,
                0,
                0,
                0,
                0,
                0,
                0,
                0,
                0,
                0,
                0,
                0,
                0,
                0,
                0,
                0,
                0,
                0,
                0,
                0,
                0,
                0,
                0,
                0,
                0,
                0,
                0,
                0,
                0,
                0,
                0,
                0,
                0,
                0,
                0,
                0,
                0,
                0,
                0,
                0,
                0,
                0,
                0,
                0,
                0,
                0,
                0,
                0,
                0,
                0,
                0,
                0,
                0,
                0,
                0,
                0,
                0,
                0,
                0,
                0,
                0,
                0,
                0,
                0,
                0,
                0,
                0,
                0,
                0,
                0,
                0,
                0,
                0,
                0,
                0,
                0,
                0,
                0,
                0,
                0,
                0,
                0,
                0,
                0,
                0,
                0,
                0,
                0,
                0,
                0,
                0,
                0,
                0,
                0,
                0,
                0,
                0,
                0,
                0,
                0,
                0,
                0,
                0,
                0,
                0,
                0,
                0,
                0,
                0,
                0,
                0,
                0,
                0,
                0,
                0,
                0,
                0,
                0,
                0,
                0,
                0,
                0,
                0,
                0,
                0,
                0,
                0,
                0,
                0,
                0,
                0,
                0,
                0,
                0,
                0,
                0,
                0,
                0,
                0,
                0,
                0,
                0,
                0,
                0,
                0
            ],
            "hand_left_keypoints_2d": [
                315.063,
                196.534,
                0.0315617,
                322.352,
                182.649,
                0.0354263,
                307.079,
                187.625,
                0.0291795,
                328.485,
                185.773,
                0.0636179,
                330.915,
                187.162,
                0.0983938,
                326.171,
                184.963,
                0.0249811,
                329.989,
                186.93,
                0.0220229,
                329.989,
                188.666,
                0.0238689,
                331.03,
                187.393,
                0.020139,
                324.204,
                186.468,
                0.0126924,
                329.179,
                186.583,
                0.0131042,
                327.444,
                190.517,
                0.0137242,
                329.758,
                186.583,
                0.0106902,
                324.782,
                186.583,
                0.0146843,
                324.667,
                186.468,
                0.00972231,
                324.782,
                187.046,
                0.010462,
                329.41,
                192.137,
                0.00715542,
                324.551,
                184.732,
                0.0143987,
                318.187,
                201.741,
                0.01133,
                324.898,
                186.468,
                0.00933969,
                322.468,
                200.005,
                0.00694598
            ],
            "hand_right_keypoints_2d": [
                368.851,
                201.08,
                0.0266329,
                367.396,
                200.474,
                0.0286141,
                367.517,
                201.444,
                0.0248031,
                370.791,
                197.079,
                0.0381698,
                375.156,
                196.715,
                0.0306617,
                368.608,
                201.323,
                0.035165,
                375.641,
                201.202,
                0.0430214,
                374.186,
                199.868,
                0.045914,
                375.277,
                196.594,
                0.0304192,
                373.337,
                200.474,
                0.0216119,
                368.366,
                204.839,
                0.0393956,
                369.215,
                205.324,
                0.032915,
                364.486,
                206.173,
                0.0258974,
                374.065,
                199.383,
                0.0274946,
                374.428,
                205.203,
                0.0288469,
                369.336,
                207.143,
                0.0212355,
                367.275,
                210.174,
                0.0223631,
                375.883,
                206.051,
                0.0261091,
                375.156,
                206.536,
                0.0266725,
                373.337,
                197.685,
                0.0167402,
                367.396,
                210.174,
                0.0119301
            ],
            "pose_keypoints_3d": [],
            "face_keypoints_3d": [],
            "hand_left_keypoints_3d": [],
            "hand_right_keypoints_3d": []
        }
    ]
}