{
    "version": 1.3,
    "people": [
        {
            "person_id": [
                -1
            ],
            "pose_keypoints_2d": [
                344.825,
                192.232,
                0.167309,
                340.948,
                188.296,
                0.847688,
                332.168,
                190.269,
                0.858782,
                325.32,
                204.936,
                0.796653,
                326.233,
                215.683,
                0.601794,
                351.676,
                184.445,
                0.835391,
                364.362,
                185.385,
                0.78789,
                372.236,
                186.351,
                0.72041,
                340.903,
                205.92,
                0.866373,
                334.104,
                206.855,
                0.812724,
                338.934,
                219.611,
                0.762916,
                340.9,
                239.223,
                0.901864,
                347.726,
                204.957,
                0.829132,
                355.57,
                216.701,
                0.865482,
                355.63,
                239.196,
                0.90251,
                342.869,
                191.243,
                0.118771,
                345.811,
                191.266,
                0.124076,
                339.886,
                187.336,
                0.157132,
                347.778,
                187.355,
                0.0832865,
                357.574,
                245.055,
                0.756403,
                362.416,
                243.091,
                0.722528,
                355.544,
                241.138,
                0.668293,
                345.778,
                245.989,
                0.657218,
                340.893,
                245.057,
                0.675336,
                340.958,
                242.103,
                0.692768
            ],
            "face_keypoints_2d": [
                0,
                0,
                0,
                0,
                0,
                0,
                0,
                0,
                0,
                0,
                0,
                0,
                0,
                0,
                0,
                0,
                0,
                0,
                0,
                0,
                0,
                0,
                0,
                0,
                0,
                0,
                0,
                0,
                0,
                0,
                0,
                0,
                0,
                0,
                0,
                0,
                0,
                0,
                0,
                0,
                0,
                0,
                0,
                0,
                0,
                0,
                0,
                0,
                0,
                0,
                0,
                0,
                0,
                0,
                0,
                0,
                0,
                0,
                0,
                0,
                0,
                0,
                0,
                0,
                0,
                0,
                0,
                0,
                0,
                0,
                0,
                0,
                0,
                0,
                0,
                0,
                0,
                0,
                0,
                0,
                0,
                0,
                0,
                0,
                0,
                0,
                0,
                0,
                0,
                0,
                0,
                0,
                0,
                0,
                0,
                0,
                0,
                0,
                0,
                0,
                0,
                0,
                0,
                0,
                0,
                0,
                0,
                0,
                0,
                0,
                0,
                0,
                0,
                0,
                0,
                0,
                0,
                0,
                0,
                0,
                0,
                0,
                0,
                0,
                0,
                0,
                0,
                0,
                0,
                0,
                0,
                0,
                0,
                0,
                0,
                0,
                0,
                0,
                0,
                0,
                0,
                0,
                0,
                0,
                0,
                0,
                0,
                0,
                0,
                0,
                0,
                0,
                0,
                0,
                0,
                0,
                0,
                0,
                0,
                0,
                0,
                0,
                0,
                0,
                0,
                0,
                0,
                0,
                0,
                0,
                0,
                0,
                0,
                0,
                0,
                0,
                0,
                0,
                0,
                0,
                0,
                0,
                0,
                0,
                0,
                0,
                0,
                0,
                0,
                0,
                0,
                0,
                0,
                0,
                0,
                0,
                0,
                0,
                0,
                0,
                0,
                0,
                0,
                0,
                0,
                0,
                0,
                0,
                0,
                0
            ],
            "hand_left_keypoints_2d": [
                371.755,
                186.53,
                0.0126619,
                372.595,
                187.743,
                0.0179504,
                372.548,
                186.203,
                0.0125187,
                372.595,
                185.643,
                0.0115608,
                370.962,
                187.23,
                0.00648252,
                372.642,
                187.136,
                0.00941566,
                374.275,
                185.97,
                0.00862237,
                374.975,
                185.83,
                0.00786046,
                375.348,
                185.783,
                0.0035464,
                372.828,
                186.25,
                0.00925402,
                374.182,
                186.763,
                0.0059864,
                374.415,
                187.043,
                0.00626023,
                374.695,
                187.183,
                0.00190509,
                372.922,
                186.296,
                0.00889665,
                374.182,
                186.81,
                0.00756986,
                374.462,
                187.276,
                0.00812595,
                374.555,
                187.463,
                0.00423209,
                373.948,
                187.416,
                0.0103718,
                374.275,
                187.603,
                0.00803215,
                374.462,
                187.556,
                0.00749093,
                374.508,
                187.603,
                0.00471724
            ],
            "hand_right_keypoints_2d": [
                324.931,
                218.635,
                0.00526373,
                324.931,
                218.695,
                0.00507135,
                325.406,
                218.635,
                0.00936244,
                325.347,
                218.517,
                0.009889,
                325.288,
                217.804,
                0.00531271,
                324.872,
                218.695,
                0.00782561,
                324.634,
                218.457,
                0.00927955,
                324.753,
                218.457,
                0.00749563,
                328.316,
                217.21,
                0.00358817,
                325.169,
                218.932,
                0.00666826,
                324.575,
                218.695,
                0.00636631,
                324.813,
                219.051,
                0.00548209,
                329.029,
                216.676,
                0.00187189,
                325.109,
                218.873,
                0.00664608,
                324.634,
                219.289,
                0.00719835,
                325.05,
                219.586,
                0.00668024,
                328.078,
                218.576,
                0.00435105,
                324.991,
                218.635,
                0.00788257,
                328.375,
                217.863,
                0.00714967,
                327.96,
                218.279,
                0.00660437,
                328.138,
                218.339,
                0.00531718
            ],
            "pose_keypoints_3d": [],
            "face_keypoints_3d": [],
            "hand_left_keypoints_3d": [],
            "hand_right_keypoints_3d": []
        }
    ]
}