{
    "version": 1.3,
    "people": [
        {
            "person_id": [
                -1
            ],
            "pose_keypoints_2d": [
                411.331,
                66.0551,
                0.145667,
                434.812,
                97.3696,
                0.88627,
                459.273,
                97.3584,
                0.795216,
                467.13,
                148.198,
                0.703632,
                466.119,
                192.25,
                0.782351,
                409.395,
                97.3449,
                0.773024,
                395.746,
                146.26,
                0.811045,
                383.957,
                191.257,
                0.755842,
                437.753,
                178.534,
                0.546471,
                451.45,
                177.551,
                0.557181,
                450.5,
                258.755,
                0.816242,
                451.452,
                331.118,
                0.731722,
                424.045,
                180.478,
                0.528367,
                432.872,
                260.663,
                0.800329,
                441.682,
                331.115,
                0.768834,
                0,
                0,
                0,
                412.336,
                61.1405,
                0.31687,
                442.627,
                67.016,
                0.210428,
                420.171,
                64.06,
                0.81874,
                419.172,
                336.016,
                0.722419,
                425.981,
                338.974,
                0.726861,
                447.53,
                336.041,
                0.579843,
                0,
                0,
                0,
                0,
                0,
                0,
                457.288,
                336.031,
                0.667527
            ],
            "face_keypoints_2d": [
                0,
                0,
                0,
                0,
                0,
                0,
                0,
                0,
                0,
                0,
                0,
                0,
                0,
                0,
                0,
                0,
                0,
                0,
                0,
                0,
                0,
                0,
                0,
                0,
                0,
                0,
                0,
                0,
                0,
                0,
                0,
                0,
                0,
                0,
                0,
                0,
                0,
                0,
                0,
                0,
                0,
                0,
                0,
                0,
                0,
                0,
                0,
                0,
                0,
                0,
                0,
                0,
                0,
                0,
                0,
                0,
                0,
                0,
                0,
                0,
                0,
                0,
                0,
                0,
                0,
                0,
                0,
                0,
                0,
                0,
                0,
                0,
                0,
                0,
                0,
                0,
                0,
                0,
                0,
                0,
                0,
                0,
                0,
                0,
                0,
                0,
                0,
                0,
                0,
                0,
                0,
                0,
                0,
                0,
                0,
                0,
                0,
                0,
                0,
                0,
                0,
                0,
                0,
                0,
                0,
                0,
                0,
                0,
                0,
                0,
                0,
                0,
                0,
                0,
                0,
                0,
                0,
                0,
                0,
                0,
                0,
                0,
                0,
                0,
                0,
                0,
                0,
                0,
                0,
                0,
                0,
                0,
                0,
                0,
                0,
                0,
                0,
                0,
                0,
                0,
                0,
                0,
                0,
                0,
                0,
                0,
                0,
                0,
                0,
                0,
                0,
                0,
                0,
                0,
                0,
                0,
                0,
                0,
                0,
                0,
                0,
                0,
                0,
                0,
                0,
                0,
                0,
                0,
                0,
                0,
                0,
                0,
                0,
                0,
                0,
                0,
                0,
                0,
                0,
                0,
                0,
                0,
                0,
                0,
                0,
                0,
                0,
                0,
                0,
                0,
                0,
                0,
                0,
                0,
                0,
                0,
                0,
                0,
                0,
                0,
                0,
                0,
                0,
                0,
                0,
                0,
                0,
                0,
                0,
                0
            ],
            "hand_left_keypoints_2d": [
                375.326,
                216.534,
                0.0269525,
                377.601,
                210.467,
                0.019134,
                385.754,
                205.158,
                0.01208,
                372.292,
                209.898,
                0.0114162,
                391.063,
                216.913,
                0.00927701,
                373.24,
                209.708,
                0.00824284,
                356.935,
                214.259,
                0.0135628,
                356.366,
                218.43,
                0.0259165,
                356.745,
                222.981,
                0.0127562,
                356.935,
                219.757,
                0.00690811,
                357.503,
                215.397,
                0.00682024,
                356.366,
                218.051,
                0.00975804,
                356.745,
                222.791,
                0.00549333,
                357.124,
                219.947,
                0.00642776,
                362.433,
                217.293,
                0.00605229,
                356.935,
                219.757,
                0.0071743,
                356.935,
                222.981,
                0.00591018,
                357.124,
                220.326,
                0.00659773,
                362.812,
                216.913,
                0.00969916,
                355.797,
                219.757,
                0.0151462,
                356.745,
                221.843,
                0.00819274
            ],
            "hand_right_keypoints_2d": [
                451.821,
                218.488,
                0.0320492,
                458.992,
                201.503,
                0.0248847,
                459.37,
                197.163,
                0.029973,
                455.784,
                204.9,
                0.0369958,
                457.671,
                209.052,
                0.0206576,
                459.181,
                206.599,
                0.0196016,
                459.747,
                207.353,
                0.0102744,
                461.823,
                209.429,
                0.0234032,
                460.313,
                210.373,
                0.0151043,
                459.37,
                205.844,
                0.00906761,
                455.973,
                202.824,
                0.00470675,
                461.634,
                209.995,
                0.00986814,
                460.879,
                210.373,
                0.0103072,
                458.803,
                205.844,
                0.00795919,
                451.066,
                207.353,
                0.00547079,
                461.068,
                210.184,
                0.00950588,
                461.068,
                210.562,
                0.0102217,
                455.973,
                207.165,
                0.00751584,
                445.971,
                207.92,
                0.00815713,
                460.879,
                210.184,
                0.00816998,
                460.691,
                210.562,
                0.00862663
            ],
            "pose_keypoints_3d": [],
            "face_keypoints_3d": [],
            "hand_left_keypoints_3d": [],
            "hand_right_keypoints_3d": []
        }
    ]
}