{
    "version": 1.3,
    "people": [
        {
            "person_id": [
                -1
            ],
            "pose_keypoints_2d": [
                285.088,
                190.25,
                0.0502406,
                278.278,
                199.024,
                0.703327,
                277.308,
                199.022,
                0.854049,
                278.306,
                208.869,
                0.88367,
                288.103,
                215.679,
                0.880852,
                279.28,
                198.081,
                0.665223,
                282.232,
                207.908,
                0.0766804,
                0,
                0,
                0,
                280.282,
                217.686,
                0.756475,
                278.352,
                218.626,
                0.849444,
                279.317,
                237.217,
                0.799858,
                278.299,
                253.849,
                0.82782,
                284.187,
                217.657,
                0.776306,
                286.18,
                237.2,
                0.786787,
                285.134,
                253.804,
                0.81639,
                0,
                0,
                0,
                0,
                0,
                0,
                278.366,
                188.321,
                0.244969,
                0,
                0,
                0,
                287.12,
                254.835,
                0.462138,
                287.127,
                254.793,
                0.504242,
                284.178,
                253.882,
                0.633997,
                279.31,
                254.884,
                0.524479,
                277.368,
                254.875,
                0.533663,
                278.296,
                254.816,
                0.644267
            ],
            "face_keypoints_2d": [
                0,
                0,
                0,
                0,
                0,
                0,
                0,
                0,
                0,
                0,
                0,
                0,
                0,
                0,
                0,
                0,
                0,
                0,
                0,
                0,
                0,
                0,
                0,
                0,
                0,
                0,
                0,
                0,
                0,
                0,
                0,
                0,
                0,
                0,
                0,
                0,
                0,
                0,
                0,
                0,
                0,
                0,
                0,
                0,
                0,
                0,
                0,
                0,
                0,
                0,
                0,
                0,
                0,
                0,
                0,
                0,
                0,
                0,
                0,
                0,
                0,
                0,
                0,
                0,
                0,
                0,
                0,
                0,
                0,
                0,
                0,
                0,
                0,
                0,
                0,
                0,
                0,
                0,
                0,
                0,
                0,
                0,
                0,
                0,
                0,
                0,
                0,
                0,
                0,
                0,
                0,
                0,
                0,
                0,
                0,
                0,
                0,
                0,
                0,
                0,
                0,
                0,
                0,
                0,
                0,
                0,
                0,
                0,
                0,
                0,
                0,
                0,
                0,
                0,
                0,
                0,
                0,
                0,
                0,
                0,
                0,
                0,
                0,
                0,
                0,
                0,
                0,
                0,
                0,
                0,
                0,
                0,
                0,
                0,
                0,
                0,
                0,
                0,
                0,
                0,
                0,
                0,
                0,
                0,
                0,
                0,
                0,
                0,
                0,
                0,
                0,
                0,
                0,
                0,
                0,
                0,
                0,
                0,
                0,
                0,
                0,
                0,
                0,
                0,
                0,
                0,
                0,
                0,
                0,
                0,
                0,
                0,
                0,
                0,
                0,
                0,
                0,
                0,
                0,
                0,
                0,
                0,
                0,
                0,
                0,
                0,
                0,
                0,
                0,
                0,
                0,
                0,
                0,
                0,
                0,
                0,
                0,
                0,
                0,
                0,
                0,
                0,
                0,
                0,
                0,
                0,
                0,
                0,
                0,
                0
            ],
            "hand_left_keypoints_2d": [
                0,
                0,
                0,
                0,
                0,
                0,
                0,
                0,
                0,
                0,
                0,
                0,
                0,
                0,
                0,
                0,
                0,
                0,
                0,
                0,
                0,
                0,
                0,
                0,
                0,
                0,
                0,
                0,
                0,
                0,
                0,
                0,
                0,
                0,
                0,
                0,
                0,
                0,
                0,
                0,
                0,
                0,
                0,
                0,
                0,
                0,
                0,
                0,
                0,
                0,
                0,
                0,
                0,
                0,
                0,
                0,
                0,
                0,
                0,
                0,
                0,
                0,
                0
            ],
            "hand_right_keypoints_2d": [
                291.433,
                217.245,
                0.0162318,
                291.53,
                219.044,
                0.0109356,
                293.913,
                218.412,
                0.00767499,
                293.913,
                218.315,
                0.00670317,
                293.865,
                218.266,
                0.0022242,
                293.767,
                218.169,
                0.00666009,
                293.621,
                217.051,
                0.00770754,
                293.524,
                216.807,
                0.00606351,
                294.643,
                216.029,
                0.00345994,
                293.913,
                218.266,
                0.00582484,
                293.719,
                217.148,
                0.00512016,
                293.865,
                218.315,
                0.00447679,
                294.643,
                216.127,
                0.0011571,
                293.865,
                218.315,
                0.0058528,
                293.816,
                218.218,
                0.00587702,
                293.865,
                218.412,
                0.00542596,
                294.059,
                218.315,
                0.00206478,
                293.767,
                218.461,
                0.00709593,
                293.621,
                219.19,
                0.00653014,
                294.935,
                216.37,
                0.00513354,
                294.935,
                216.175,
                0.00265573
            ],
            "pose_keypoints_3d": [],
            "face_keypoints_3d": [],
            "hand_left_keypoints_3d": [],
            "hand_right_keypoints_3d": []
        }
    ]
}