{
    "version": 1.3,
    "people": [
        {
            "person_id": [
                -1
            ],
            "pose_keypoints_2d": [
                0,
                0,
                0,
                364.35,
                135.504,
                0.88953,
                385.88,
                133.537,
                0.785989,
                408.394,
                160.932,
                0.862233,
                421.134,
                198.107,
                0.777023,
                341.884,
                137.413,
                0.855454,
                333.139,
                176.611,
                0.861552,
                330.135,
                204.926,
                0.737515,
                378.049,
                196.131,
                0.648127,
                387.884,
                193.201,
                0.654155,
                372.224,
                252.883,
                0.78546,
                362.451,
                295.906,
                0.764796,
                364.428,
                198.094,
                0.667908,
                372.196,
                254.863,
                0.850855,
                399.62,
                306.689,
                0.776719,
                0,
                0,
                0,
                0,
                0,
                0,
                367.309,
                113.948,
                0.603822,
                347.747,
                114.986,
                0.845413,
                387.842,
                322.336,
                0.678767,
                393.737,
                320.388,
                0.649318,
                404.503,
                309.588,
                0.801564,
                358.515,
                302.766,
                0.460919,
                363.432,
                302.766,
                0.526397,
                361.442,
                301.763,
                0.762237
            ],
            "face_keypoints_2d": [
                0,
                0,
                0,
                0,
                0,
                0,
                0,
                0,
                0,
                0,
                0,
                0,
                0,
                0,
                0,
                0,
                0,
                0,
                0,
                0,
                0,
                0,
                0,
                0,
                0,
                0,
                0,
                0,
                0,
                0,
                0,
                0,
                0,
                0,
                0,
                0,
                0,
                0,
                0,
                0,
                0,
                0,
                0,
                0,
                0,
                0,
                0,
                0,
                0,
                0,
                0,
                0,
                0,
                0,
                0,
                0,
                0,
                0,
                0,
                0,
                0,
                0,
                0,
                0,
                0,
                0,
                0,
                0,
                0,
                0,
                0,
                0,
                0,
                0,
                0,
                0,
                0,
                0,
                0,
                0,
                0,
                0,
                0,
                0,
                0,
                0,
                0,
                0,
                0,
                0,
                0,
                0,
                0,
                0,
                0,
                0,
                0,
                0,
                0,
                0,
                0,
                0,
                0,
                0,
                0,
                0,
                0,
                0,
                0,
                0,
                0,
                0,
                0,
                0,
                0,
                0,
                0,
                0,
                0,
                0,
                0,
                0,
                0,
                0,
                0,
                0,
                0,
                0,
                0,
                0,
                0,
                0,
                0,
                0,
                0,
                0,
                0,
                0,
                0,
                0,
                0,
                0,
                0,
                0,
                0,
                0,
                0,
                0,
                0,
                0,
                0,
                0,
                0,
                0,
                0,
                0,
                0,
                0,
                0,
                0,
                0,
                0,
                0,
                0,
                0,
                0,
                0,
                0,
                0,
                0,
                0,
                0,
                0,
                0,
                0,
                0,
                0,
                0,
                0,
                0,
                0,
                0,
                0,
                0,
                0,
                0,
                0,
                0,
                0,
                0,
                0,
                0,
                0,
                0,
                0,
                0,
                0,
                0,
                0,
                0,
                0,
                0,
                0,
                0,
                0,
                0,
                0,
                0,
                0,
                0
            ],
            "hand_left_keypoints_2d": [
                347.56,
                213.828,
                0.0155864,
                342.698,
                212.06,
                0.0149409,
                340.783,
                209.997,
                0.0321475,
                338.72,
                213.533,
                0.0311862,
                341.225,
                213.975,
                0.0266879,
                340.341,
                217.658,
                0.0405324,
                332.827,
                218.1,
                0.066953,
                330.912,
                216.922,
                0.0745036,
                331.207,
                213.533,
                0.0730266,
                340.783,
                218.1,
                0.0350641,
                334.006,
                218.984,
                0.07344,
                334.006,
                217.069,
                0.0333678,
                330.028,
                213.386,
                0.015155,
                341.078,
                220.31,
                0.0338375,
                334.301,
                219.721,
                0.0520475,
                333.564,
                218.837,
                0.0242098,
                329.733,
                213.68,
                0.0129014,
                340.341,
                220.605,
                0.0356933,
                334.301,
                221.194,
                0.0266094,
                333.122,
                219.426,
                0.0204452,
                329.733,
                213.975,
                0.0136966
            ],
            "hand_right_keypoints_2d": [
                419.411,
                197.24,
                0.0574566,
                410.762,
                207.491,
                0.0560111,
                411.723,
                207.171,
                0.0425716,
                413.645,
                204.608,
                0.032059,
                412.844,
                204.608,
                0.0199195,
                428.542,
                207.01,
                0.0296058,
                429.182,
                208.932,
                0.019515,
                425.178,
                206.53,
                0.0347893,
                426.78,
                208.612,
                0.0161889,
                421.494,
                214.699,
                0.0180934,
                428.381,
                209.413,
                0.0229126,
                424.697,
                209.733,
                0.0289132,
                426.78,
                208.772,
                0.0175007,
                419.411,
                213.898,
                0.0228524,
                422.134,
                212.296,
                0.0215998,
                423.416,
                213.898,
                0.0221315,
                427.26,
                208.612,
                0.01348,
                415.888,
                216.301,
                0.0211834,
                427.58,
                215.179,
                0.0158266,
                424.537,
                218.223,
                0.0407574,
                424.377,
                218.063,
                0.018723
            ],
            "pose_keypoints_3d": [],
            "face_keypoints_3d": [],
            "hand_left_keypoints_3d": [],
            "hand_right_keypoints_3d": []
        }
    ]
}