{
    "version": 1.3,
    "people": [
        {
            "person_id": [
                -1
            ],
            "pose_keypoints_2d": [
                0,
                0,
                0,
                331.112,
                159.897,
                0.881894,
                347.783,
                157.982,
                0.862449,
                364.354,
                179.495,
                0.881065,
                363.453,
                207.921,
                0.813307,
                310.61,
                159.982,
                0.896948,
                308.622,
                192.201,
                0.849766,
                299.808,
                198.096,
                0.42154,
                337.967,
                204.936,
                0.709103,
                347.767,
                202.989,
                0.732077,
                344.828,
                245.995,
                0.809563,
                351.678,
                267.556,
                0.66357,
                326.228,
                205.928,
                0.722982,
                326.282,
                250.932,
                0.798021,
                340.887,
                291.042,
                0.84187,
                0,
                0,
                0,
                0,
                0,
                0,
                334.083,
                138.412,
                0.793064,
                318.418,
                138.457,
                0.832314,
                340.882,
                293.988,
                0.533244,
                336.998,
                294.958,
                0.654493,
                342.874,
                293.989,
                0.78964,
                355.561,
                285.181,
                0.62371,
                359.509,
                284.176,
                0.541393,
                354.618,
                269.506,
                0.518048
            ],
            "face_keypoints_2d": [
                0,
                0,
                0,
                0,
                0,
                0,
                0,
                0,
                0,
                0,
                0,
                0,
                0,
                0,
                0,
                0,
                0,
                0,
                0,
                0,
                0,
                0,
                0,
                0,
                0,
                0,
                0,
                0,
                0,
                0,
                0,
                0,
                0,
                0,
                0,
                0,
                0,
                0,
                0,
                0,
                0,
                0,
                0,
                0,
                0,
                0,
                0,
                0,
                0,
                0,
                0,
                0,
                0,
                0,
                0,
                0,
                0,
                0,
                0,
                0,
                0,
                0,
                0,
                0,
                0,
                0,
                0,
                0,
                0,
                0,
                0,
                0,
                0,
                0,
                0,
                0,
                0,
                0,
                0,
                0,
                0,
                0,
                0,
                0,
                0,
                0,
                0,
                0,
                0,
                0,
                0,
                0,
                0,
                0,
                0,
                0,
                0,
                0,
                0,
                0,
                0,
                0,
                0,
                0,
                0,
                0,
                0,
                0,
                0,
                0,
                0,
                0,
                0,
                0,
                0,
                0,
                0,
                0,
                0,
                0,
                0,
                0,
                0,
                0,
                0,
                0,
                0,
                0,
                0,
                0,
                0,
                0,
                0,
                0,
                0,
                0,
                0,
                0,
                0,
                0,
                0,
                0,
                0,
                0,
                0,
                0,
                0,
                0,
                0,
                0,
                0,
                0,
                0,
                0,
                0,
                0,
                0,
                0,
                0,
                0,
                0,
                0,
                0,
                0,
                0,
                0,
                0,
                0,
                0,
                0,
                0,
                0,
                0,
                0,
                0,
                0,
                0,
                0,
                0,
                0,
                0,
                0,
                0,
                0,
                0,
                0,
                0,
                0,
                0,
                0,
                0,
                0,
                0,
                0,
                0,
                0,
                0,
                0,
                0,
                0,
                0,
                0,
                0,
                0,
                0,
                0,
                0,
                0,
                0,
                0
            ],
            "hand_left_keypoints_2d": [
                296.188,
                193.173,
                0.0131923,
                289.675,
                195.778,
                0.00473433,
                288.965,
                198.975,
                0.00500128,
                288.965,
                199.568,
                0.00438708,
                288.965,
                202.41,
                0.00221699,
                288.728,
                199.686,
                0.00516803,
                289.083,
                200.041,
                0.00593214,
                289.202,
                200.396,
                0.00531975,
                289.32,
                202.41,
                0.00282196,
                289.202,
                199.686,
                0.00403967,
                289.557,
                200.396,
                0.00269976,
                289.439,
                200.396,
                0.00391744,
                289.439,
                200.041,
                0.00067587,
                289.32,
                199.568,
                0.00398696,
                289.675,
                200.396,
                0.00374469,
                289.557,
                200.752,
                0.00547507,
                289.794,
                201.699,
                0.00368964,
                289.439,
                199.449,
                0.00526156,
                289.794,
                199.686,
                0.00766192,
                289.439,
                200.752,
                0.0063389,
                289.675,
                201.699,
                0.00496594
            ],
            "hand_right_keypoints_2d": [
                361.417,
                219.851,
                0.0243882,
                365.358,
                213.476,
                0.0275215,
                362.576,
                211.969,
                0.0315171,
                362.576,
                231.56,
                0.0216267,
                354.229,
                225.068,
                0.00941798,
                361.533,
                203.97,
                0.0178664,
                363.735,
                226.111,
                0.0155254,
                356.2,
                227.039,
                0.0124454,
                354.461,
                227.734,
                0.00781488,
                362.576,
                226.111,
                0.0112939,
                363.619,
                226.111,
                0.0124194,
                364.779,
                230.864,
                0.011917,
                365.474,
                231.56,
                0.00781588,
                362.228,
                225.995,
                0.00964605,
                364.895,
                230.98,
                0.0118684,
                364.431,
                231.096,
                0.00838151,
                354.693,
                230.285,
                0.0073288,
                358.982,
                225.764,
                0.0090333,
                358.75,
                225.995,
                0.0100845,
                356.2,
                213.823,
                0.00941511,
                354.809,
                230.053,
                0.00714494
            ],
            "pose_keypoints_3d": [],
            "face_keypoints_3d": [],
            "hand_left_keypoints_3d": [],
            "hand_right_keypoints_3d": []
        }
    ]
}