{
    "version": 1.3,
    "people": [
        {
            "person_id": [
                -1
            ],
            "pose_keypoints_2d": [
                0,
                0,
                0,
                332.124,
                152.155,
                0.927809,
                348.775,
                152.112,
                0.880984,
                363.386,
                175.63,
                0.904204,
                357.557,
                196.141,
                0.679893,
                313.53,
                153.1,
                0.86538,
                311.592,
                178.553,
                0.814013,
                309.655,
                203.002,
                0.828581,
                339.909,
                199.078,
                0.779381,
                348.791,
                198.109,
                0.746105,
                351.674,
                246.041,
                0.82908,
                365.362,
                261.654,
                0.79172,
                327.221,
                200.056,
                0.727024,
                324.269,
                245.026,
                0.842228,
                332.148,
                286.156,
                0.868298,
                0,
                0,
                0,
                0,
                0,
                0,
                334.101,
                131.578,
                0.5905,
                320.369,
                132.543,
                0.764414,
                332.123,
                288.106,
                0.477611,
                327.225,
                290.054,
                0.598841,
                333.114,
                292.938,
                0.805008,
                370.241,
                280.277,
                0.779415,
                372.223,
                278.348,
                0.74509,
                370.27,
                260.704,
                0.630617
            ],
            "face_keypoints_2d": [
                0,
                0,
                0,
                0,
                0,
                0,
                0,
                0,
                0,
                0,
                0,
                0,
                0,
                0,
                0,
                0,
                0,
                0,
                0,
                0,
                0,
                0,
                0,
                0,
                0,
                0,
                0,
                0,
                0,
                0,
                0,
                0,
                0,
                0,
                0,
                0,
                0,
                0,
                0,
                0,
                0,
                0,
                0,
                0,
                0,
                0,
                0,
                0,
                0,
                0,
                0,
                0,
                0,
                0,
                0,
                0,
                0,
                0,
                0,
                0,
                0,
                0,
                0,
                0,
                0,
                0,
                0,
                0,
                0,
                0,
                0,
                0,
                0,
                0,
                0,
                0,
                0,
                0,
                0,
                0,
                0,
                0,
                0,
                0,
                0,
                0,
                0,
                0,
                0,
                0,
                0,
                0,
                0,
                0,
                0,
                0,
                0,
                0,
                0,
                0,
                0,
                0,
                0,
                0,
                0,
                0,
                0,
                0,
                0,
                0,
                0,
                0,
                0,
                0,
                0,
                0,
                0,
                0,
                0,
                0,
                0,
                0,
                0,
                0,
                0,
                0,
                0,
                0,
                0,
                0,
                0,
                0,
                0,
                0,
                0,
                0,
                0,
                0,
                0,
                0,
                0,
                0,
                0,
                0,
                0,
                0,
                0,
                0,
                0,
                0,
                0,
                0,
                0,
                0,
                0,
                0,
                0,
                0,
                0,
                0,
                0,
                0,
                0,
                0,
                0,
                0,
                0,
                0,
                0,
                0,
                0,
                0,
                0,
                0,
                0,
                0,
                0,
                0,
                0,
                0,
                0,
                0,
                0,
                0,
                0,
                0,
                0,
                0,
                0,
                0,
                0,
                0,
                0,
                0,
                0,
                0,
                0,
                0,
                0,
                0,
                0,
                0,
                0,
                0,
                0,
                0,
                0,
                0,
                0,
                0
            ],
            "hand_left_keypoints_2d": [
                315.714,
                216.969,
                0.0390024,
                310.115,
                207.871,
                0.0260244,
                309.316,
                208.371,
                0.0274319,
                316.714,
                209.071,
                0.019588,
                316.813,
                211.47,
                0.0184832,
                315.814,
                211.67,
                0.0230744,
                315.914,
                211.47,
                0.0206025,
                317.213,
                210.371,
                0.0369374,
                317.513,
                212.97,
                0.0228938,
                314.414,
                207.072,
                0.0101974,
                316.414,
                207.371,
                0.0102062,
                318.213,
                212.97,
                0.0119452,
                317.413,
                212.97,
                0.01602,
                314.214,
                206.672,
                0.0117243,
                303.917,
                214.469,
                0.0110995,
                303.917,
                214.269,
                0.00962281,
                317.913,
                213.07,
                0.0125379,
                315.514,
                204.372,
                0.0104335,
                316.913,
                208.071,
                0.0099083,
                317.513,
                208.271,
                0.0147767,
                317.613,
                211.97,
                0.00866345
            ],
            "hand_right_keypoints_2d": [
                355.938,
                197.73,
                0.0142383,
                359.798,
                211.746,
                0.0114551,
                358.579,
                204.941,
                0.013705,
                358.478,
                205.043,
                0.0150691,
                358.376,
                208.09,
                0.00969009,
                358.478,
                204.433,
                0.0162119,
                357.564,
                203.621,
                0.0119699,
                356.345,
                207.277,
                0.00946561,
                355.837,
                207.379,
                0.00672499,
                358.275,
                204.636,
                0.00999473,
                357.056,
                203.113,
                0.00962846,
                357.36,
                208.801,
                0.00716585,
                360.103,
                208.902,
                0.00460535,
                357.259,
                200.98,
                0.00936439,
                356.853,
                200.98,
                0.00930253,
                357.259,
                208.699,
                0.0098388,
                356.853,
                208.191,
                0.00682456,
                356.954,
                200.675,
                0.00991293,
                360.408,
                212.254,
                0.00993418,
                357.259,
                208.293,
                0.00971058,
                356.954,
                208.191,
                0.00759623
            ],
            "pose_keypoints_3d": [],
            "face_keypoints_3d": [],
            "hand_left_keypoints_3d": [],
            "hand_right_keypoints_3d": []
        }
    ]
}