{
    "version": 1.3,
    "people": [
        {
            "person_id": [
                -1
            ],
            "pose_keypoints_2d": [
                0,
                0,
                0,
                364.424,
                129.592,
                0.907527,
                386.858,
                128.613,
                0.828596,
                409.355,
                158.946,
                0.790678,
                421.149,
                193.207,
                0.777465,
                342.882,
                130.608,
                0.809163,
                337.003,
                174.583,
                0.804998,
                333.097,
                204.939,
                0.803246,
                379.08,
                191.252,
                0.655145,
                392.759,
                189.278,
                0.5984,
                375.147,
                250.925,
                0.729384,
                370.235,
                298.844,
                0.726578,
                365.394,
                192.252,
                0.61645,
                371.268,
                253.866,
                0.84065,
                395.744,
                302.796,
                0.805689,
                0,
                0,
                0,
                0,
                0,
                0,
                367.342,
                107.124,
                0.670369,
                348.79,
                109.099,
                0.802171,
                384.931,
                319.383,
                0.718634,
                388.843,
                318.446,
                0.720426,
                403.485,
                308.63,
                0.771555,
                364.398,
                304.736,
                0.362422,
                371.192,
                306.678,
                0.369125,
                368.31,
                305.684,
                0.683937
            ],
            "face_keypoints_2d": [
                0,
                0,
                0,
                0,
                0,
                0,
                0,
                0,
                0,
                0,
                0,
                0,
                0,
                0,
                0,
                0,
                0,
                0,
                0,
                0,
                0,
                0,
                0,
                0,
                0,
                0,
                0,
                0,
                0,
                0,
                0,
                0,
                0,
                0,
                0,
                0,
                0,
                0,
                0,
                0,
                0,
                0,
                0,
                0,
                0,
                0,
                0,
                0,
                0,
                0,
                0,
                0,
                0,
                0,
                0,
                0,
                0,
                0,
                0,
                0,
                0,
                0,
                0,
                0,
                0,
                0,
                0,
                0,
                0,
                0,
                0,
                0,
                0,
                0,
                0,
                0,
                0,
                0,
                0,
                0,
                0,
                0,
                0,
                0,
                0,
                0,
                0,
                0,
                0,
                0,
                0,
                0,
                0,
                0,
                0,
                0,
                0,
                0,
                0,
                0,
                0,
                0,
                0,
                0,
                0,
                0,
                0,
                0,
                0,
                0,
                0,
                0,
                0,
                0,
                0,
                0,
                0,
                0,
                0,
                0,
                0,
                0,
                0,
                0,
                0,
                0,
                0,
                0,
                0,
                0,
                0,
                0,
                0,
                0,
                0,
                0,
                0,
                0,
                0,
                0,
                0,
                0,
                0,
                0,
                0,
                0,
                0,
                0,
                0,
                0,
                0,
                0,
                0,
                0,
                0,
                0,
                0,
                0,
                0,
                0,
                0,
                0,
                0,
                0,
                0,
                0,
                0,
                0,
                0,
                0,
                0,
                0,
                0,
                0,
                0,
                0,
                0,
                0,
                0,
                0,
                0,
                0,
                0,
                0,
                0,
                0,
                0,
                0,
                0,
                0,
                0,
                0,
                0,
                0,
                0,
                0,
                0,
                0,
                0,
                0,
                0,
                0,
                0,
                0,
                0,
                0,
                0,
                0,
                0,
                0
            ],
            "hand_left_keypoints_2d": [
                351.991,
                219.84,
                0.0233366,
                342.876,
                212.19,
                0.0204178,
                339.946,
                209.911,
                0.0347422,
                338.156,
                210.237,
                0.0267678,
                339.621,
                214.469,
                0.0173341,
                330.344,
                217.073,
                0.0359863,
                327.414,
                214.794,
                0.0497225,
                330.018,
                217.724,
                0.0442949,
                338.319,
                214.469,
                0.0109679,
                339.621,
                218.049,
                0.0223841,
                333.436,
                219.026,
                0.0226731,
                332.622,
                219.514,
                0.0145372,
                342.876,
                220.165,
                0.00673145,
                342.713,
                219.352,
                0.0209237,
                337.831,
                221.63,
                0.0171086,
                337.831,
                221.956,
                0.0118768,
                337.993,
                222.118,
                0.00959766,
                343.202,
                219.514,
                0.0108784,
                324.973,
                215.12,
                0.00988259,
                338.156,
                225.862,
                0.0103195,
                338.319,
                225.862,
                0.00890574
            ],
            "hand_right_keypoints_2d": [
                420.463,
                202.593,
                0.0306478,
                412.931,
                206.285,
                0.0249186,
                412.635,
                206.58,
                0.0311245,
                417.804,
                213.226,
                0.0171368,
                420.906,
                215.737,
                0.0260552,
                422.235,
                198.014,
                0.0290127,
                421.94,
                199.934,
                0.02432,
                422.53,
                216.623,
                0.03145,
                420.758,
                215.885,
                0.0381529,
                418.543,
                213.226,
                0.0123763,
                422.235,
                210.125,
                0.0248522,
                422.974,
                215.442,
                0.0285772,
                422.087,
                214.851,
                0.0257989,
                422.235,
                214.703,
                0.0143572,
                422.383,
                210.42,
                0.0187536,
                422.974,
                214.703,
                0.0253281,
                423.712,
                215.442,
                0.0328251,
                422.235,
                215.442,
                0.0122148,
                423.86,
                215.885,
                0.0135169,
                424.155,
                215.442,
                0.0287824,
                423.712,
                215.589,
                0.0250277
            ],
            "pose_keypoints_3d": [],
            "face_keypoints_3d": [],
            "hand_left_keypoints_3d": [],
            "hand_right_keypoints_3d": []
        }
    ]
}