{
    "version": 1.3,
    "people": [
        {
            "person_id": [
                -1
            ],
            "pose_keypoints_2d": [
                0,
                0,
                0,
                331.102,
                158.939,
                0.850996,
                347.796,
                156.999,
                0.847523,
                367.33,
                175.55,
                0.868944,
                371.261,
                201.049,
                0.863703,
                310.58,
                159.918,
                0.886669,
                308.635,
                186.382,
                0.819171,
                304.715,
                201.996,
                0.514392,
                338.921,
                202.013,
                0.704784,
                347.748,
                201.014,
                0.742145,
                339.912,
                243.101,
                0.758243,
                340.893,
                278.334,
                0.810402,
                327.237,
                203.966,
                0.689271,
                333.111,
                247.004,
                0.860385,
                347.742,
                287.102,
                0.76765,
                0,
                0,
                0,
                0,
                0,
                0,
                334.068,
                138.417,
                0.786451,
                318.423,
                138.443,
                0.825298,
                340.955,
                295.927,
                0.587968,
                341.89,
                296.892,
                0.61079,
                349.708,
                291.981,
                0.729769,
                331.139,
                286.149,
                0.528451,
                333.103,
                285.172,
                0.495901,
                341.897,
                283.192,
                0.525193
            ],
            "face_keypoints_2d": [
                0,
                0,
                0,
                0,
                0,
                0,
                0,
                0,
                0,
                0,
                0,
                0,
                0,
                0,
                0,
                0,
                0,
                0,
                0,
                0,
                0,
                0,
                0,
                0,
                0,
                0,
                0,
                0,
                0,
                0,
                0,
                0,
                0,
                0,
                0,
                0,
                0,
                0,
                0,
                0,
                0,
                0,
                0,
                0,
                0,
                0,
                0,
                0,
                0,
                0,
                0,
                0,
                0,
                0,
                0,
                0,
                0,
                0,
                0,
                0,
                0,
                0,
                0,
                0,
                0,
                0,
                0,
                0,
                0,
                0,
                0,
                0,
                0,
                0,
                0,
                0,
                0,
                0,
                0,
                0,
                0,
                0,
                0,
                0,
                0,
                0,
                0,
                0,
                0,
                0,
                0,
                0,
                0,
                0,
                0,
                0,
                0,
                0,
                0,
                0,
                0,
                0,
                0,
                0,
                0,
                0,
                0,
                0,
                0,
                0,
                0,
                0,
                0,
                0,
                0,
                0,
                0,
                0,
                0,
                0,
                0,
                0,
                0,
                0,
                0,
                0,
                0,
                0,
                0,
                0,
                0,
                0,
                0,
                0,
                0,
                0,
                0,
                0,
                0,
                0,
                0,
                0,
                0,
                0,
                0,
                0,
                0,
                0,
                0,
                0,
                0,
                0,
                0,
                0,
                0,
                0,
                0,
                0,
                0,
                0,
                0,
                0,
                0,
                0,
                0,
                0,
                0,
                0,
                0,
                0,
                0,
                0,
                0,
                0,
                0,
                0,
                0,
                0,
                0,
                0,
                0,
                0,
                0,
                0,
                0,
                0,
                0,
                0,
                0,
                0,
                0,
                0,
                0,
                0,
                0,
                0,
                0,
                0,
                0,
                0,
                0,
                0,
                0,
                0,
                0,
                0,
                0,
                0,
                0,
                0
            ],
            "hand_left_keypoints_2d": [
                304.59,
                198.777,
                0.020515,
                304.492,
                202.184,
                0.0120583,
                308.581,
                200.334,
                0.0182997,
                308.775,
                202.087,
                0.0198442,
                309.749,
                201.211,
                0.0132217,
                308.483,
                199.848,
                0.00754941,
                307.705,
                204.91,
                0.00805031,
                307.705,
                205.007,
                0.0072407,
                308.581,
                207.343,
                0.00511369,
                304.492,
                203.255,
                0.00561324,
                307.705,
                204.812,
                0.00278782,
                307.802,
                205.007,
                0.00411604,
                309.457,
                199.848,
                0.0017128,
                304.59,
                203.06,
                0.00557585,
                304.395,
                203.644,
                0.00356378,
                304.298,
                204.228,
                0.00473819,
                304.2,
                204.618,
                0.00183558,
                304.687,
                203.157,
                0.00688569,
                304.687,
                203.644,
                0.0072155,
                307.802,
                205.007,
                0.00515325,
                305.174,
                203.449,
                0.00231112
            ],
            "hand_right_keypoints_2d": [
                371.086,
                207.992,
                0.0250026,
                371.612,
                203.575,
                0.0243579,
                371.612,
                202.944,
                0.0231606,
                376.45,
                213.145,
                0.0290545,
                376.45,
                214.827,
                0.0211716,
                376.239,
                209.148,
                0.0277131,
                376.029,
                209.359,
                0.0116445,
                376.134,
                209.885,
                0.014989,
                375.503,
                210.516,
                0.00949236,
                375.924,
                209.359,
                0.00788808,
                371.402,
                210.621,
                0.00573503,
                375.819,
                209.674,
                0.00884297,
                372.769,
                220.296,
                0.00673864,
                375.924,
                209.359,
                0.0067638,
                371.297,
                212.303,
                0.00615012,
                372.138,
                219.454,
                0.008032,
                372.138,
                219.77,
                0.00855024,
                371.612,
                219.77,
                0.00599629,
                375.924,
                209.359,
                0.00739181,
                371.297,
                219.875,
                0.00815867,
                371.928,
                219.875,
                0.00792337
            ],
            "pose_keypoints_3d": [],
            "face_keypoints_3d": [],
            "hand_left_keypoints_3d": [],
            "hand_right_keypoints_3d": []
        }
    ]
}