{
    "version": 1.3,
    "people": [
        {
            "person_id": [
                -1
            ],
            "pose_keypoints_2d": [
                0,
                0,
                0,
                339.962,
                167.778,
                0.932414,
                357.531,
                167.753,
                0.869628,
                365.388,
                196.122,
                0.795683,
                366.338,
                222.526,
                0.822147,
                321.366,
                168.711,
                0.853585,
                316.47,
                199.04,
                0.873271,
                316.429,
                222.538,
                0.817919,
                340.963,
                213.763,
                0.776674,
                354.578,
                213.749,
                0.721107,
                354.61,
                256.79,
                0.706867,
                357.536,
                285.183,
                0.15828,
                332.086,
                214.723,
                0.76538,
                332.078,
                254.809,
                0.845088,
                339.962,
                292.018,
                0.837541,
                0,
                0,
                0,
                0,
                0,
                0,
                346.751,
                145.306,
                0.789531,
                330.162,
                146.28,
                0.804811,
                339.935,
                294.941,
                0.494274,
                337.971,
                294.955,
                0.568797,
                340.95,
                294.936,
                0.793296,
                0,
                0,
                0,
                0,
                0,
                0,
                356.617,
                291.026,
                0.131801
            ],
            "face_keypoints_2d": [
                0,
                0,
                0,
                0,
                0,
                0,
                0,
                0,
                0,
                0,
                0,
                0,
                0,
                0,
                0,
                0,
                0,
                0,
                0,
                0,
                0,
                0,
                0,
                0,
                0,
                0,
                0,
                0,
                0,
                0,
                0,
                0,
                0,
                0,
                0,
                0,
                0,
                0,
                0,
                0,
                0,
                0,
                0,
                0,
                0,
                0,
                0,
                0,
                0,
                0,
                0,
                0,
                0,
                0,
                0,
                0,
                0,
                0,
                0,
                0,
                0,
                0,
                0,
                0,
                0,
                0,
                0,
                0,
                0,
                0,
                0,
                0,
                0,
                0,
                0,
                0,
                0,
                0,
                0,
                0,
                0,
                0,
                0,
                0,
                0,
                0,
                0,
                0,
                0,
                0,
                0,
                0,
                0,
                0,
                0,
                0,
                0,
                0,
                0,
                0,
                0,
                0,
                0,
                0,
                0,
                0,
                0,
                0,
                0,
                0,
                0,
                0,
                0,
                0,
                0,
                0,
                0,
                0,
                0,
                0,
                0,
                0,
                0,
                0,
                0,
                0,
                0,
                0,
                0,
                0,
                0,
                0,
                0,
                0,
                0,
                0,
                0,
                0,
                0,
                0,
                0,
                0,
                0,
                0,
                0,
                0,
                0,
                0,
                0,
                0,
                0,
                0,
                0,
                0,
                0,
                0,
                0,
                0,
                0,
                0,
                0,
                0,
                0,
                0,
                0,
                0,
                0,
                0,
                0,
                0,
                0,
                0,
                0,
                0,
                0,
                0,
                0,
                0,
                0,
                0,
                0,
                0,
                0,
                0,
                0,
                0,
                0,
                0,
                0,
                0,
                0,
                0,
                0,
                0,
                0,
                0,
                0,
                0,
                0,
                0,
                0,
                0,
                0,
                0,
                0,
                0,
                0,
                0,
                0,
                0
            ],
            "hand_left_keypoints_2d": [
                313.936,
                223.756,
                0.0570842,
                311.569,
                225.108,
                0.0424057,
                302.44,
                232.434,
                0.0865271,
                303.004,
                233.336,
                0.0601275,
                303.905,
                236.491,
                0.0231423,
                324.079,
                226.123,
                0.0195888,
                302.44,
                232.659,
                0.0136346,
                308.526,
                231.871,
                0.0131965,
                324.304,
                226.461,
                0.0115557,
                321.374,
                227.137,
                0.010597,
                322.05,
                228.039,
                0.0102557,
                323.29,
                227.363,
                0.00975865,
                323.966,
                226.574,
                0.0112367,
                319.458,
                229.729,
                0.0113206,
                320.698,
                227.926,
                0.0118443,
                321.374,
                227.926,
                0.0113097,
                323.177,
                227.137,
                0.0102749,
                318.556,
                230.856,
                0.0173036,
                301.989,
                232.209,
                0.0145477,
                319.458,
                231.42,
                0.009547,
                319.683,
                231.532,
                0.0080212
            ],
            "hand_right_keypoints_2d": [
                365.787,
                228.108,
                0.0504322,
                365.355,
                231.24,
                0.0331376,
                367.839,
                233.183,
                0.015386,
                366.543,
                235.019,
                0.0102242,
                359.74,
                233.399,
                0.0057612,
                366.543,
                235.451,
                0.00751632,
                365.463,
                239.231,
                0.00695004,
                365.679,
                239.771,
                0.00725534,
                361.036,
                238.367,
                0.00565665,
                366.759,
                235.667,
                0.00771603,
                365.031,
                239.447,
                0.0069466,
                364.275,
                239.555,
                0.00723149,
                361.684,
                239.123,
                0.00470338,
                366.651,
                235.559,
                0.00672607,
                364.599,
                239.771,
                0.00877049,
                364.491,
                239.771,
                0.0089482,
                364.167,
                239.987,
                0.00729011,
                365.139,
                233.939,
                0.00662379,
                364.059,
                239.771,
                0.00600206,
                364.167,
                239.771,
                0.0075936,
                363.952,
                239.879,
                0.00644185
            ],
            "pose_keypoints_3d": [],
            "face_keypoints_3d": [],
            "hand_left_keypoints_3d": [],
            "hand_right_keypoints_3d": []
        }
    ]
}