{
    "version": 1.3,
    "people": [
        {
            "person_id": [
                -1
            ],
            "pose_keypoints_2d": [
                0,
                0,
                0,
                335.051,
                160.977,
                0.888201,
                355.54,
                162.879,
                0.846009,
                363.424,
                193.216,
                0.83416,
                361.448,
                207.916,
                0.262799,
                316.499,
                160.955,
                0.899024,
                308.577,
                184.406,
                0.829109,
                303.728,
                208.872,
                0.79743,
                337.988,
                206.883,
                0.739125,
                347.791,
                206.88,
                0.758966,
                345.783,
                253.816,
                0.80059,
                345.793,
                292.987,
                0.810109,
                326.236,
                206.885,
                0.751099,
                324.247,
                246.062,
                0.813206,
                316.415,
                245.055,
                0.507433,
                0,
                0,
                0,
                0,
                0,
                0,
                340.949,
                143.317,
                0.75198,
                326.242,
                142.348,
                0.871139,
                309.609,
                247.034,
                0.264849,
                308.652,
                246.984,
                0.238885,
                312.543,
                241.136,
                0.331378,
                340.903,
                294.951,
                0.508366,
                345.807,
                294.972,
                0.477377,
                344.831,
                296.909,
                0.72533
            ],
            "face_keypoints_2d": [
                0,
                0,
                0,
                0,
                0,
                0,
                0,
                0,
                0,
                0,
                0,
                0,
                0,
                0,
                0,
                0,
                0,
                0,
                0,
                0,
                0,
                0,
                0,
                0,
                0,
                0,
                0,
                0,
                0,
                0,
                0,
                0,
                0,
                0,
                0,
                0,
                0,
                0,
                0,
                0,
                0,
                0,
                0,
                0,
                0,
                0,
                0,
                0,
                0,
                0,
                0,
                0,
                0,
                0,
                0,
                0,
                0,
                0,
                0,
                0,
                0,
                0,
                0,
                0,
                0,
                0,
                0,
                0,
                0,
                0,
                0,
                0,
                0,
                0,
                0,
                0,
                0,
                0,
                0,
                0,
                0,
                0,
                0,
                0,
                0,
                0,
                0,
                0,
                0,
                0,
                0,
                0,
                0,
                0,
                0,
                0,
                0,
                0,
                0,
                0,
                0,
                0,
                0,
                0,
                0,
                0,
                0,
                0,
                0,
                0,
                0,
                0,
                0,
                0,
                0,
                0,
                0,
                0,
                0,
                0,
                0,
                0,
                0,
                0,
                0,
                0,
                0,
                0,
                0,
                0,
                0,
                0,
                0,
                0,
                0,
                0,
                0,
                0,
                0,
                0,
                0,
                0,
                0,
                0,
                0,
                0,
                0,
                0,
                0,
                0,
                0,
                0,
                0,
                0,
                0,
                0,
                0,
                0,
                0,
                0,
                0,
                0,
                0,
                0,
                0,
                0,
                0,
                0,
                0,
                0,
                0,
                0,
                0,
                0,
                0,
                0,
                0,
                0,
                0,
                0,
                0,
                0,
                0,
                0,
                0,
                0,
                0,
                0,
                0,
                0,
                0,
                0,
                0,
                0,
                0,
                0,
                0,
                0,
                0,
                0,
                0,
                0,
                0,
                0,
                0,
                0,
                0,
                0,
                0,
                0
            ],
            "hand_left_keypoints_2d": [
                311.989,
                216.031,
                0.0775025,
                311.48,
                218.877,
                0.0116345,
                307.719,
                226.4,
                0.0223004,
                307.922,
                225.892,
                0.0150255,
                307.312,
                226.095,
                0.0108678,
                307.007,
                225.994,
                0.0194159,
                306.601,
                221.216,
                0.0162369,
                307.821,
                226.095,
                0.0132743,
                308.329,
                225.79,
                0.00867684,
                305.889,
                221.317,
                0.00894184,
                306.092,
                220.504,
                0.0111082,
                308.126,
                225.689,
                0.00765177,
                307.821,
                227.62,
                0.0055929,
                307.516,
                225.79,
                0.00774026,
                305.889,
                220.606,
                0.00659411,
                308.329,
                225.689,
                0.0081198,
                304.974,
                227.62,
                0.00455819,
                308.126,
                226.095,
                0.00904751,
                308.329,
                226.197,
                0.00967224,
                308.329,
                226.299,
                0.00847861,
                302.636,
                217.352,
                0.00523321
            ],
            "hand_right_keypoints_2d": [
                362.981,
                205.178,
                0.0188691,
                360.451,
                208.397,
                0.0170277,
                360.911,
                209.662,
                0.0239287,
                355.967,
                217.712,
                0.0245248,
                357.347,
                217.941,
                0.0176485,
                358.152,
                221.161,
                0.0220068,
                356.542,
                221.506,
                0.026928,
                355.737,
                223.116,
                0.0404022,
                358.152,
                221.391,
                0.0160171,
                356.542,
                223.921,
                0.0197643,
                354.012,
                222.656,
                0.0222968,
                355.967,
                224.611,
                0.0310894,
                358.496,
                221.506,
                0.0162721,
                355.622,
                224.496,
                0.0140952,
                353.552,
                223.116,
                0.0155113,
                356.542,
                222.541,
                0.0165012,
                358.496,
                221.621,
                0.0194079,
                356.542,
                211.617,
                0.0109236,
                356.197,
                212.192,
                0.0100478,
                352.632,
                198.853,
                0.0158624,
                358.382,
                221.506,
                0.0140923
            ],
            "pose_keypoints_3d": [],
            "face_keypoints_3d": [],
            "hand_left_keypoints_3d": [],
            "hand_right_keypoints_3d": []
        }
    ]
}