{
    "version": 1.3,
    "people": [
        {
            "person_id": [
                -1
            ],
            "pose_keypoints_2d": [
                331.115,
                186.352,
                0.29462,
                333.07,
                189.27,
                0.832072,
                324.258,
                190.267,
                0.815939,
                321.358,
                200.031,
                0.864032,
                321.341,
                207.895,
                0.756928,
                340.883,
                185.414,
                0.862359,
                350.693,
                183.435,
                0.76141,
                358.539,
                177.577,
                0.694993,
                333.104,
                207.923,
                0.872209,
                331.108,
                207.928,
                0.837356,
                328.182,
                224.5,
                0.863433,
                325.291,
                244.051,
                0.827482,
                339.887,
                207.916,
                0.867319,
                339.91,
                226.474,
                0.791876,
                336.987,
                244.058,
                0.744716,
                0,
                0,
                0,
                332.078,
                184.412,
                0.251825,
                318.455,
                181.47,
                0.370915,
                334.075,
                184.395,
                0.208607,
                339.919,
                246.99,
                0.576248,
                340.886,
                246.044,
                0.624075,
                334.058,
                245.053,
                0.524343,
                331.145,
                247.005,
                0.756511,
                326.24,
                246.993,
                0.735244,
                325.259,
                245.068,
                0.777233
            ],
            "face_keypoints_2d": [
                0,
                0,
                0,
                0,
                0,
                0,
                0,
                0,
                0,
                0,
                0,
                0,
                0,
                0,
                0,
                0,
                0,
                0,
                0,
                0,
                0,
                0,
                0,
                0,
                0,
                0,
                0,
                0,
                0,
                0,
                0,
                0,
                0,
                0,
                0,
                0,
                0,
                0,
                0,
                0,
                0,
                0,
                0,
                0,
                0,
                0,
                0,
                0,
                0,
                0,
                0,
                0,
                0,
                0,
                0,
                0,
                0,
                0,
                0,
                0,
                0,
                0,
                0,
                0,
                0,
                0,
                0,
                0,
                0,
                0,
                0,
                0,
                0,
                0,
                0,
                0,
                0,
                0,
                0,
                0,
                0,
                0,
                0,
                0,
                0,
                0,
                0,
                0,
                0,
                0,
                0,
                0,
                0,
                0,
                0,
                0,
                0,
                0,
                0,
                0,
                0,
                0,
                0,
                0,
                0,
                0,
                0,
                0,
                0,
                0,
                0,
                0,
                0,
                0,
                0,
                0,
                0,
                0,
                0,
                0,
                0,
                0,
                0,
                0,
                0,
                0,
                0,
                0,
                0,
                0,
                0,
                0,
                0,
                0,
                0,
                0,
                0,
                0,
                0,
                0,
                0,
                0,
                0,
                0,
                0,
                0,
                0,
                0,
                0,
                0,
                0,
                0,
                0,
                0,
                0,
                0,
                0,
                0,
                0,
                0,
                0,
                0,
                0,
                0,
                0,
                0,
                0,
                0,
                0,
                0,
                0,
                0,
                0,
                0,
                0,
                0,
                0,
                0,
                0,
                0,
                0,
                0,
                0,
                0,
                0,
                0,
                0,
                0,
                0,
                0,
                0,
                0,
                0,
                0,
                0,
                0,
                0,
                0,
                0,
                0,
                0,
                0,
                0,
                0,
                0,
                0,
                0,
                0,
                0,
                0
            ],
            "hand_left_keypoints_2d": [
                360.13,
                178.876,
                0.00992453,
                359.811,
                176.003,
                0.01288,
                359.492,
                175.923,
                0.0100118,
                359.173,
                176.601,
                0.00921217,
                358.853,
                177.04,
                0.00462031,
                359.053,
                176.082,
                0.0127018,
                359.731,
                176.362,
                0.00926965,
                359.931,
                176.561,
                0.00743636,
                359.771,
                176.721,
                0.00377562,
                359.452,
                176.242,
                0.00858333,
                359.811,
                176.442,
                0.00819711,
                359.851,
                176.601,
                0.00612086,
                359.811,
                176.641,
                0.00215188,
                359.572,
                176.242,
                0.00812516,
                359.811,
                176.521,
                0.00912101,
                359.811,
                176.761,
                0.00745202,
                359.851,
                177.16,
                0.00322693,
                359.891,
                175.963,
                0.00889234,
                360.011,
                176.162,
                0.00740263,
                359.851,
                176.761,
                0.00634532,
                360.17,
                176.841,
                0.00336395
            ],
            "hand_right_keypoints_2d": [
                325.744,
                208.883,
                0.0273401,
                323.913,
                210.639,
                0.0232587,
                323.091,
                210.378,
                0.0181975,
                322.829,
                210.527,
                0.013751,
                323.054,
                210.378,
                0.00657855,
                323.166,
                210.864,
                0.0200205,
                322.605,
                211.088,
                0.0101035,
                322.232,
                211.723,
                0.00837958,
                322.269,
                208.472,
                0.00503117,
                322.755,
                211.312,
                0.00974795,
                322.344,
                211.05,
                0.00743361,
                322.344,
                211.536,
                0.00672464,
                322.344,
                208.771,
                0.00270471,
                322.717,
                211.312,
                0.00961294,
                320.924,
                211.237,
                0.00911708,
                320.999,
                211.648,
                0.00848799,
                320.924,
                211.798,
                0.00503147,
                322.643,
                211.424,
                0.0106642,
                322.418,
                211.686,
                0.00836413,
                320.924,
                211.798,
                0.00797918,
                320.849,
                211.873,
                0.00577752
            ],
            "pose_keypoints_3d": [],
            "face_keypoints_3d": [],
            "hand_left_keypoints_3d": [],
            "hand_right_keypoints_3d": []
        }
    ]
}