{
    "version": 1.3,
    "people": [
        {
            "person_id": [
                -1
            ],
            "pose_keypoints_2d": [
                0,
                0,
                0,
                426.049,
                104.165,
                0.874031,
                449.516,
                105.148,
                0.825777,
                458.336,
                152.146,
                0.82891,
                457.353,
                190.275,
                0.752396,
                402.528,
                102.231,
                0.779747,
                394.757,
                149.191,
                0.85623,
                389.835,
                192.209,
                0.809011,
                432.835,
                183.406,
                0.61165,
                447.52,
                182.456,
                0.587607,
                450.496,
                261.691,
                0.839999,
                453.392,
                329.183,
                0.723284,
                417.207,
                183.403,
                0.615884,
                389.825,
                243.103,
                0.786224,
                409.384,
                307.627,
                0.78503,
                0,
                0,
                0,
                403.492,
                73.8437,
                0.0997178,
                430.92,
                74.8815,
                0.32435,
                410.318,
                73.8786,
                0.930018,
                392.732,
                322.319,
                0.69827,
                395.664,
                322.305,
                0.760082,
                415.241,
                311.567,
                0.712674,
                430.903,
                332.072,
                0.687909,
                433.866,
                331.11,
                0.611588,
                457.332,
                337.97,
                0.674786
            ],
            "face_keypoints_2d": [
                0,
                0,
                0,
                0,
                0,
                0,
                0,
                0,
                0,
                0,
                0,
                0,
                0,
                0,
                0,
                0,
                0,
                0,
                0,
                0,
                0,
                0,
                0,
                0,
                0,
                0,
                0,
                0,
                0,
                0,
                0,
                0,
                0,
                0,
                0,
                0,
                0,
                0,
                0,
                0,
                0,
                0,
                0,
                0,
                0,
                0,
                0,
                0,
                0,
                0,
                0,
                0,
                0,
                0,
                0,
                0,
                0,
                0,
                0,
                0,
                0,
                0,
                0,
                0,
                0,
                0,
                0,
                0,
                0,
                0,
                0,
                0,
                0,
                0,
                0,
                0,
                0,
                0,
                0,
                0,
                0,
                0,
                0,
                0,
                0,
                0,
                0,
                0,
                0,
                0,
                0,
                0,
                0,
                0,
                0,
                0,
                0,
                0,
                0,
                0,
                0,
                0,
                0,
                0,
                0,
                0,
                0,
                0,
                0,
                0,
                0,
                0,
                0,
                0,
                0,
                0,
                0,
                0,
                0,
                0,
                0,
                0,
                0,
                0,
                0,
                0,
                0,
                0,
                0,
                0,
                0,
                0,
                0,
                0,
                0,
                0,
                0,
                0,
                0,
                0,
                0,
                0,
                0,
                0,
                0,
                0,
                0,
                0,
                0,
                0,
                0,
                0,
                0,
                0,
                0,
                0,
                0,
                0,
                0,
                0,
                0,
                0,
                0,
                0,
                0,
                0,
                0,
                0,
                0,
                0,
                0,
                0,
                0,
                0,
                0,
                0,
                0,
                0,
                0,
                0,
                0,
                0,
                0,
                0,
                0,
                0,
                0,
                0,
                0,
                0,
                0,
                0,
                0,
                0,
                0,
                0,
                0,
                0,
                0,
                0,
                0,
                0,
                0,
                0,
                0,
                0,
                0,
                0,
                0,
                0
            ],
            "hand_left_keypoints_2d": [
                389.269,
                200.404,
                0.0954044,
                392.799,
                188.579,
                0.0770541,
                397.388,
                182.755,
                0.0563606,
                400.564,
                179.578,
                0.0456351,
                402.682,
                177.284,
                0.0684047,
                391.387,
                209.581,
                0.0280325,
                390.505,
                220.17,
                0.0249629,
                391.564,
                218.405,
                0.0487746,
                394.74,
                223.523,
                0.0357946,
                389.269,
                209.757,
                0.01311,
                393.152,
                211.522,
                0.0167657,
                391.917,
                219.288,
                0.0164904,
                393.505,
                222.464,
                0.0212517,
                388.21,
                209.934,
                0.0104051,
                387.151,
                211.522,
                0.0121119,
                391.917,
                219.464,
                0.0114686,
                393.152,
                222.112,
                0.016867,
                395.446,
                211.699,
                0.00885163,
                389.799,
                221.582,
                0.00843982,
                390.328,
                221.759,
                0.00997259,
                393.152,
                222.288,
                0.00970087
            ],
            "hand_right_keypoints_2d": [
                464.748,
                212.155,
                0.0466899,
                457.731,
                204.436,
                0.0292729,
                449.486,
                194.788,
                0.0175114,
                442.118,
                199.174,
                0.0138902,
                439.662,
                202.507,
                0.016253,
                457.555,
                196.016,
                0.0220368,
                437.908,
                203.208,
                0.0202949,
                460.713,
                195.314,
                0.0320607,
                438.259,
                210.576,
                0.018396,
                461.941,
                195.314,
                0.03052,
                465.8,
                193.385,
                0.0259777,
                438.61,
                211.453,
                0.0248262,
                438.96,
                210.752,
                0.0202691,
                464.923,
                198.823,
                0.0279745,
                465.449,
                195.139,
                0.0219865,
                464.923,
                196.718,
                0.0167865,
                439.311,
                211.278,
                0.016731,
                467.554,
                200.577,
                0.0199721,
                468.256,
                199.875,
                0.0147631,
                460.537,
                196.367,
                0.0128366,
                461.239,
                196.718,
                0.0107618
            ],
            "pose_keypoints_3d": [],
            "face_keypoints_3d": [],
            "hand_left_keypoints_3d": [],
            "hand_right_keypoints_3d": []
        }
    ]
}