{
    "version": 1.3,
    "people": [
        {
            "person_id": [
                -1
            ],
            "pose_keypoints_2d": [
                0,
                0,
                0,
                334.073,
                158.979,
                0.886574,
                353.622,
                159.891,
                0.869926,
                362.407,
                189.284,
                0.823891,
                356.551,
                208.874,
                0.669206,
                316.499,
                158.972,
                0.886129,
                309.66,
                186.358,
                0.836831,
                309.592,
                213.727,
                0.850321,
                338.97,
                202.997,
                0.748355,
                348.732,
                202.016,
                0.745174,
                351.692,
                245.051,
                0.700635,
                357.542,
                246.046,
                0.504829,
                327.207,
                204.936,
                0.716933,
                325.227,
                246.011,
                0.891952,
                331.136,
                286.106,
                0.862842,
                0,
                0,
                0,
                0,
                0,
                0,
                339.925,
                137.466,
                0.831109,
                324.313,
                138.42,
                0.917289,
                325.29,
                288.082,
                0.585336,
                325.228,
                290.032,
                0.69327,
                332.132,
                290.063,
                0.803863,
                363.405,
                252.881,
                0.274514,
                363.395,
                253.829,
                0.245483,
                363.441,
                245.034,
                0.446625
            ],
            "face_keypoints_2d": [
                0,
                0,
                0,
                0,
                0,
                0,
                0,
                0,
                0,
                0,
                0,
                0,
                0,
                0,
                0,
                0,
                0,
                0,
                0,
                0,
                0,
                0,
                0,
                0,
                0,
                0,
                0,
                0,
                0,
                0,
                0,
                0,
                0,
                0,
                0,
                0,
                0,
                0,
                0,
                0,
                0,
                0,
                0,
                0,
                0,
                0,
                0,
                0,
                0,
                0,
                0,
                0,
                0,
                0,
                0,
                0,
                0,
                0,
                0,
                0,
                0,
                0,
                0,
                0,
                0,
                0,
                0,
                0,
                0,
                0,
                0,
                0,
                0,
                0,
                0,
                0,
                0,
                0,
                0,
                0,
                0,
                0,
                0,
                0,
                0,
                0,
                0,
                0,
                0,
                0,
                0,
                0,
                0,
                0,
                0,
                0,
                0,
                0,
                0,
                0,
                0,
                0,
                0,
                0,
                0,
                0,
                0,
                0,
                0,
                0,
                0,
                0,
                0,
                0,
                0,
                0,
                0,
                0,
                0,
                0,
                0,
                0,
                0,
                0,
                0,
                0,
                0,
                0,
                0,
                0,
                0,
                0,
                0,
                0,
                0,
                0,
                0,
                0,
                0,
                0,
                0,
                0,
                0,
                0,
                0,
                0,
                0,
                0,
                0,
                0,
                0,
                0,
                0,
                0,
                0,
                0,
                0,
                0,
                0,
                0,
                0,
                0,
                0,
                0,
                0,
                0,
                0,
                0,
                0,
                0,
                0,
                0,
                0,
                0,
                0,
                0,
                0,
                0,
                0,
                0,
                0,
                0,
                0,
                0,
                0,
                0,
                0,
                0,
                0,
                0,
                0,
                0,
                0,
                0,
                0,
                0,
                0,
                0,
                0,
                0,
                0,
                0,
                0,
                0,
                0,
                0,
                0,
                0,
                0,
                0
            ],
            "hand_left_keypoints_2d": [
                314.478,
                215.619,
                0.0316135,
                310.016,
                211.938,
                0.0369186,
                310.239,
                222.425,
                0.0463094,
                310.908,
                223.206,
                0.120351,
                310.573,
                223.317,
                0.0360745,
                308.565,
                221.755,
                0.0289396,
                310.35,
                223.094,
                0.0164423,
                309.235,
                222.09,
                0.0203571,
                310.016,
                222.759,
                0.00946802,
                311.689,
                222.202,
                0.00922603,
                308.119,
                218.966,
                0.00498312,
                310.239,
                223.206,
                0.00684687,
                312.024,
                218.855,
                0.00813426,
                311.689,
                222.313,
                0.00888245,
                308.119,
                218.966,
                0.0069058,
                313.92,
                218.855,
                0.00764895,
                314.366,
                218.408,
                0.00724617,
                311.131,
                223.094,
                0.0115925,
                310.796,
                223.317,
                0.0132757,
                310.35,
                223.317,
                0.0100381,
                314.366,
                218.855,
                0.00649385
            ],
            "hand_right_keypoints_2d": [
                337.287,
                216.915,
                0.0125175,
                349.442,
                218.603,
                0.0182648,
                349.329,
                219.165,
                0.0303278,
                357.207,
                220.516,
                0.0329061,
                356.757,
                222.992,
                0.0260683,
                351.017,
                218.49,
                0.0301531,
                351.355,
                220.291,
                0.0280123,
                353.493,
                221.191,
                0.0363385,
                352.03,
                220.403,
                0.0347717,
                351.017,
                218.265,
                0.0145735,
                352.143,
                219.278,
                0.0182326,
                353.268,
                220.741,
                0.0205297,
                352.255,
                220.291,
                0.0204837,
                352.255,
                218.265,
                0.0141275,
                352.368,
                219.391,
                0.0147335,
                352.593,
                220.516,
                0.0150291,
                352.255,
                220.966,
                0.0159736,
                351.355,
                218.94,
                0.0123633,
                352.03,
                220.178,
                0.0126987,
                354.056,
                221.979,
                0.0148692,
                352.706,
                220.291,
                0.0118176
            ],
            "pose_keypoints_3d": [],
            "face_keypoints_3d": [],
            "hand_left_keypoints_3d": [],
            "hand_right_keypoints_3d": []
        }
    ]
}