{
    "version": 1.3,
    "people": [
        {
            "person_id": [
                -1
            ],
            "pose_keypoints_2d": [
                0,
                0,
                0,
                339.942,
                146.241,
                0.912512,
                356.613,
                146.277,
                0.855499,
                365.398,
                177.585,
                0.733434,
                363.374,
                198.08,
                0.290551,
                320.388,
                145.316,
                0.837586,
                317.422,
                174.634,
                0.832733,
                316.462,
                195.154,
                0.8356,
                345.801,
                196.128,
                0.698942,
                356.568,
                195.154,
                0.71529,
                367.313,
                245.996,
                0.829721,
                380.087,
                286.149,
                0.652758,
                333.064,
                197.127,
                0.737279,
                324.29,
                239.171,
                0.886585,
                333.068,
                284.144,
                0.835089,
                0,
                0,
                0,
                0,
                0,
                0,
                341.918,
                128.682,
                0.52308,
                325.272,
                128.666,
                0.918178,
                327.217,
                293.983,
                0.593001,
                325.268,
                293.011,
                0.705131,
                335.047,
                286.173,
                0.794729,
                373.197,
                303.764,
                0.791778,
                377.119,
                302.751,
                0.680743,
                385.912,
                299.815,
                0.594296
            ],
            "face_keypoints_2d": [
                0,
                0,
                0,
                0,
                0,
                0,
                0,
                0,
                0,
                0,
                0,
                0,
                0,
                0,
                0,
                0,
                0,
                0,
                0,
                0,
                0,
                0,
                0,
                0,
                0,
                0,
                0,
                0,
                0,
                0,
                0,
                0,
                0,
                0,
                0,
                0,
                0,
                0,
                0,
                0,
                0,
                0,
                0,
                0,
                0,
                0,
                0,
                0,
                0,
                0,
                0,
                0,
                0,
                0,
                0,
                0,
                0,
                0,
                0,
                0,
                0,
                0,
                0,
                0,
                0,
                0,
                0,
                0,
                0,
                0,
                0,
                0,
                0,
                0,
                0,
                0,
                0,
                0,
                0,
                0,
                0,
                0,
                0,
                0,
                0,
                0,
                0,
                0,
                0,
                0,
                0,
                0,
                0,
                0,
                0,
                0,
                0,
                0,
                0,
                0,
                0,
                0,
                0,
                0,
                0,
                0,
                0,
                0,
                0,
                0,
                0,
                0,
                0,
                0,
                0,
                0,
                0,
                0,
                0,
                0,
                0,
                0,
                0,
                0,
                0,
                0,
                0,
                0,
                0,
                0,
                0,
                0,
                0,
                0,
                0,
                0,
                0,
                0,
                0,
                0,
                0,
                0,
                0,
                0,
                0,
                0,
                0,
                0,
                0,
                0,
                0,
                0,
                0,
                0,
                0,
                0,
                0,
                0,
                0,
                0,
                0,
                0,
                0,
                0,
                0,
                0,
                0,
                0,
                0,
                0,
                0,
                0,
                0,
                0,
                0,
                0,
                0,
                0,
                0,
                0,
                0,
                0,
                0,
                0,
                0,
                0,
                0,
                0,
                0,
                0,
                0,
                0,
                0,
                0,
                0,
                0,
                0,
                0,
                0,
                0,
                0,
                0,
                0,
                0,
                0,
                0,
                0,
                0,
                0,
                0
            ],
            "hand_left_keypoints_2d": [
                319.712,
                196.628,
                0.0311607,
                315.388,
                195.331,
                0.0203549,
                320.253,
                201.817,
                0.0147819,
                321.658,
                211.33,
                0.0358974,
                321.226,
                207.871,
                0.0221816,
                321.658,
                209.925,
                0.0277071,
                322.091,
                210.033,
                0.0271667,
                321.55,
                209.817,
                0.0554906,
                320.469,
                208.087,
                0.0335194,
                320.145,
                201.817,
                0.0118932,
                321.658,
                205.817,
                0.0187951,
                323.064,
                205.709,
                0.0269392,
                320.253,
                208.195,
                0.0157036,
                320.037,
                201.601,
                0.0110502,
                321.658,
                201.385,
                0.0130135,
                323.172,
                205.06,
                0.0168994,
                323.172,
                205.385,
                0.0139341,
                320.145,
                201.061,
                0.0118395,
                321.01,
                201.493,
                0.0136932,
                320.361,
                209.709,
                0.0108062,
                320.793,
                209.168,
                0.0100995
            ],
            "hand_right_keypoints_2d": [
                370.937,
                216.892,
                0.0233036,
                357.219,
                204.367,
                0.0146492,
                356.384,
                209.735,
                0.0232089,
                350.539,
                210.689,
                0.0292573,
                348.749,
                209.019,
                0.0575151,
                350.419,
                210.093,
                0.0250733,
                350.3,
                211.643,
                0.0451103,
                349.107,
                214.148,
                0.0328242,
                349.465,
                209.019,
                0.0182279,
                351.374,
                210.808,
                0.0173308,
                350.777,
                210.093,
                0.0280314,
                350.658,
                210.093,
                0.0137766,
                349.823,
                208.303,
                0.0135764,
                350.777,
                209.616,
                0.0216342,
                351.254,
                209.854,
                0.0192701,
                350.658,
                210.093,
                0.013467,
                348.988,
                210.808,
                0.008555,
                350.539,
                209.735,
                0.0135,
                366.404,
                204.725,
                0.012207,
                348.511,
                214.864,
                0.0236434,
                348.391,
                214.864,
                0.0107345
            ],
            "pose_keypoints_3d": [],
            "face_keypoints_3d": [],
            "hand_left_keypoints_3d": [],
            "hand_right_keypoints_3d": []
        }
    ]
}