{
    "version": 1.3,
    "people": [
        {
            "person_id": [
                -1
            ],
            "pose_keypoints_2d": [
                0,
                0,
                0,
                347.727,
                156.02,
                0.856774,
                365.406,
                156.029,
                0.814207,
                379.065,
                191.206,
                0.870884,
                372.196,
                206.91,
                0.234143,
                325.296,
                156.022,
                0.840306,
                319.393,
                184.445,
                0.827621,
                318.412,
                215.701,
                0.868097,
                354.609,
                210.826,
                0.663221,
                366.334,
                209.839,
                0.651298,
                363.385,
                260.695,
                0.879974,
                371.251,
                305.702,
                0.812948,
                340.927,
                212.764,
                0.699661,
                338.937,
                259.72,
                0.835001,
                356.566,
                278.344,
                0.887432,
                0,
                0,
                0,
                0,
                0,
                0,
                349.757,
                136.42,
                0.603511,
                333.107,
                135.463,
                0.879499,
                363.431,
                300.834,
                0.481532,
                0,
                0,
                0,
                362.442,
                278.28,
                0.654154,
                364.375,
                308.652,
                0.663177,
                370.269,
                308.624,
                0.566369,
                372.182,
                309.607,
                0.807626
            ],
            "face_keypoints_2d": [
                0,
                0,
                0,
                0,
                0,
                0,
                0,
                0,
                0,
                0,
                0,
                0,
                0,
                0,
                0,
                0,
                0,
                0,
                0,
                0,
                0,
                0,
                0,
                0,
                0,
                0,
                0,
                0,
                0,
                0,
                0,
                0,
                0,
                0,
                0,
                0,
                0,
                0,
                0,
                0,
                0,
                0,
                0,
                0,
                0,
                0,
                0,
                0,
                0,
                0,
                0,
                0,
                0,
                0,
                0,
                0,
                0,
                0,
                0,
                0,
                0,
                0,
                0,
                0,
                0,
                0,
                0,
                0,
                0,
                0,
                0,
                0,
                0,
                0,
                0,
                0,
                0,
                0,
                0,
                0,
                0,
                0,
                0,
                0,
                0,
                0,
                0,
                0,
                0,
                0,
                0,
                0,
                0,
                0,
                0,
                0,
                0,
                0,
                0,
                0,
                0,
                0,
                0,
                0,
                0,
                0,
                0,
                0,
                0,
                0,
                0,
                0,
                0,
                0,
                0,
                0,
                0,
                0,
                0,
                0,
                0,
                0,
                0,
                0,
                0,
                0,
                0,
                0,
                0,
                0,
                0,
                0,
                0,
                0,
                0,
                0,
                0,
                0,
                0,
                0,
                0,
                0,
                0,
                0,
                0,
                0,
                0,
                0,
                0,
                0,
                0,
                0,
                0,
                0,
                0,
                0,
                0,
                0,
                0,
                0,
                0,
                0,
                0,
                0,
                0,
                0,
                0,
                0,
                0,
                0,
                0,
                0,
                0,
                0,
                0,
                0,
                0,
                0,
                0,
                0,
                0,
                0,
                0,
                0,
                0,
                0,
                0,
                0,
                0,
                0,
                0,
                0,
                0,
                0,
                0,
                0,
                0,
                0,
                0,
                0,
                0,
                0,
                0,
                0,
                0,
                0,
                0,
                0,
                0,
                0
            ],
            "hand_left_keypoints_2d": [
                320.892,
                215.946,
                0.0262128,
                319.745,
                220.407,
                0.0348945,
                316.558,
                225.761,
                0.0299183,
                323.569,
                232.516,
                0.0182233,
                322.804,
                231.751,
                0.0156807,
                319.235,
                226.398,
                0.0376371,
                321.657,
                233.536,
                0.0355489,
                317.578,
                228.437,
                0.0291794,
                320.764,
                231.879,
                0.0136917,
                322.804,
                225.633,
                0.0151625,
                324.461,
                231.496,
                0.0231153,
                325.098,
                230.859,
                0.0198411,
                321.402,
                232.006,
                0.0144554,
                326.373,
                226.27,
                0.0162682,
                324.971,
                231.242,
                0.0201776,
                313.754,
                232.516,
                0.0172021,
                323.824,
                232.516,
                0.0125438,
                312.862,
                235.958,
                0.0143758,
                329.815,
                229.585,
                0.018327,
                329.05,
                227.8,
                0.031844,
                329.177,
                227.8,
                0.0153157
            ],
            "hand_right_keypoints_2d": [
                374.36,
                225.659,
                0.0179162,
                367.161,
                213.754,
                0.0262925,
                361.486,
                213.2,
                0.0458684,
                362.039,
                220.676,
                0.0816655,
                362.316,
                225.936,
                0.0304168,
                364.254,
                220.537,
                0.0363866,
                362.316,
                225.798,
                0.0411196,
                366.331,
                226.213,
                0.0632755,
                370.484,
                230.089,
                0.0354205,
                365.5,
                220.537,
                0.0320267,
                368.684,
                224.552,
                0.039907,
                366.331,
                225.936,
                0.0538574,
                370.484,
                229.258,
                0.0267619,
                364.393,
                222.475,
                0.0273048,
                368.269,
                223.444,
                0.0244743,
                366.608,
                225.659,
                0.0363994,
                367.853,
                223.167,
                0.0277302,
                372.975,
                228.705,
                0.017346,
                362.178,
                226.767,
                0.017093,
                367.3,
                228.843,
                0.0348648,
                361.762,
                226.767,
                0.0161244
            ],
            "pose_keypoints_3d": [],
            "face_keypoints_3d": [],
            "hand_left_keypoints_3d": [],
            "hand_right_keypoints_3d": []
        }
    ]
}