{
    "version": 1.3,
    "people": [
        {
            "person_id": [
                -1
            ],
            "pose_keypoints_2d": [
                318.454,
                171.671,
                0.695688,
                324.296,
                181.483,
                0.864149,
                315.459,
                182.46,
                0.80017,
                303.734,
                175.623,
                0.789799,
                312.543,
                164.846,
                0.70311,
                332.143,
                180.489,
                0.800251,
                337.961,
                167.727,
                0.770245,
                331.104,
                154.059,
                0.745015,
                325.235,
                215.734,
                0.812021,
                318.426,
                216.67,
                0.761322,
                318.437,
                245.059,
                0.807078,
                319.411,
                269.542,
                0.815514,
                332.061,
                215.724,
                0.767324,
                331.129,
                245.065,
                0.825111,
                330.158,
                270.463,
                0.803732,
                316.486,
                168.765,
                0.681798,
                322.343,
                167.813,
                0.682979,
                315.475,
                171.688,
                0.102808,
                325.31,
                168.723,
                0.377209,
                328.193,
                277.309,
                0.622458,
                332.095,
                277.28,
                0.674356,
                329.163,
                271.498,
                0.582795,
                322.318,
                276.364,
                0.696761,
                317.471,
                276.328,
                0.69818,
                321.362,
                271.467,
                0.624414
            ],
            "face_keypoints_2d": [
                0,
                0,
                0,
                0,
                0,
                0,
                0,
                0,
                0,
                0,
                0,
                0,
                0,
                0,
                0,
                0,
                0,
                0,
                0,
                0,
                0,
                0,
                0,
                0,
                0,
                0,
                0,
                0,
                0,
                0,
                0,
                0,
                0,
                0,
                0,
                0,
                0,
                0,
                0,
                0,
                0,
                0,
                0,
                0,
                0,
                0,
                0,
                0,
                0,
                0,
                0,
                0,
                0,
                0,
                0,
                0,
                0,
                0,
                0,
                0,
                0,
                0,
                0,
                0,
                0,
                0,
                0,
                0,
                0,
                0,
                0,
                0,
                0,
                0,
                0,
                0,
                0,
                0,
                0,
                0,
                0,
                0,
                0,
                0,
                0,
                0,
                0,
                0,
                0,
                0,
                0,
                0,
                0,
                0,
                0,
                0,
                0,
                0,
                0,
                0,
                0,
                0,
                0,
                0,
                0,
                0,
                0,
                0,
                0,
                0,
                0,
                0,
                0,
                0,
                0,
                0,
                0,
                0,
                0,
                0,
                0,
                0,
                0,
                0,
                0,
                0,
                0,
                0,
                0,
                0,
                0,
                0,
                0,
                0,
                0,
                0,
                0,
                0,
                0,
                0,
                0,
                0,
                0,
                0,
                0,
                0,
                0,
                0,
                0,
                0,
                0,
                0,
                0,
                0,
                0,
                0,
                0,
                0,
                0,
                0,
                0,
                0,
                0,
                0,
                0,
                0,
                0,
                0,
                0,
                0,
                0,
                0,
                0,
                0,
                0,
                0,
                0,
                0,
                0,
                0,
                0,
                0,
                0,
                0,
                0,
                0,
                0,
                0,
                0,
                0,
                0,
                0,
                0,
                0,
                0,
                0,
                0,
                0,
                0,
                0,
                0,
                0,
                0,
                0,
                0,
                0,
                0,
                0,
                0,
                0
            ],
            "hand_left_keypoints_2d": [
                326.348,
                151.917,
                0.0183202,
                327.158,
                153.226,
                0.0208923,
                326.847,
                152.977,
                0.0100559,
                323.73,
                152.229,
                0.00971452,
                323.73,
                152.915,
                0.00654837,
                326.099,
                150.421,
                0.00722361,
                326.037,
                150.359,
                0.00757592,
                325.912,
                150.297,
                0.00661711,
                324.229,
                154.348,
                0.00350504,
                326.099,
                150.421,
                0.00642596,
                325.787,
                150.484,
                0.00329286,
                325.538,
                151.107,
                0.00458081,
                328.405,
                156.218,
                0.0032551,
                326.348,
                150.671,
                0.005813,
                325.725,
                150.608,
                0.00389066,
                325.413,
                151.232,
                0.00554981,
                325.039,
                155.719,
                0.00471773,
                326.847,
                150.858,
                0.00608498,
                326.535,
                150.982,
                0.00507968,
                325.538,
                151.232,
                0.00459165,
                325.476,
                156.093,
                0.00371873
            ],
            "hand_right_keypoints_2d": [
                316.415,
                158.566,
                0.0198738,
                315.393,
                160.609,
                0.0171827,
                314.656,
                166.396,
                0.022569,
                314.259,
                167.133,
                0.0218044,
                313.805,
                167.757,
                0.013239,
                314.542,
                166.679,
                0.0217587,
                314.372,
                166.85,
                0.0121186,
                314.315,
                166.85,
                0.00978721,
                313.805,
                167.19,
                0.00596384,
                314.372,
                166.736,
                0.00869691,
                312.84,
                166.112,
                0.0070789,
                312.954,
                166.452,
                0.00591578,
                314.826,
                170.083,
                0.0033969,
                314.145,
                164.694,
                0.00776806,
                313.578,
                164.75,
                0.00708294,
                312.897,
                166.396,
                0.00666304,
                314.656,
                170.083,
                0.00404393,
                314.486,
                166.736,
                0.00758761,
                314.486,
                166.85,
                0.00821288,
                314.486,
                166.906,
                0.00747975,
                314.429,
                166.906,
                0.00415966
            ],
            "pose_keypoints_3d": [],
            "face_keypoints_3d": [],
            "hand_left_keypoints_3d": [],
            "hand_right_keypoints_3d": []
        }
    ]
}