{
    "version": 1.3,
    "people": [
        {
            "person_id": [
                -1
            ],
            "pose_keypoints_2d": [
                0,
                0,
                0,
                341.931,
                153.061,
                0.889932,
                363.363,
                153.069,
                0.886855,
                372.181,
                179.504,
                0.705511,
                368.302,
                192.24,
                0.263056,
                324.287,
                152.163,
                0.879782,
                317.418,
                182.425,
                0.802226,
                316.464,
                204.931,
                0.785443,
                348.751,
                201.035,
                0.736172,
                362.423,
                201.018,
                0.692435,
                364.375,
                254.794,
                0.896358,
                379.02,
                300.786,
                0.86371,
                337.982,
                202.007,
                0.670191,
                330.171,
                246.055,
                0.831266,
                344.829,
                278.359,
                0.812917,
                0,
                0,
                0,
                0,
                0,
                0,
                347.758,
                134.526,
                0.60364,
                332.058,
                133.528,
                0.857145,
                343.846,
                304.727,
                0.704285,
                340.885,
                301.819,
                0.648583,
                349.72,
                280.277,
                0.773197,
                371.251,
                309.642,
                0.712608,
                374.178,
                309.596,
                0.637557,
                380.01,
                306.655,
                0.802355
            ],
            "face_keypoints_2d": [
                0,
                0,
                0,
                0,
                0,
                0,
                0,
                0,
                0,
                0,
                0,
                0,
                0,
                0,
                0,
                0,
                0,
                0,
                0,
                0,
                0,
                0,
                0,
                0,
                0,
                0,
                0,
                0,
                0,
                0,
                0,
                0,
                0,
                0,
                0,
                0,
                0,
                0,
                0,
                0,
                0,
                0,
                0,
                0,
                0,
                0,
                0,
                0,
                0,
                0,
                0,
                0,
                0,
                0,
                0,
                0,
                0,
                0,
                0,
                0,
                0,
                0,
                0,
                0,
                0,
                0,
                0,
                0,
                0,
                0,
                0,
                0,
                0,
                0,
                0,
                0,
                0,
                0,
                0,
                0,
                0,
                0,
                0,
                0,
                0,
                0,
                0,
                0,
                0,
                0,
                0,
                0,
                0,
                0,
                0,
                0,
                0,
                0,
                0,
                0,
                0,
                0,
                0,
                0,
                0,
                0,
                0,
                0,
                0,
                0,
                0,
                0,
                0,
                0,
                0,
                0,
                0,
                0,
                0,
                0,
                0,
                0,
                0,
                0,
                0,
                0,
                0,
                0,
                0,
                0,
                0,
                0,
                0,
                0,
                0,
                0,
                0,
                0,
                0,
                0,
                0,
                0,
                0,
                0,
                0,
                0,
                0,
                0,
                0,
                0,
                0,
                0,
                0,
                0,
                0,
                0,
                0,
                0,
                0,
                0,
                0,
                0,
                0,
                0,
                0,
                0,
                0,
                0,
                0,
                0,
                0,
                0,
                0,
                0,
                0,
                0,
                0,
                0,
                0,
                0,
                0,
                0,
                0,
                0,
                0,
                0,
                0,
                0,
                0,
                0,
                0,
                0,
                0,
                0,
                0,
                0,
                0,
                0,
                0,
                0,
                0,
                0,
                0,
                0,
                0,
                0,
                0,
                0,
                0,
                0
            ],
            "hand_left_keypoints_2d": [
                321.954,
                221.693,
                0.0265774,
                321.499,
                218.392,
                0.0302964,
                320.475,
                198.128,
                0.0526897,
                321.271,
                202.34,
                0.0575956,
                328.102,
                197.104,
                0.0591928,
                321.271,
                217.367,
                0.049097,
                325.484,
                205.642,
                0.064189,
                325.597,
                206.78,
                0.0763399,
                325.939,
                207.349,
                0.0571591,
                322.182,
                203.593,
                0.0221773,
                324.573,
                206.325,
                0.0317028,
                324.687,
                206.78,
                0.0355459,
                325.825,
                207.349,
                0.0215443,
                321.954,
                203.479,
                0.0146153,
                323.093,
                207.122,
                0.0201664,
                325.484,
                206.553,
                0.0161035,
                325.484,
                206.666,
                0.0156271,
                321.385,
                202.34,
                0.0110612,
                325.484,
                206.894,
                0.0142281,
                325.028,
                207.577,
                0.0288066,
                325.028,
                207.349,
                0.0149084
            ],
            "hand_right_keypoints_2d": [
                367.84,
                204.007,
                0.0200454,
                370.396,
                202.474,
                0.0191902,
                370.6,
                201.656,
                0.0141906,
                368.453,
                199.203,
                0.014869,
                373.361,
                191.842,
                0.00741216,
                369.578,
                192.966,
                0.0197045,
                368.862,
                197.976,
                0.0169788,
                368.249,
                196.749,
                0.0121562,
                365.387,
                200.838,
                0.00800901,
                369.68,
                201.247,
                0.0103211,
                368.965,
                197.362,
                0.0159265,
                367.738,
                198.487,
                0.00802749,
                365.693,
                200.123,
                0.0048174,
                369.68,
                201.452,
                0.00993383,
                368.862,
                197.465,
                0.0106982,
                366.204,
                200.94,
                0.00903626,
                365.898,
                201.452,
                0.00584266,
                369.476,
                201.758,
                0.0109999,
                368.147,
                198.589,
                0.00877675,
                366.204,
                201.145,
                0.00856267,
                365.898,
                201.452,
                0.00682218
            ],
            "pose_keypoints_3d": [],
            "face_keypoints_3d": [],
            "hand_left_keypoints_3d": [],
            "hand_right_keypoints_3d": []
        }
    ]
}