{
    "version": 1.3,
    "people": [
        {
            "person_id": [
                -1
            ],
            "pose_keypoints_2d": [
                0,
                0,
                0,
                337.97,
                184.444,
                0.878191,
                324.312,
                189.293,
                0.774833,
                325.233,
                204.943,
                0.876403,
                325.233,
                217.647,
                0.70867,
                347.729,
                183.381,
                0.889204,
                358.542,
                176.592,
                0.740688,
                371.252,
                172.667,
                0.51569,
                339.918,
                207.858,
                0.942889,
                333.107,
                207.893,
                0.898026,
                333.072,
                225.491,
                0.839691,
                0,
                0,
                0,
                344.822,
                207.836,
                0.855441,
                347.741,
                224.494,
                0.863838,
                339.979,
                245.022,
                0.800062,
                0,
                0,
                0,
                337.97,
                183.431,
                0.289751,
                330.121,
                182.413,
                0.348767,
                339.982,
                183.368,
                0.258914,
                340.949,
                247.042,
                0.631996,
                342.887,
                247.006,
                0.642692,
                339.893,
                245.99,
                0.58284,
                0,
                0,
                0,
                0,
                0,
                0,
                0,
                0,
                0
            ],
            "face_keypoints_2d": [
                0,
                0,
                0,
                0,
                0,
                0,
                0,
                0,
                0,
                0,
                0,
                0,
                0,
                0,
                0,
                0,
                0,
                0,
                0,
                0,
                0,
                0,
                0,
                0,
                0,
                0,
                0,
                0,
                0,
                0,
                0,
                0,
                0,
                0,
                0,
                0,
                0,
                0,
                0,
                0,
                0,
                0,
                0,
                0,
                0,
                0,
                0,
                0,
                0,
                0,
                0,
                0,
                0,
                0,
                0,
                0,
                0,
                0,
                0,
                0,
                0,
                0,
                0,
                0,
                0,
                0,
                0,
                0,
                0,
                0,
                0,
                0,
                0,
                0,
                0,
                0,
                0,
                0,
                0,
                0,
                0,
                0,
                0,
                0,
                0,
                0,
                0,
                0,
                0,
                0,
                0,
                0,
                0,
                0,
                0,
                0,
                0,
                0,
                0,
                0,
                0,
                0,
                0,
                0,
                0,
                0,
                0,
                0,
                0,
                0,
                0,
                0,
                0,
                0,
                0,
                0,
                0,
                0,
                0,
                0,
                0,
                0,
                0,
                0,
                0,
                0,
                0,
                0,
                0,
                0,
                0,
                0,
                0,
                0,
                0,
                0,
                0,
                0,
                0,
                0,
                0,
                0,
                0,
                0,
                0,
                0,
                0,
                0,
                0,
                0,
                0,
                0,
                0,
                0,
                0,
                0,
                0,
                0,
                0,
                0,
                0,
                0,
                0,
                0,
                0,
                0,
                0,
                0,
                0,
                0,
                0,
                0,
                0,
                0,
                0,
                0,
                0,
                0,
                0,
                0,
                0,
                0,
                0,
                0,
                0,
                0,
                0,
                0,
                0,
                0,
                0,
                0,
                0,
                0,
                0,
                0,
                0,
                0,
                0,
                0,
                0,
                0,
                0,
                0,
                0,
                0,
                0,
                0,
                0,
                0
            ],
            "hand_left_keypoints_2d": [
                373.44,
                170.396,
                0.0141886,
                373.44,
                170.396,
                0.0167181,
                372.301,
                170.883,
                0.0123545,
                371.38,
                170.396,
                0.012736,
                371,
                170.721,
                0.00819279,
                372.572,
                170.829,
                0.0110913,
                373.386,
                171.1,
                0.00859694,
                373.494,
                171.317,
                0.00701824,
                377.127,
                175.872,
                0.00447569,
                373.874,
                171.697,
                0.00995056,
                375.772,
                172.835,
                0.00586759,
                375.826,
                173.161,
                0.00524669,
                377.127,
                175.872,
                0.00277833,
                375.988,
                172.89,
                0.00955285,
                375.826,
                172.835,
                0.0075657,
                375.988,
                173.215,
                0.00702708,
                375.88,
                176.36,
                0.00480553,
                376.097,
                173.161,
                0.00972308,
                373.494,
                175.818,
                0.0076045,
                376.205,
                173.323,
                0.00689425,
                375.934,
                176.523,
                0.00551865
            ],
            "hand_right_keypoints_2d": [
                319.713,
                231.731,
                0.0106218,
                328.684,
                223.334,
                0.00563485,
                328.569,
                223.909,
                0.00540994,
                328.569,
                223.909,
                0.00395621,
                328.799,
                223.392,
                0.00116115,
                328.454,
                220.631,
                0.00455216,
                328.282,
                220.401,
                0.00533279,
                328.167,
                220.344,
                0.00418976,
                323.566,
                218.388,
                0.00190505,
                328.799,
                222.874,
                0.00355323,
                328.857,
                223.219,
                0.00183448,
                328.799,
                223.277,
                0.00297017,
                328.799,
                223.219,
                0.00049757,
                328.799,
                223.047,
                0.00379246,
                328.799,
                223.449,
                0.0027102,
                323.451,
                218.331,
                0.00376395,
                323.508,
                218.388,
                0.00216317,
                328.799,
                223.449,
                0.0052555,
                328.742,
                223.794,
                0.00577942,
                323.393,
                218.388,
                0.00422989,
                323.393,
                218.446,
                0.00289732
            ],
            "pose_keypoints_3d": [],
            "face_keypoints_3d": [],
            "hand_left_keypoints_3d": [],
            "hand_right_keypoints_3d": []
        }
    ]
}