{
    "version": 1.3,
    "people": [
        {
            "person_id": [
                -1
            ],
            "pose_keypoints_2d": [
                411.331,
                66.046,
                0.0981096,
                434.832,
                97.3681,
                0.885241,
                459.294,
                97.3718,
                0.796926,
                467.117,
                147.238,
                0.711568,
                467.131,
                192.273,
                0.753233,
                409.405,
                97.335,
                0.778859,
                395.733,
                146.236,
                0.834993,
                385.915,
                191.237,
                0.812752,
                437.761,
                178.533,
                0.547556,
                451.458,
                177.547,
                0.558671,
                450.51,
                258.761,
                0.804532,
                451.435,
                331.133,
                0.732509,
                424.051,
                180.479,
                0.538793,
                432.883,
                258.754,
                0.79868,
                441.679,
                331.101,
                0.760275,
                0,
                0,
                0,
                413.293,
                60.1959,
                0.240812,
                442.688,
                67.0048,
                0.237115,
                420.177,
                63.1017,
                0.815414,
                419.174,
                336.019,
                0.7143,
                425.984,
                338.974,
                0.720461,
                446.566,
                336.037,
                0.571781,
                0,
                0,
                0,
                0,
                0,
                0,
                456.349,
                336.996,
                0.651493
            ],
            "face_keypoints_2d": [
                0,
                0,
                0,
                0,
                0,
                0,
                0,
                0,
                0,
                0,
                0,
                0,
                0,
                0,
                0,
                0,
                0,
                0,
                0,
                0,
                0,
                0,
                0,
                0,
                0,
                0,
                0,
                0,
                0,
                0,
                0,
                0,
                0,
                0,
                0,
                0,
                0,
                0,
                0,
                0,
                0,
                0,
                0,
                0,
                0,
                0,
                0,
                0,
                0,
                0,
                0,
                0,
                0,
                0,
                0,
                0,
                0,
                0,
                0,
                0,
                0,
                0,
                0,
                0,
                0,
                0,
                0,
                0,
                0,
                0,
                0,
                0,
                0,
                0,
                0,
                0,
                0,
                0,
                0,
                0,
                0,
                0,
                0,
                0,
                0,
                0,
                0,
                0,
                0,
                0,
                0,
                0,
                0,
                0,
                0,
                0,
                0,
                0,
                0,
                0,
                0,
                0,
                0,
                0,
                0,
                0,
                0,
                0,
                0,
                0,
                0,
                0,
                0,
                0,
                0,
                0,
                0,
                0,
                0,
                0,
                0,
                0,
                0,
                0,
                0,
                0,
                0,
                0,
                0,
                0,
                0,
                0,
                0,
                0,
                0,
                0,
                0,
                0,
                0,
                0,
                0,
                0,
                0,
                0,
                0,
                0,
                0,
                0,
                0,
                0,
                0,
                0,
                0,
                0,
                0,
                0,
                0,
                0,
                0,
                0,
                0,
                0,
                0,
                0,
                0,
                0,
                0,
                0,
                0,
                0,
                0,
                0,
                0,
                0,
                0,
                0,
                0,
                0,
                0,
                0,
                0,
                0,
                0,
                0,
                0,
                0,
                0,
                0,
                0,
                0,
                0,
                0,
                0,
                0,
                0,
                0,
                0,
                0,
                0,
                0,
                0,
                0,
                0,
                0,
                0,
                0,
                0,
                0,
                0,
                0
            ],
            "hand_left_keypoints_2d": [
                375.54,
                216.976,
                0.0240306,
                377.418,
                211.156,
                0.015033,
                373.287,
                209.279,
                0.0112601,
                373.1,
                209.279,
                0.0127322,
                372.724,
                209.091,
                0.0104519,
                373.1,
                208.904,
                0.0145622,
                373.287,
                208.904,
                0.00872185,
                373.287,
                208.716,
                0.00724156,
                373.1,
                208.528,
                0.00451113,
                373.287,
                209.654,
                0.00609842,
                373.663,
                209.467,
                0.00250805,
                373.851,
                209.279,
                0.00387431,
                403.702,
                211.344,
                0.00171021,
                373.475,
                209.654,
                0.00538019,
                373.475,
                209.467,
                0.00313907,
                374.038,
                209.467,
                0.00411872,
                356.954,
                223.172,
                0.00215313,
                374.789,
                209.279,
                0.00551251,
                373.475,
                209.279,
                0.00549329,
                373.287,
                209.091,
                0.00452435,
                357.517,
                222.609,
                0.00274121
            ],
            "hand_right_keypoints_2d": [
                467.136,
                204.543,
                0.0864554,
                460.099,
                201.95,
                0.0271143,
                456.026,
                207.876,
                0.019259,
                456.026,
                206.394,
                0.0137864,
                457.507,
                209.172,
                0.0114591,
                480.838,
                209.172,
                0.00792565,
                460.285,
                209.172,
                0.0080079,
                460.47,
                209.542,
                0.00869217,
                459.729,
                209.727,
                0.00922071,
                460.47,
                206.58,
                0.00567801,
                454.73,
                203.987,
                0.00316319,
                460.285,
                209.357,
                0.00537745,
                460.285,
                209.542,
                0.00547846,
                459.729,
                207.135,
                0.00571497,
                454.544,
                205.654,
                0.00422383,
                460.285,
                209.542,
                0.00761128,
                460.47,
                210.098,
                0.00797154,
                458.988,
                207.876,
                0.00768353,
                454.544,
                207.32,
                0.00659335,
                460.099,
                209.542,
                0.00793309,
                460.285,
                210.098,
                0.00809765
            ],
            "pose_keypoints_3d": [],
            "face_keypoints_3d": [],
            "hand_left_keypoints_3d": [],
            "hand_right_keypoints_3d": []
        }
    ]
}