{
    "version": 1.3,
    "people": [
        {
            "person_id": [
                -1
            ],
            "pose_keypoints_2d": [
                410.402,
                66.9754,
                0.133508,
                434.844,
                98.2994,
                0.885579,
                459.305,
                98.3528,
                0.785723,
                467.11,
                152.109,
                0.702949,
                466.091,
                192.261,
                0.784866,
                410.336,
                97.3448,
                0.77394,
                395.725,
                149.177,
                0.806386,
                384.949,
                193.195,
                0.700563,
                437.753,
                180.485,
                0.550331,
                451.458,
                178.545,
                0.559438,
                450.502,
                258.753,
                0.811761,
                451.47,
                330.143,
                0.727519,
                423.098,
                181.466,
                0.537665,
                431.88,
                260.694,
                0.772418,
                441.679,
                331.112,
                0.777337,
                0,
                0,
                0,
                411.399,
                62.1294,
                0.310629,
                441.695,
                67.0351,
                0.184241,
                419.225,
                65.0243,
                0.848334,
                419.176,
                336.013,
                0.721521,
                425.984,
                338.97,
                0.728298,
                447.533,
                336.037,
                0.602681,
                0,
                0,
                0,
                0,
                0,
                0,
                457.289,
                335.048,
                0.682414
            ],
            "face_keypoints_2d": [
                0,
                0,
                0,
                0,
                0,
                0,
                0,
                0,
                0,
                0,
                0,
                0,
                0,
                0,
                0,
                0,
                0,
                0,
                0,
                0,
                0,
                0,
                0,
                0,
                0,
                0,
                0,
                0,
                0,
                0,
                0,
                0,
                0,
                0,
                0,
                0,
                0,
                0,
                0,
                0,
                0,
                0,
                0,
                0,
                0,
                0,
                0,
                0,
                0,
                0,
                0,
                0,
                0,
                0,
                0,
                0,
                0,
                0,
                0,
                0,
                0,
                0,
                0,
                0,
                0,
                0,
                0,
                0,
                0,
                0,
                0,
                0,
                0,
                0,
                0,
                0,
                0,
                0,
                0,
                0,
                0,
                0,
                0,
                0,
                0,
                0,
                0,
                0,
                0,
                0,
                0,
                0,
                0,
                0,
                0,
                0,
                0,
                0,
                0,
                0,
                0,
                0,
                0,
                0,
                0,
                0,
                0,
                0,
                0,
                0,
                0,
                0,
                0,
                0,
                0,
                0,
                0,
                0,
                0,
                0,
                0,
                0,
                0,
                0,
                0,
                0,
                0,
                0,
                0,
                0,
                0,
                0,
                0,
                0,
                0,
                0,
                0,
                0,
                0,
                0,
                0,
                0,
                0,
                0,
                0,
                0,
                0,
                0,
                0,
                0,
                0,
                0,
                0,
                0,
                0,
                0,
                0,
                0,
                0,
                0,
                0,
                0,
                0,
                0,
                0,
                0,
                0,
                0,
                0,
                0,
                0,
                0,
                0,
                0,
                0,
                0,
                0,
                0,
                0,
                0,
                0,
                0,
                0,
                0,
                0,
                0,
                0,
                0,
                0,
                0,
                0,
                0,
                0,
                0,
                0,
                0,
                0,
                0,
                0,
                0,
                0,
                0,
                0,
                0,
                0,
                0,
                0,
                0,
                0,
                0
            ],
            "hand_left_keypoints_2d": [
                383.368,
                198.041,
                0.0264791,
                379.417,
                209.499,
                0.02233,
                383.961,
                192.509,
                0.0189025,
                386.924,
                214.636,
                0.0296734,
                388.307,
                219.575,
                0.0634114,
                388.504,
                216.216,
                0.0128683,
                386.924,
                219.97,
                0.0121862,
                390.282,
                217.994,
                0.0204246,
                387.122,
                220.76,
                0.019605,
                381.985,
                205.153,
                0.00826543,
                387.122,
                218.587,
                0.00787551,
                386.134,
                220.365,
                0.0104166,
                386.924,
                220.957,
                0.0172776,
                381.985,
                204.955,
                0.00763448,
                388.504,
                218.389,
                0.00782573,
                387.122,
                220.957,
                0.0115584,
                386.924,
                220.957,
                0.020447,
                381.788,
                205.153,
                0.00769117,
                391.073,
                217.994,
                0.0101598,
                391.665,
                218.389,
                0.019369,
                387.122,
                220.76,
                0.0123252
            ],
            "hand_right_keypoints_2d": [
                451.208,
                215.077,
                0.0711691,
                453.997,
                209.497,
                0.026999,
                459.776,
                196.943,
                0.0265644,
                455.193,
                204.515,
                0.105097,
                457.983,
                209.497,
                0.0431076,
                458.78,
                206.508,
                0.0269764,
                460.972,
                207.903,
                0.015061,
                457.784,
                205.91,
                0.0357571,
                459.378,
                210.095,
                0.0339467,
                457.983,
                205.711,
                0.012285,
                462.167,
                209.099,
                0.00768569,
                461.37,
                210.693,
                0.0131081,
                461.769,
                210.693,
                0.013515,
                452.403,
                201.327,
                0.0110282,
                461.769,
                199.932,
                0.0086231,
                460.573,
                210.693,
                0.00966864,
                461.171,
                211.888,
                0.0089187,
                460.972,
                198.737,
                0.0100511,
                458.182,
                196.943,
                0.0100965,
                459.976,
                210.892,
                0.00882041,
                459.976,
                211.291,
                0.00846307
            ],
            "pose_keypoints_3d": [],
            "face_keypoints_3d": [],
            "hand_left_keypoints_3d": [],
            "hand_right_keypoints_3d": []
        }
    ]
}