{
    "version": 1.3,
    "people": [
        {
            "person_id": [
                -1
            ],
            "pose_keypoints_2d": [
                0,
                0,
                0,
                337.996,
                168.771,
                0.892138,
                355.556,
                168.716,
                0.905214,
                371.193,
                192.209,
                0.867081,
                379.074,
                215.701,
                0.895194,
                319.393,
                169.747,
                0.847023,
                316.426,
                200.028,
                0.887063,
                324.232,
                215.716,
                0.78623,
                340.925,
                215.718,
                0.799325,
                350.711,
                215.683,
                0.737105,
                345.813,
                247.047,
                0.648415,
                345.82,
                276.34,
                0.515171,
                332.122,
                216.699,
                0.774143,
                335.06,
                253.879,
                0.803817,
                346.77,
                286.152,
                0.806627,
                0,
                0,
                0,
                0,
                0,
                0,
                346.754,
                148.212,
                0.705585,
                331.117,
                149.197,
                0.802472,
                342.874,
                300.778,
                0.676162,
                340.949,
                298.867,
                0.697151,
                348.765,
                291.967,
                0.789767,
                340.956,
                298.854,
                0.135234,
                341.88,
                292.992,
                0.0938178,
                347.801,
                275.375,
                0.288999
            ],
            "face_keypoints_2d": [
                0,
                0,
                0,
                0,
                0,
                0,
                0,
                0,
                0,
                0,
                0,
                0,
                0,
                0,
                0,
                0,
                0,
                0,
                0,
                0,
                0,
                0,
                0,
                0,
                0,
                0,
                0,
                0,
                0,
                0,
                0,
                0,
                0,
                0,
                0,
                0,
                0,
                0,
                0,
                0,
                0,
                0,
                0,
                0,
                0,
                0,
                0,
                0,
                0,
                0,
                0,
                0,
                0,
                0,
                0,
                0,
                0,
                0,
                0,
                0,
                0,
                0,
                0,
                0,
                0,
                0,
                0,
                0,
                0,
                0,
                0,
                0,
                0,
                0,
                0,
                0,
                0,
                0,
                0,
                0,
                0,
                0,
                0,
                0,
                0,
                0,
                0,
                0,
                0,
                0,
                0,
                0,
                0,
                0,
                0,
                0,
                0,
                0,
                0,
                0,
                0,
                0,
                0,
                0,
                0,
                0,
                0,
                0,
                0,
                0,
                0,
                0,
                0,
                0,
                0,
                0,
                0,
                0,
                0,
                0,
                0,
                0,
                0,
                0,
                0,
                0,
                0,
                0,
                0,
                0,
                0,
                0,
                0,
                0,
                0,
                0,
                0,
                0,
                0,
                0,
                0,
                0,
                0,
                0,
                0,
                0,
                0,
                0,
                0,
                0,
                0,
                0,
                0,
                0,
                0,
                0,
                0,
                0,
                0,
                0,
                0,
                0,
                0,
                0,
                0,
                0,
                0,
                0,
                0,
                0,
                0,
                0,
                0,
                0,
                0,
                0,
                0,
                0,
                0,
                0,
                0,
                0,
                0,
                0,
                0,
                0,
                0,
                0,
                0,
                0,
                0,
                0,
                0,
                0,
                0,
                0,
                0,
                0,
                0,
                0,
                0,
                0,
                0,
                0,
                0,
                0,
                0,
                0,
                0,
                0
            ],
            "hand_left_keypoints_2d": [
                317.99,
                230.827,
                0.0224319,
                326.138,
                217.321,
                0.0172073,
                323.682,
                217.656,
                0.020124,
                323.682,
                216.875,
                0.0374173,
                323.347,
                216.986,
                0.0335147,
                324.017,
                217.544,
                0.0428689,
                326.026,
                217.656,
                0.0393545,
                326.361,
                217.991,
                0.0346274,
                323.682,
                216.875,
                0.0158698,
                323.794,
                217.768,
                0.0218088,
                326.249,
                220.446,
                0.0228415,
                327.142,
                221.116,
                0.016528,
                325.803,
                223.907,
                0.0114021,
                322.789,
                223.572,
                0.0185443,
                325.356,
                224.018,
                0.0173002,
                325.468,
                224.353,
                0.0152001,
                326.026,
                224.465,
                0.0127656,
                322.789,
                222.567,
                0.0146657,
                323.459,
                230.269,
                0.0135082,
                323.571,
                230.157,
                0.0185321,
                323.571,
                230.157,
                0.0116926
            ],
            "hand_right_keypoints_2d": [
                376.084,
                221.59,
                0.0134668,
                380.432,
                220.244,
                0.0222618,
                383.642,
                226.145,
                0.0153573,
                382.917,
                226.248,
                0.0126134,
                373.082,
                226.145,
                0.00696243,
                385.298,
                221.59,
                0.0185399,
                374.842,
                227.077,
                0.0140283,
                374.531,
                227.077,
                0.01475,
                373.186,
                227.801,
                0.0104991,
                383.331,
                225.938,
                0.00963581,
                375.256,
                227.077,
                0.0129245,
                374.324,
                227.801,
                0.0100014,
                373.289,
                228.112,
                0.0077561,
                383.124,
                225.938,
                0.00899465,
                375.256,
                227.594,
                0.0110868,
                374.324,
                227.491,
                0.0108509,
                373.082,
                227.905,
                0.00811326,
                374.428,
                227.905,
                0.0111196,
                374.117,
                228.008,
                0.0132204,
                374.324,
                227.698,
                0.0108878,
                373.393,
                227.698,
                0.0089651
            ],
            "pose_keypoints_3d": [],
            "face_keypoints_3d": [],
            "hand_left_keypoints_3d": [],
            "hand_right_keypoints_3d": []
        }
    ]
}