{
    "version": 1.3,
    "people": [
        {
            "person_id": [
                -1
            ],
            "pose_keypoints_2d": [
                0,
                0,
                0,
                337.968,
                160.911,
                0.898283,
                355.572,
                160.911,
                0.911483,
                371.183,
                177.551,
                0.882552,
                377.084,
                201.037,
                0.83339,
                319.379,
                160.914,
                0.877518,
                309.636,
                187.326,
                0.716136,
                320.363,
                198.083,
                0.396715,
                340.915,
                206.913,
                0.812846,
                349.751,
                206.893,
                0.743904,
                340.896,
                245.064,
                0.738646,
                340.908,
                277.349,
                0.705647,
                332.116,
                207.858,
                0.795144,
                338.966,
                248.975,
                0.756191,
                346.757,
                285.178,
                0.703041,
                0,
                0,
                0,
                0,
                0,
                0,
                341.927,
                144.238,
                0.702996,
                329.171,
                144.246,
                0.855182,
                345.819,
                295.901,
                0.506251,
                345.78,
                294,
                0.552537,
                348.722,
                291.017,
                0.666039,
                331.124,
                279.319,
                0.345789,
                332.096,
                279.286,
                0.340368,
                341.903,
                279.324,
                0.361866
            ],
            "face_keypoints_2d": [
                0,
                0,
                0,
                0,
                0,
                0,
                0,
                0,
                0,
                0,
                0,
                0,
                0,
                0,
                0,
                0,
                0,
                0,
                0,
                0,
                0,
                0,
                0,
                0,
                0,
                0,
                0,
                0,
                0,
                0,
                0,
                0,
                0,
                0,
                0,
                0,
                0,
                0,
                0,
                0,
                0,
                0,
                0,
                0,
                0,
                0,
                0,
                0,
                0,
                0,
                0,
                0,
                0,
                0,
                0,
                0,
                0,
                0,
                0,
                0,
                0,
                0,
                0,
                0,
                0,
                0,
                0,
                0,
                0,
                0,
                0,
                0,
                0,
                0,
                0,
                0,
                0,
                0,
                0,
                0,
                0,
                0,
                0,
                0,
                0,
                0,
                0,
                0,
                0,
                0,
                0,
                0,
                0,
                0,
                0,
                0,
                0,
                0,
                0,
                0,
                0,
                0,
                0,
                0,
                0,
                0,
                0,
                0,
                0,
                0,
                0,
                0,
                0,
                0,
                0,
                0,
                0,
                0,
                0,
                0,
                0,
                0,
                0,
                0,
                0,
                0,
                0,
                0,
                0,
                0,
                0,
                0,
                0,
                0,
                0,
                0,
                0,
                0,
                0,
                0,
                0,
                0,
                0,
                0,
                0,
                0,
                0,
                0,
                0,
                0,
                0,
                0,
                0,
                0,
                0,
                0,
                0,
                0,
                0,
                0,
                0,
                0,
                0,
                0,
                0,
                0,
                0,
                0,
                0,
                0,
                0,
                0,
                0,
                0,
                0,
                0,
                0,
                0,
                0,
                0,
                0,
                0,
                0,
                0,
                0,
                0,
                0,
                0,
                0,
                0,
                0,
                0,
                0,
                0,
                0,
                0,
                0,
                0,
                0,
                0,
                0,
                0,
                0,
                0,
                0,
                0,
                0,
                0,
                0,
                0
            ],
            "hand_left_keypoints_2d": [
                321.011,
                189.137,
                0.0195348,
                326.071,
                192.235,
                0.0218423,
                317.293,
                203.492,
                0.0253669,
                317.396,
                206.486,
                0.0760451,
                314.918,
                211.03,
                0.0360263,
                323.592,
                195.54,
                0.0291448,
                318.119,
                205.557,
                0.0525821,
                316.363,
                207.209,
                0.115422,
                315.021,
                210.204,
                0.224197,
                316.157,
                208.552,
                0.0177201,
                322.663,
                203.595,
                0.024534,
                317.086,
                207.313,
                0.0402782,
                315.124,
                210.204,
                0.0195513,
                330.615,
                196.159,
                0.0205883,
                322.663,
                204.731,
                0.016308,
                321.94,
                208.552,
                0.0140672,
                315.124,
                210.308,
                0.0155606,
                332.061,
                196.572,
                0.0162336,
                317.603,
                205.35,
                0.0131157,
                316.88,
                207.622,
                0.01665,
                315.124,
                210.308,
                0.0181994
            ],
            "hand_right_keypoints_2d": [
                374.392,
                198.324,
                0.0850478,
                376.169,
                203.753,
                0.0233093,
                381.795,
                210.465,
                0.0264615,
                373.109,
                212.34,
                0.0376823,
                372.319,
                214.709,
                0.0269625,
                372.319,
                207.208,
                0.0240583,
                372.517,
                207.504,
                0.0160562,
                372.911,
                213.327,
                0.020152,
                372.221,
                216.091,
                0.0173569,
                378.636,
                209.28,
                0.0117102,
                373.898,
                210.267,
                0.0128126,
                371.628,
                212.538,
                0.0144866,
                372.418,
                215.301,
                0.015883,
                380.906,
                208.787,
                0.0115045,
                377.254,
                210.86,
                0.0121879,
                371.727,
                213.031,
                0.0148948,
                372.813,
                214.61,
                0.0170959,
                382.288,
                209.971,
                0.0184906,
                382.387,
                210.07,
                0.0113177,
                372.813,
                213.821,
                0.0164413,
                372.813,
                214.117,
                0.0119499
            ],
            "pose_keypoints_3d": [],
            "face_keypoints_3d": [],
            "hand_left_keypoints_3d": [],
            "hand_right_keypoints_3d": []
        }
    ]
}