{
    "version": 1.3,
    "people": [
        {
            "person_id": [
                -1
            ],
            "pose_keypoints_2d": [
                0,
                0,
                0,
                347.785,
                154.107,
                0.884736,
                370.241,
                155.07,
                0.810917,
                379.107,
                190.241,
                0.82357,
                378.083,
                214.702,
                0.605089,
                325.294,
                155.044,
                0.841991,
                324.253,
                190.258,
                0.824311,
                324.239,
                215.75,
                0.808355,
                356.609,
                212.778,
                0.687304,
                370.275,
                211.788,
                0.648812,
                362.433,
                259.718,
                0.815744,
                371.256,
                302.752,
                0.799176,
                346.781,
                213.76,
                0.671468,
                346.788,
                262.627,
                0.867506,
                369.278,
                280.254,
                0.739241,
                0,
                0,
                0,
                0,
                0,
                0,
                351.668,
                135.46,
                0.367392,
                334.089,
                133.532,
                0.846827,
                378.058,
                300.811,
                0.408862,
                0,
                0,
                0,
                372.265,
                278.303,
                0.643751,
                364.368,
                308.581,
                0.671571,
                365.384,
                308.574,
                0.488105,
                372.253,
                308.607,
                0.746121
            ],
            "face_keypoints_2d": [
                0,
                0,
                0,
                0,
                0,
                0,
                0,
                0,
                0,
                0,
                0,
                0,
                0,
                0,
                0,
                0,
                0,
                0,
                0,
                0,
                0,
                0,
                0,
                0,
                0,
                0,
                0,
                0,
                0,
                0,
                0,
                0,
                0,
                0,
                0,
                0,
                0,
                0,
                0,
                0,
                0,
                0,
                0,
                0,
                0,
                0,
                0,
                0,
                0,
                0,
                0,
                0,
                0,
                0,
                0,
                0,
                0,
                0,
                0,
                0,
                0,
                0,
                0,
                0,
                0,
                0,
                0,
                0,
                0,
                0,
                0,
                0,
                0,
                0,
                0,
                0,
                0,
                0,
                0,
                0,
                0,
                0,
                0,
                0,
                0,
                0,
                0,
                0,
                0,
                0,
                0,
                0,
                0,
                0,
                0,
                0,
                0,
                0,
                0,
                0,
                0,
                0,
                0,
                0,
                0,
                0,
                0,
                0,
                0,
                0,
                0,
                0,
                0,
                0,
                0,
                0,
                0,
                0,
                0,
                0,
                0,
                0,
                0,
                0,
                0,
                0,
                0,
                0,
                0,
                0,
                0,
                0,
                0,
                0,
                0,
                0,
                0,
                0,
                0,
                0,
                0,
                0,
                0,
                0,
                0,
                0,
                0,
                0,
                0,
                0,
                0,
                0,
                0,
                0,
                0,
                0,
                0,
                0,
                0,
                0,
                0,
                0,
                0,
                0,
                0,
                0,
                0,
                0,
                0,
                0,
                0,
                0,
                0,
                0,
                0,
                0,
                0,
                0,
                0,
                0,
                0,
                0,
                0,
                0,
                0,
                0,
                0,
                0,
                0,
                0,
                0,
                0,
                0,
                0,
                0,
                0,
                0,
                0,
                0,
                0,
                0,
                0,
                0,
                0,
                0,
                0,
                0,
                0,
                0,
                0
            ],
            "hand_left_keypoints_2d": [
                328.499,
                218.476,
                0.0334995,
                328.886,
                235.794,
                0.0351163,
                326.948,
                234.76,
                0.0223446,
                333.022,
                227.006,
                0.0166844,
                333.41,
                231.787,
                0.0146458,
                329.92,
                225.584,
                0.0254862,
                330.825,
                227.652,
                0.0357662,
                332.893,
                228.298,
                0.0485281,
                334.702,
                231.27,
                0.0406715,
                329.791,
                229.849,
                0.0120888,
                330.566,
                229.203,
                0.0304113,
                332.505,
                229.72,
                0.0357439,
                333.927,
                232.563,
                0.0357466,
                333.668,
                231.787,
                0.0175949,
                330.566,
                229.978,
                0.0197673,
                333.022,
                232.304,
                0.0207239,
                334.056,
                232.821,
                0.032679,
                332.893,
                234.889,
                0.0234391,
                332.247,
                235.664,
                0.0115262,
                331.083,
                235.794,
                0.0272601,
                331.471,
                235.923,
                0.0196046
            ],
            "hand_right_keypoints_2d": [
                393.18,
                232.62,
                0.0282719,
                366.435,
                219.979,
                0.0138062,
                364.04,
                215.056,
                0.0237828,
                365.237,
                220.911,
                0.133354,
                366.169,
                226.366,
                0.0405627,
                366.834,
                225.701,
                0.0311677,
                366.568,
                226.1,
                0.0463047,
                363.375,
                225.967,
                0.0514326,
                366.568,
                227.164,
                0.0716164,
                369.495,
                222.64,
                0.032635,
                369.761,
                227.431,
                0.028336,
                370.028,
                227.431,
                0.0389955,
                373.088,
                228.495,
                0.0245288,
                370.427,
                224.237,
                0.0242219,
                370.693,
                227.431,
                0.0229577,
                373.886,
                227.031,
                0.0241324,
                373.088,
                228.495,
                0.0248823,
                365.637,
                225.435,
                0.0186718,
                366.701,
                226.499,
                0.0126211,
                363.108,
                225.701,
                0.0144019,
                372.955,
                228.495,
                0.0134125
            ],
            "pose_keypoints_3d": [],
            "face_keypoints_3d": [],
            "hand_left_keypoints_3d": [],
            "hand_right_keypoints_3d": []
        }
    ]
}