{
    "version": 1.3,
    "people": [
        {
            "person_id": [
                -1
            ],
            "pose_keypoints_2d": [
                333.074,
                188.311,
                0.262105,
                334.077,
                187.32,
                0.835823,
                324.283,
                190.256,
                0.865404,
                324.266,
                202.022,
                0.898461,
                324.309,
                214.698,
                0.808032,
                343.842,
                184.381,
                0.880964,
                356.525,
                176.577,
                0.856515,
                366.365,
                167.752,
                0.655157,
                337.989,
                208.86,
                0.820982,
                332.144,
                208.883,
                0.826865,
                332.059,
                228.396,
                0.832612,
                321.352,
                244.048,
                0.814781,
                341.887,
                208.839,
                0.837937,
                341.88,
                229.417,
                0.873099,
                337.018,
                245.033,
                0.822273,
                318.4,
                178.552,
                0.36169,
                332.129,
                184.411,
                0.21286,
                317.49,
                180.499,
                0.446996,
                338.954,
                184.428,
                0.243213,
                339.908,
                247.993,
                0.71813,
                340.896,
                247.026,
                0.776258,
                334.075,
                245.062,
                0.65585,
                325.247,
                247.027,
                0.789615,
                320.378,
                246.974,
                0.759662,
                321.352,
                245.05,
                0.692455
            ],
            "face_keypoints_2d": [
                0,
                0,
                0,
                0,
                0,
                0,
                0,
                0,
                0,
                0,
                0,
                0,
                0,
                0,
                0,
                0,
                0,
                0,
                0,
                0,
                0,
                0,
                0,
                0,
                0,
                0,
                0,
                0,
                0,
                0,
                0,
                0,
                0,
                0,
                0,
                0,
                0,
                0,
                0,
                0,
                0,
                0,
                0,
                0,
                0,
                0,
                0,
                0,
                0,
                0,
                0,
                0,
                0,
                0,
                0,
                0,
                0,
                0,
                0,
                0,
                0,
                0,
                0,
                0,
                0,
                0,
                0,
                0,
                0,
                0,
                0,
                0,
                0,
                0,
                0,
                0,
                0,
                0,
                0,
                0,
                0,
                0,
                0,
                0,
                0,
                0,
                0,
                0,
                0,
                0,
                0,
                0,
                0,
                0,
                0,
                0,
                0,
                0,
                0,
                0,
                0,
                0,
                0,
                0,
                0,
                0,
                0,
                0,
                0,
                0,
                0,
                0,
                0,
                0,
                0,
                0,
                0,
                0,
                0,
                0,
                0,
                0,
                0,
                0,
                0,
                0,
                0,
                0,
                0,
                0,
                0,
                0,
                0,
                0,
                0,
                0,
                0,
                0,
                0,
                0,
                0,
                0,
                0,
                0,
                0,
                0,
                0,
                0,
                0,
                0,
                0,
                0,
                0,
                0,
                0,
                0,
                0,
                0,
                0,
                0,
                0,
                0,
                0,
                0,
                0,
                0,
                0,
                0,
                0,
                0,
                0,
                0,
                0,
                0,
                0,
                0,
                0,
                0,
                0,
                0,
                0,
                0,
                0,
                0,
                0,
                0,
                0,
                0,
                0,
                0,
                0,
                0,
                0,
                0,
                0,
                0,
                0,
                0,
                0,
                0,
                0,
                0,
                0,
                0,
                0,
                0,
                0,
                0,
                0,
                0
            ],
            "hand_left_keypoints_2d": [
                364.094,
                159.377,
                0.0504543,
                364.149,
                160.961,
                0.0659047,
                365.077,
                161.398,
                0.405253,
                362.346,
                162.818,
                0.289169,
                360.27,
                163.255,
                0.396794,
                360.27,
                162.873,
                0.0110668,
                364.64,
                161.999,
                0.0134443,
                362.018,
                162.381,
                0.0275595,
                359.669,
                163.638,
                0.0140726,
                364.695,
                161.726,
                0.00290486,
                361.308,
                163.201,
                0.00218818,
                359.669,
                163.146,
                0.00902815,
                361.253,
                163.255,
                0.00915617,
                364.64,
                161.89,
                0.00248627,
                361.253,
                163.201,
                0.00242706,
                359.669,
                163.255,
                0.00619418,
                361.144,
                163.31,
                0.00724151,
                364.695,
                161.125,
                0.00533585,
                361.253,
                163.255,
                0.0063455,
                361.144,
                163.255,
                0.0145589,
                361.089,
                163.255,
                0.00998074
            ],
            "hand_right_keypoints_2d": [
                322.722,
                217.28,
                0.0190921,
                322.67,
                216.143,
                0.0195082,
                327.734,
                212.888,
                0.0310884,
                328.509,
                212.371,
                0.0759385,
                328.199,
                212.371,
                0.0345912,
                322.67,
                215.781,
                0.0192123,
                321.998,
                215.626,
                0.0143521,
                321.947,
                215.626,
                0.00894779,
                328.405,
                212.061,
                0.00788589,
                322.102,
                215.936,
                0.00841484,
                326.855,
                217.383,
                0.00895481,
                326.907,
                217.331,
                0.00669767,
                326.7,
                216.66,
                0.00318972,
                322.102,
                215.936,
                0.00810021,
                326.804,
                217.435,
                0.00798396,
                326.855,
                217.383,
                0.00780605,
                328.147,
                216.918,
                0.00456158,
                322.05,
                215.161,
                0.0203493,
                321.792,
                215.678,
                0.0125171,
                322.05,
                215.73,
                0.00656623,
                328.147,
                216.763,
                0.004843
            ],
            "pose_keypoints_3d": [],
            "face_keypoints_3d": [],
            "hand_left_keypoints_3d": [],
            "hand_right_keypoints_3d": []
        }
    ]
}