{
    "version": 1.3,
    "people": [
        {
            "person_id": [
                -1
            ],
            "pose_keypoints_2d": [
                313.517,
                190.246,
                0.491437,
                309.609,
                193.208,
                0.887588,
                303.754,
                193.209,
                0.861122,
                300.845,
                204.945,
                0.857439,
                309.618,
                206.938,
                0.838115,
                315.488,
                193.22,
                0.827899,
                317.424,
                202.997,
                0.608467,
                319.394,
                207.882,
                0.510039,
                309.654,
                213.743,
                0.863729,
                308.582,
                213.743,
                0.866265,
                308.614,
                230.334,
                0.922555,
                299.811,
                245.997,
                0.820258,
                315.463,
                213.744,
                0.823892,
                315.478,
                230.369,
                0.843101,
                316.419,
                246.069,
                0.84657,
                310.607,
                187.35,
                0.475741,
                314.515,
                187.35,
                0.367722,
                308.627,
                188.298,
                0.590388,
                316.442,
                187.346,
                0.0770268,
                318.413,
                247.986,
                0.528305,
                319.387,
                247.027,
                0.584114,
                314.483,
                247.015,
                0.611916,
                300.828,
                247.997,
                0.594735,
                297.863,
                247.042,
                0.599206,
                297.864,
                246.04,
                0.686805
            ],
            "face_keypoints_2d": [
                0,
                0,
                0,
                0,
                0,
                0,
                0,
                0,
                0,
                0,
                0,
                0,
                0,
                0,
                0,
                0,
                0,
                0,
                0,
                0,
                0,
                0,
                0,
                0,
                0,
                0,
                0,
                0,
                0,
                0,
                0,
                0,
                0,
                0,
                0,
                0,
                0,
                0,
                0,
                0,
                0,
                0,
                0,
                0,
                0,
                0,
                0,
                0,
                0,
                0,
                0,
                0,
                0,
                0,
                0,
                0,
                0,
                0,
                0,
                0,
                0,
                0,
                0,
                0,
                0,
                0,
                0,
                0,
                0,
                0,
                0,
                0,
                0,
                0,
                0,
                0,
                0,
                0,
                0,
                0,
                0,
                0,
                0,
                0,
                0,
                0,
                0,
                0,
                0,
                0,
                0,
                0,
                0,
                0,
                0,
                0,
                0,
                0,
                0,
                0,
                0,
                0,
                0,
                0,
                0,
                0,
                0,
                0,
                0,
                0,
                0,
                0,
                0,
                0,
                0,
                0,
                0,
                0,
                0,
                0,
                0,
                0,
                0,
                0,
                0,
                0,
                0,
                0,
                0,
                0,
                0,
                0,
                0,
                0,
                0,
                0,
                0,
                0,
                0,
                0,
                0,
                0,
                0,
                0,
                0,
                0,
                0,
                0,
                0,
                0,
                0,
                0,
                0,
                0,
                0,
                0,
                0,
                0,
                0,
                0,
                0,
                0,
                0,
                0,
                0,
                0,
                0,
                0,
                0,
                0,
                0,
                0,
                0,
                0,
                0,
                0,
                0,
                0,
                0,
                0,
                0,
                0,
                0,
                0,
                0,
                0,
                0,
                0,
                0,
                0,
                0,
                0,
                0,
                0,
                0,
                0,
                0,
                0,
                0,
                0,
                0,
                0,
                0,
                0,
                0,
                0,
                0,
                0,
                0,
                0
            ],
            "hand_left_keypoints_2d": [
                320.921,
                211.651,
                0.0106189,
                321.14,
                211.578,
                0.0148788,
                318.581,
                209.019,
                0.013027,
                318.288,
                209.202,
                0.0122471,
                317.155,
                211.249,
                0.0078063,
                319.385,
                209.75,
                0.0136744,
                318.983,
                209.787,
                0.0156594,
                318.91,
                210.042,
                0.00969115,
                319.056,
                211.103,
                0.00474953,
                319.897,
                209.933,
                0.0255505,
                319.129,
                210.189,
                0.019215,
                319.385,
                210.554,
                0.00946368,
                321.689,
                211.395,
                0.00353465,
                320.007,
                210.262,
                0.0321713,
                319.678,
                210.737,
                0.0185036,
                319.714,
                210.701,
                0.0114238,
                321.616,
                211.359,
                0.00737318,
                320.19,
                210.554,
                0.0168341,
                319.641,
                211.615,
                0.0118606,
                321.543,
                211.03,
                0.00975742,
                321.543,
                211.359,
                0.00812403
            ],
            "hand_right_keypoints_2d": [
                313.223,
                205.289,
                0.0154176,
                313.756,
                206.664,
                0.0174847,
                314.465,
                207.729,
                0.0136986,
                314.82,
                207.817,
                0.0133026,
                315.84,
                207.463,
                0.00748127,
                314.111,
                207.152,
                0.0146813,
                311.671,
                206.842,
                0.0112879,
                311.671,
                206.93,
                0.00923432,
                311.272,
                206.886,
                0.00556545,
                312.336,
                206.842,
                0.010842,
                311.094,
                206.531,
                0.00626137,
                311.848,
                207.063,
                0.00665048,
                311.272,
                206.797,
                0.00326066,
                312.292,
                206.842,
                0.0112464,
                311.094,
                206.487,
                0.00795819,
                311.76,
                206.975,
                0.00860839,
                311.848,
                206.664,
                0.00459207,
                311.272,
                206.354,
                0.0141255,
                311.582,
                206.842,
                0.0105739,
                311.627,
                206.797,
                0.00923627,
                311.582,
                206.753,
                0.00599473
            ],
            "pose_keypoints_3d": [],
            "face_keypoints_3d": [],
            "hand_left_keypoints_3d": [],
            "hand_right_keypoints_3d": []
        }
    ]
}