{
    "version": 1.3,
    "people": [
        {
            "person_id": [
                -1
            ],
            "pose_keypoints_2d": [
                0,
                0,
                0,
                331.138,
                154.065,
                0.895523,
                348.721,
                153.129,
                0.89898,
                369.261,
                169.75,
                0.840382,
                371.266,
                199.079,
                0.868473,
                311.565,
                155.079,
                0.813992,
                308.634,
                184.376,
                0.802011,
                304.733,
                200.039,
                0.469548,
                337.989,
                200.07,
                0.731235,
                347.729,
                200.023,
                0.745359,
                335.067,
                242.102,
                0.756403,
                334.075,
                274.408,
                0.76244,
                328.192,
                201.039,
                0.704837,
                338.965,
                246.006,
                0.853317,
                348.74,
                282.22,
                0.808028,
                0,
                0,
                0,
                0,
                0,
                0,
                335.046,
                136.488,
                0.754239,
                319.419,
                136.511,
                0.860506,
                348.726,
                300.789,
                0.688491,
                347.735,
                298.839,
                0.625557,
                352.647,
                286.116,
                0.757485,
                327.205,
                286.139,
                0.685838,
                330.167,
                285.159,
                0.685721,
                335.034,
                278.285,
                0.596997
            ],
            "face_keypoints_2d": [
                0,
                0,
                0,
                0,
                0,
                0,
                0,
                0,
                0,
                0,
                0,
                0,
                0,
                0,
                0,
                0,
                0,
                0,
                0,
                0,
                0,
                0,
                0,
                0,
                0,
                0,
                0,
                0,
                0,
                0,
                0,
                0,
                0,
                0,
                0,
                0,
                0,
                0,
                0,
                0,
                0,
                0,
                0,
                0,
                0,
                0,
                0,
                0,
                0,
                0,
                0,
                0,
                0,
                0,
                0,
                0,
                0,
                0,
                0,
                0,
                0,
                0,
                0,
                0,
                0,
                0,
                0,
                0,
                0,
                0,
                0,
                0,
                0,
                0,
                0,
                0,
                0,
                0,
                0,
                0,
                0,
                0,
                0,
                0,
                0,
                0,
                0,
                0,
                0,
                0,
                0,
                0,
                0,
                0,
                0,
                0,
                0,
                0,
                0,
                0,
                0,
                0,
                0,
                0,
                0,
                0,
                0,
                0,
                0,
                0,
                0,
                0,
                0,
                0,
                0,
                0,
                0,
                0,
                0,
                0,
                0,
                0,
                0,
                0,
                0,
                0,
                0,
                0,
                0,
                0,
                0,
                0,
                0,
                0,
                0,
                0,
                0,
                0,
                0,
                0,
                0,
                0,
                0,
                0,
                0,
                0,
                0,
                0,
                0,
                0,
                0,
                0,
                0,
                0,
                0,
                0,
                0,
                0,
                0,
                0,
                0,
                0,
                0,
                0,
                0,
                0,
                0,
                0,
                0,
                0,
                0,
                0,
                0,
                0,
                0,
                0,
                0,
                0,
                0,
                0,
                0,
                0,
                0,
                0,
                0,
                0,
                0,
                0,
                0,
                0,
                0,
                0,
                0,
                0,
                0,
                0,
                0,
                0,
                0,
                0,
                0,
                0,
                0,
                0,
                0,
                0,
                0,
                0,
                0,
                0
            ],
            "hand_left_keypoints_2d": [
                308.198,
                194.515,
                0.0303645,
                304.31,
                198.403,
                0.0175848,
                303.121,
                197.107,
                0.0125417,
                304.742,
                198.727,
                0.00875469,
                305.282,
                206.072,
                0.00456129,
                308.414,
                201.319,
                0.00821559,
                309.386,
                202.184,
                0.00935676,
                309.602,
                202.184,
                0.00786617,
                309.926,
                202.616,
                0.00561953,
                305.93,
                200.563,
                0.00532571,
                309.17,
                201.967,
                0.00274335,
                309.386,
                202.184,
                0.0041177,
                309.926,
                202.724,
                0.00209227,
                308.522,
                201.319,
                0.00524133,
                305.606,
                201.103,
                0.00354068,
                305.39,
                201.103,
                0.00516655,
                309.494,
                201.535,
                0.00308622,
                309.71,
                201.427,
                0.00779997,
                309.602,
                202.94,
                0.00850782,
                309.602,
                202.616,
                0.00787919,
                309.71,
                202.292,
                0.00561953
            ],
            "hand_right_keypoints_2d": [
                366.535,
                222.658,
                0.0200972,
                372.766,
                201.688,
                0.0240203,
                368.572,
                203.006,
                0.0298619,
                367.733,
                202.527,
                0.0273076,
                365.457,
                206.361,
                0.0132129,
                375.642,
                207.2,
                0.0167471,
                367.973,
                202.527,
                0.0150145,
                367.614,
                202.407,
                0.0104168,
                364.858,
                206.242,
                0.00738681,
                372.886,
                204.085,
                0.00875835,
                368.332,
                203.126,
                0.00775726,
                364.618,
                209.237,
                0.00717727,
                365.457,
                205.523,
                0.00552888,
                372.646,
                203.965,
                0.00811087,
                372.407,
                203.605,
                0.00492444,
                364.498,
                205.523,
                0.00766747,
                365.337,
                211.274,
                0.00786679,
                370.489,
                208.518,
                0.00868991,
                369.531,
                208.998,
                0.00814338,
                365.936,
                210.316,
                0.00785857,
                365.576,
                211.155,
                0.00760161
            ],
            "pose_keypoints_3d": [],
            "face_keypoints_3d": [],
            "hand_left_keypoints_3d": [],
            "hand_right_keypoints_3d": []
        }
    ]
}