{
    "version": 1.3,
    "people": [
        {
            "person_id": [
                -1
            ],
            "pose_keypoints_2d": [
                0,
                0,
                0,
                356.555,
                145.284,
                0.909669,
                378.081,
                144.297,
                0.847217,
                402.543,
                168.751,
                0.924222,
                411.396,
                203.978,
                0.818035,
                334.05,
                147.244,
                0.814071,
                331.092,
                184.439,
                0.821573,
                323.297,
                204.95,
                0.306659,
                372.229,
                200.048,
                0.721237,
                383.964,
                198.113,
                0.657806,
                363.417,
                248.961,
                0.800304,
                354.603,
                293.931,
                0.808336,
                362.45,
                201.054,
                0.674625,
                376.129,
                257.776,
                0.724882,
                403.513,
                303.747,
                0.829545,
                0,
                0,
                0,
                0,
                0,
                0,
                362.398,
                122.806,
                0.432356,
                341.917,
                123.764,
                0.820216,
                394.705,
                323.311,
                0.724117,
                401.534,
                320.385,
                0.663409,
                410.359,
                307.669,
                0.806421,
                349.716,
                301.824,
                0.480169,
                350.696,
                301.765,
                0.489932,
                354.585,
                298.848,
                0.713221
            ],
            "face_keypoints_2d": [
                0,
                0,
                0,
                0,
                0,
                0,
                0,
                0,
                0,
                0,
                0,
                0,
                0,
                0,
                0,
                0,
                0,
                0,
                0,
                0,
                0,
                0,
                0,
                0,
                0,
                0,
                0,
                0,
                0,
                0,
                0,
                0,
                0,
                0,
                0,
                0,
                0,
                0,
                0,
                0,
                0,
                0,
                0,
                0,
                0,
                0,
                0,
                0,
                0,
                0,
                0,
                0,
                0,
                0,
                0,
                0,
                0,
                0,
                0,
                0,
                0,
                0,
                0,
                0,
                0,
                0,
                0,
                0,
                0,
                0,
                0,
                0,
                0,
                0,
                0,
                0,
                0,
                0,
                0,
                0,
                0,
                0,
                0,
                0,
                0,
                0,
                0,
                0,
                0,
                0,
                0,
                0,
                0,
                0,
                0,
                0,
                0,
                0,
                0,
                0,
                0,
                0,
                0,
                0,
                0,
                0,
                0,
                0,
                0,
                0,
                0,
                0,
                0,
                0,
                0,
                0,
                0,
                0,
                0,
                0,
                0,
                0,
                0,
                0,
                0,
                0,
                0,
                0,
                0,
                0,
                0,
                0,
                0,
                0,
                0,
                0,
                0,
                0,
                0,
                0,
                0,
                0,
                0,
                0,
                0,
                0,
                0,
                0,
                0,
                0,
                0,
                0,
                0,
                0,
                0,
                0,
                0,
                0,
                0,
                0,
                0,
                0,
                0,
                0,
                0,
                0,
                0,
                0,
                0,
                0,
                0,
                0,
                0,
                0,
                0,
                0,
                0,
                0,
                0,
                0,
                0,
                0,
                0,
                0,
                0,
                0,
                0,
                0,
                0,
                0,
                0,
                0,
                0,
                0,
                0,
                0,
                0,
                0,
                0,
                0,
                0,
                0,
                0,
                0,
                0,
                0,
                0,
                0,
                0,
                0
            ],
            "hand_left_keypoints_2d": [
                303.203,
                229.786,
                0.0412593,
                318.808,
                214.455,
                0.0145947,
                318.945,
                213.36,
                0.0186265,
                315.66,
                215.277,
                0.0268664,
                307.994,
                218.425,
                0.014328,
                318.123,
                213.908,
                0.0148822,
                319.082,
                213.908,
                0.0421522,
                311.69,
                214.319,
                0.108514,
                308.268,
                216.509,
                0.0996557,
                318.671,
                214.455,
                0.00833832,
                319.218,
                214.455,
                0.018538,
                312.922,
                214.729,
                0.0232936,
                308.542,
                216.646,
                0.0204195,
                319.082,
                214.455,
                0.00749666,
                318.945,
                214.592,
                0.0103518,
                319.218,
                214.729,
                0.00960315,
                308.815,
                216.372,
                0.0121526,
                319.629,
                214.592,
                0.00958976,
                318.671,
                214.592,
                0.015552,
                311.69,
                214.455,
                0.0351913,
                308.268,
                215.551,
                0.0130792
            ],
            "hand_right_keypoints_2d": [
                411.061,
                204.351,
                0.0723477,
                411.653,
                207.904,
                0.0472985,
                407.36,
                207.904,
                0.0279393,
                406.323,
                208.94,
                0.0316982,
                408.988,
                221.081,
                0.01389,
                415.799,
                217.231,
                0.022299,
                409.136,
                218.268,
                0.0259726,
                407.804,
                218.268,
                0.0331268,
                407.804,
                221.969,
                0.021228,
                415.058,
                213.974,
                0.0123054,
                412.69,
                219.156,
                0.0338349,
                411.061,
                220.044,
                0.0334246,
                408.692,
                221.673,
                0.0152377,
                413.43,
                217.231,
                0.0108256,
                412.838,
                220.784,
                0.0201505,
                412.097,
                219.748,
                0.0202531,
                408.988,
                221.821,
                0.0128417,
                406.767,
                219.896,
                0.0109361,
                406.619,
                219.896,
                0.0104679,
                411.061,
                223.005,
                0.0113551,
                407.064,
                221.969,
                0.0103159
            ],
            "pose_keypoints_3d": [],
            "face_keypoints_3d": [],
            "hand_left_keypoints_3d": [],
            "hand_right_keypoints_3d": []
        }
    ]
}