{
    "version": 1.3,
    "people": [
        {
            "person_id": [
                -1
            ],
            "pose_keypoints_2d": [
                293.992,
                191.24,
                0.380534,
                292.931,
                199.022,
                0.771882,
                288.09,
                199.024,
                0.818871,
                290.055,
                207.863,
                0.850753,
                300.772,
                211.776,
                0.849753,
                293.989,
                199.019,
                0.73908,
                300.778,
                206.895,
                0.188937,
                305.699,
                207.927,
                0.11536,
                293.964,
                217.658,
                0.847292,
                292.941,
                217.662,
                0.861686,
                291.033,
                236.265,
                0.779767,
                286.185,
                252.871,
                0.709018,
                297.868,
                217.648,
                0.765154,
                300.835,
                237.185,
                0.820331,
                305.683,
                252.841,
                0.644412,
                293.027,
                190.254,
                0.413482,
                294.012,
                190.279,
                0.109778,
                291.964,
                191.203,
                0.60478,
                0,
                0,
                0,
                309.608,
                253.818,
                0.493037,
                309.609,
                252.873,
                0.507121,
                303.738,
                253.817,
                0.552749,
                290.045,
                253.884,
                0.385812,
                286.158,
                253.87,
                0.422673,
                287.108,
                253.814,
                0.577826
            ],
            "face_keypoints_2d": [
                0,
                0,
                0,
                0,
                0,
                0,
                0,
                0,
                0,
                0,
                0,
                0,
                0,
                0,
                0,
                0,
                0,
                0,
                0,
                0,
                0,
                0,
                0,
                0,
                0,
                0,
                0,
                0,
                0,
                0,
                0,
                0,
                0,
                0,
                0,
                0,
                0,
                0,
                0,
                0,
                0,
                0,
                0,
                0,
                0,
                0,
                0,
                0,
                0,
                0,
                0,
                0,
                0,
                0,
                0,
                0,
                0,
                0,
                0,
                0,
                0,
                0,
                0,
                0,
                0,
                0,
                0,
                0,
                0,
                0,
                0,
                0,
                0,
                0,
                0,
                0,
                0,
                0,
                0,
                0,
                0,
                0,
                0,
                0,
                0,
                0,
                0,
                0,
                0,
                0,
                0,
                0,
                0,
                0,
                0,
                0,
                0,
                0,
                0,
                0,
                0,
                0,
                0,
                0,
                0,
                0,
                0,
                0,
                0,
                0,
                0,
                0,
                0,
                0,
                0,
                0,
                0,
                0,
                0,
                0,
                0,
                0,
                0,
                0,
                0,
                0,
                0,
                0,
                0,
                0,
                0,
                0,
                0,
                0,
                0,
                0,
                0,
                0,
                0,
                0,
                0,
                0,
                0,
                0,
                0,
                0,
                0,
                0,
                0,
                0,
                0,
                0,
                0,
                0,
                0,
                0,
                0,
                0,
                0,
                0,
                0,
                0,
                0,
                0,
                0,
                0,
                0,
                0,
                0,
                0,
                0,
                0,
                0,
                0,
                0,
                0,
                0,
                0,
                0,
                0,
                0,
                0,
                0,
                0,
                0,
                0,
                0,
                0,
                0,
                0,
                0,
                0,
                0,
                0,
                0,
                0,
                0,
                0,
                0,
                0,
                0,
                0,
                0,
                0,
                0,
                0,
                0,
                0,
                0,
                0
            ],
            "hand_left_keypoints_2d": [
                306.369,
                209.793,
                0.0108697,
                307.399,
                209.87,
                0.0132862,
                305.606,
                208.42,
                0.0132938,
                305.377,
                208.534,
                0.0128917,
                304.309,
                207.199,
                0.00679449,
                305.873,
                208.42,
                0.0128551,
                305.988,
                209.03,
                0.0120691,
                306.445,
                210.06,
                0.0093969,
                306.674,
                210.442,
                0.0053744,
                306.484,
                209.221,
                0.012727,
                306.102,
                209.335,
                0.0130686,
                306.445,
                209.946,
                0.00807446,
                306.903,
                210.594,
                0.00368072,
                306.56,
                209.335,
                0.0137387,
                306.445,
                209.679,
                0.0133524,
                307.132,
                210.175,
                0.00976862,
                307.361,
                210.48,
                0.00553683,
                307.895,
                207.581,
                0.0157778,
                307.819,
                209.908,
                0.00918156,
                307.514,
                210.175,
                0.00867174,
                307.666,
                210.213,
                0.00616694
            ],
            "hand_right_keypoints_2d": [
                302.867,
                214.184,
                0.014084,
                303.379,
                213.998,
                0.0175686,
                305.75,
                213.16,
                0.0134231,
                306.122,
                213.253,
                0.0122283,
                307.052,
                211.858,
                0.00630531,
                304.355,
                214.323,
                0.0114206,
                304.355,
                214.509,
                0.0113984,
                304.541,
                214.881,
                0.00883112,
                302.309,
                215.811,
                0.00500925,
                304.309,
                214.137,
                0.0117842,
                304.448,
                214.695,
                0.00939403,
                304.727,
                215.021,
                0.00675505,
                302.448,
                215.579,
                0.0042742,
                304.169,
                214.044,
                0.0114196,
                304.774,
                215.067,
                0.00990933,
                303.1,
                215.811,
                0.00797619,
                303.007,
                216.09,
                0.00524848,
                304.03,
                214.37,
                0.0111953,
                302.634,
                215.114,
                0.00795056,
                303.053,
                215.904,
                0.00736163,
                303.007,
                216.183,
                0.00536537
            ],
            "pose_keypoints_3d": [],
            "face_keypoints_3d": [],
            "hand_left_keypoints_3d": [],
            "hand_right_keypoints_3d": []
        }
    ]
}