{
    "version": 1.3,
    "people": [
        {
            "person_id": [
                -1
            ],
            "pose_keypoints_2d": [
                0,
                0,
                0,
                334.059,
                161.923,
                0.890329,
                351.662,
                160.944,
                0.86355,
                365.367,
                185.39,
                0.85548,
                371.181,
                212.758,
                0.772165,
                316.484,
                163.88,
                0.853385,
                309.64,
                193.223,
                0.814962,
                310.578,
                214.707,
                0.58221,
                339.911,
                207.853,
                0.796394,
                348.758,
                206.897,
                0.769539,
                351.677,
                247.016,
                0.758778,
                360.468,
                279.29,
                0.302417,
                329.169,
                207.879,
                0.738297,
                330.156,
                252.856,
                0.824477,
                339.938,
                291.03,
                0.848256,
                0,
                0,
                0,
                0,
                0,
                0,
                339.944,
                144.287,
                0.74402,
                325.224,
                144.3,
                0.942156,
                339.933,
                292.958,
                0.562984,
                336.035,
                293.006,
                0.642245,
                340.914,
                293.973,
                0.862559,
                357.549,
                284.156,
                0.075116,
                364.385,
                283.182,
                0.0858624,
                359.51,
                283.188,
                0.19875
            ],
            "face_keypoints_2d": [
                0,
                0,
                0,
                0,
                0,
                0,
                0,
                0,
                0,
                0,
                0,
                0,
                0,
                0,
                0,
                0,
                0,
                0,
                0,
                0,
                0,
                0,
                0,
                0,
                0,
                0,
                0,
                0,
                0,
                0,
                0,
                0,
                0,
                0,
                0,
                0,
                0,
                0,
                0,
                0,
                0,
                0,
                0,
                0,
                0,
                0,
                0,
                0,
                0,
                0,
                0,
                0,
                0,
                0,
                0,
                0,
                0,
                0,
                0,
                0,
                0,
                0,
                0,
                0,
                0,
                0,
                0,
                0,
                0,
                0,
                0,
                0,
                0,
                0,
                0,
                0,
                0,
                0,
                0,
                0,
                0,
                0,
                0,
                0,
                0,
                0,
                0,
                0,
                0,
                0,
                0,
                0,
                0,
                0,
                0,
                0,
                0,
                0,
                0,
                0,
                0,
                0,
                0,
                0,
                0,
                0,
                0,
                0,
                0,
                0,
                0,
                0,
                0,
                0,
                0,
                0,
                0,
                0,
                0,
                0,
                0,
                0,
                0,
                0,
                0,
                0,
                0,
                0,
                0,
                0,
                0,
                0,
                0,
                0,
                0,
                0,
                0,
                0,
                0,
                0,
                0,
                0,
                0,
                0,
                0,
                0,
                0,
                0,
                0,
                0,
                0,
                0,
                0,
                0,
                0,
                0,
                0,
                0,
                0,
                0,
                0,
                0,
                0,
                0,
                0,
                0,
                0,
                0,
                0,
                0,
                0,
                0,
                0,
                0,
                0,
                0,
                0,
                0,
                0,
                0,
                0,
                0,
                0,
                0,
                0,
                0,
                0,
                0,
                0,
                0,
                0,
                0,
                0,
                0,
                0,
                0,
                0,
                0,
                0,
                0,
                0,
                0,
                0,
                0,
                0,
                0,
                0,
                0,
                0,
                0
            ],
            "hand_left_keypoints_2d": [
                315.862,
                227.987,
                0.0516266,
                314.093,
                226.992,
                0.016239,
                316.636,
                214.281,
                0.010196,
                316.636,
                213.397,
                0.0124223,
                303.482,
                210.744,
                0.0187296,
                316.525,
                209.197,
                0.0140711,
                316.746,
                209.97,
                0.0261939,
                317.962,
                213.286,
                0.0196197,
                318.625,
                211.518,
                0.0174501,
                316.525,
                214.723,
                0.0077945,
                317.409,
                211.076,
                0.0175283,
                317.63,
                211.297,
                0.0107516,
                317.741,
                211.186,
                0.0112537,
                316.636,
                214.834,
                0.00784185,
                317.299,
                211.186,
                0.0129471,
                317.63,
                211.518,
                0.0119538,
                317.741,
                211.628,
                0.00859037,
                316.746,
                214.944,
                0.00938325,
                317.63,
                210.855,
                0.0133,
                317.962,
                214.06,
                0.0231796,
                317.852,
                213.95,
                0.0122522
            ],
            "hand_right_keypoints_2d": [
                364.432,
                214.947,
                0.0361546,
                372.986,
                221.903,
                0.0242039,
                370.021,
                218.026,
                0.0215023,
                360.783,
                222.245,
                0.017757,
                358.844,
                221.333,
                0.01074,
                360.669,
                221.903,
                0.0145168,
                361.581,
                221.561,
                0.0146815,
                357.818,
                221.219,
                0.0186365,
                379.144,
                233.992,
                0.0150005,
                361.239,
                222.245,
                0.0075479,
                360.669,
                221.675,
                0.00676152,
                376.749,
                231.369,
                0.00872994,
                379.144,
                233.992,
                0.0142793,
                361.353,
                222.131,
                0.00732116,
                361.467,
                221.789,
                0.00550282,
                360.327,
                222.245,
                0.00976506,
                379.372,
                233.878,
                0.0186016,
                361.581,
                221.561,
                0.0101464,
                361.695,
                221.447,
                0.0156797,
                361.239,
                221.903,
                0.0187868,
                379.714,
                233.536,
                0.0149603
            ],
            "pose_keypoints_3d": [],
            "face_keypoints_3d": [],
            "hand_left_keypoints_3d": [],
            "hand_right_keypoints_3d": []
        }
    ]
}