{
    "version": 1.3,
    "people": [
        {
            "person_id": [
                -1
            ],
            "pose_keypoints_2d": [
                0,
                0,
                0,
                334.094,
                167.731,
                0.888362,
                349.721,
                167.765,
                0.879576,
                372.219,
                176.548,
                0.733844,
                386.872,
                179.501,
                0.614033,
                320.368,
                166.793,
                0.838736,
                293.966,
                175.55,
                0.808236,
                269.481,
                174.623,
                0.67724,
                333.074,
                212.759,
                0.798677,
                340.966,
                213.719,
                0.749987,
                338.945,
                251.891,
                0.813774,
                333.091,
                286.098,
                0.860849,
                324.308,
                211.793,
                0.778802,
                325.241,
                243.108,
                0.583043,
                331.104,
                262.673,
                0.492503,
                0,
                0,
                0,
                0,
                0,
                0,
                341.878,
                151.162,
                0.627667,
                330.137,
                151.139,
                0.853644,
                326.258,
                269.499,
                0.113268,
                324.31,
                263.629,
                0.131661,
                330.162,
                262.668,
                0.336866,
                333.06,
                289.076,
                0.61722,
                335.061,
                290.041,
                0.626519,
                332.13,
                290.038,
                0.780896
            ],
            "face_keypoints_2d": [
                0,
                0,
                0,
                0,
                0,
                0,
                0,
                0,
                0,
                0,
                0,
                0,
                0,
                0,
                0,
                0,
                0,
                0,
                0,
                0,
                0,
                0,
                0,
                0,
                0,
                0,
                0,
                0,
                0,
                0,
                0,
                0,
                0,
                0,
                0,
                0,
                0,
                0,
                0,
                0,
                0,
                0,
                0,
                0,
                0,
                0,
                0,
                0,
                0,
                0,
                0,
                0,
                0,
                0,
                0,
                0,
                0,
                0,
                0,
                0,
                0,
                0,
                0,
                0,
                0,
                0,
                0,
                0,
                0,
                0,
                0,
                0,
                0,
                0,
                0,
                0,
                0,
                0,
                0,
                0,
                0,
                0,
                0,
                0,
                0,
                0,
                0,
                0,
                0,
                0,
                0,
                0,
                0,
                0,
                0,
                0,
                0,
                0,
                0,
                0,
                0,
                0,
                0,
                0,
                0,
                0,
                0,
                0,
                0,
                0,
                0,
                0,
                0,
                0,
                0,
                0,
                0,
                0,
                0,
                0,
                0,
                0,
                0,
                0,
                0,
                0,
                0,
                0,
                0,
                0,
                0,
                0,
                0,
                0,
                0,
                0,
                0,
                0,
                0,
                0,
                0,
                0,
                0,
                0,
                0,
                0,
                0,
                0,
                0,
                0,
                0,
                0,
                0,
                0,
                0,
                0,
                0,
                0,
                0,
                0,
                0,
                0,
                0,
                0,
                0,
                0,
                0,
                0,
                0,
                0,
                0,
                0,
                0,
                0,
                0,
                0,
                0,
                0,
                0,
                0,
                0,
                0,
                0,
                0,
                0,
                0,
                0,
                0,
                0,
                0,
                0,
                0,
                0,
                0,
                0,
                0,
                0,
                0,
                0,
                0,
                0,
                0,
                0,
                0,
                0,
                0,
                0,
                0,
                0,
                0
            ],
            "hand_left_keypoints_2d": [
                277.421,
                177.175,
                0.0176074,
                255.788,
                172.481,
                0.0149213,
                272.319,
                176.971,
                0.0151806,
                255.482,
                179.522,
                0.0229883,
                256.196,
                179.624,
                0.0259037,
                256.4,
                179.113,
                0.0247341,
                256.4,
                178.909,
                0.0209839,
                257.727,
                179.216,
                0.0167818,
                257.013,
                180.134,
                0.0110651,
                256.4,
                179.318,
                0.0088788,
                260.89,
                174.42,
                0.0115091,
                260.788,
                174.726,
                0.00981626,
                268.339,
                185.44,
                0.0080094,
                259.156,
                174.011,
                0.00772243,
                260.074,
                174.522,
                0.00836057,
                259.87,
                174.011,
                0.00966209,
                268.441,
                185.542,
                0.00790169,
                257.625,
                174.215,
                0.00790923,
                259.36,
                173.603,
                0.00816935,
                259.564,
                173.399,
                0.0090732,
                269.972,
                185.542,
                0.00786875
            ],
            "hand_right_keypoints_2d": [
                389.404,
                173.388,
                0.0101444,
                394.277,
                184.906,
                0.0111289,
                394.985,
                180.299,
                0.012097,
                395.163,
                180.21,
                0.0120801,
                398.529,
                183.577,
                0.00705149,
                394.454,
                180.122,
                0.0124194,
                394.631,
                180.565,
                0.012826,
                393.213,
                181.539,
                0.00927615,
                390.644,
                182.248,
                0.00549987,
                394.099,
                181.451,
                0.0111814,
                395.074,
                181.362,
                0.0108305,
                393.391,
                182.337,
                0.00734614,
                390.998,
                182.337,
                0.00337836,
                393.834,
                181.894,
                0.0102967,
                393.568,
                182.691,
                0.0104654,
                392.062,
                183.4,
                0.00878472,
                391.353,
                183.754,
                0.00473853,
                389.935,
                183.577,
                0.0112456,
                391.619,
                183.223,
                0.00824743,
                391.353,
                183.577,
                0.00797027,
                390.998,
                183.666,
                0.00576422
            ],
            "pose_keypoints_3d": [],
            "face_keypoints_3d": [],
            "hand_left_keypoints_3d": [],
            "hand_right_keypoints_3d": []
        }
    ]
}