{
    "version": 1.3,
    "people": [
        {
            "person_id": [
                -1
            ],
            "pose_keypoints_2d": [
                0,
                0,
                0,
                340.931,
                164.826,
                0.878353,
                358.525,
                165.797,
                0.825056,
                365.362,
                191.262,
                0.85029,
                355.553,
                196.124,
                0.275597,
                324.236,
                162.907,
                0.821973,
                311.582,
                185.364,
                0.780874,
                308.65,
                200.018,
                0.819802,
                341.918,
                207.866,
                0.779217,
                354.578,
                207.869,
                0.76184,
                355.578,
                246.023,
                0.839604,
                356.587,
                276.341,
                0.500752,
                333.066,
                207.893,
                0.790679,
                332.054,
                245.03,
                0.842547,
                333.136,
                279.311,
                0.808826,
                0,
                0,
                0,
                0,
                0,
                0,
                347.786,
                145.238,
                0.859912,
                332.1,
                145.293,
                0.886455,
                334.091,
                284.195,
                0.408988,
                332.086,
                285.15,
                0.504829,
                335.044,
                285.157,
                0.770859,
                0,
                0,
                0,
                0,
                0,
                0,
                356.537,
                280.255,
                0.336414
            ],
            "face_keypoints_2d": [
                0,
                0,
                0,
                0,
                0,
                0,
                0,
                0,
                0,
                0,
                0,
                0,
                0,
                0,
                0,
                0,
                0,
                0,
                0,
                0,
                0,
                0,
                0,
                0,
                0,
                0,
                0,
                0,
                0,
                0,
                0,
                0,
                0,
                0,
                0,
                0,
                0,
                0,
                0,
                0,
                0,
                0,
                0,
                0,
                0,
                0,
                0,
                0,
                0,
                0,
                0,
                0,
                0,
                0,
                0,
                0,
                0,
                0,
                0,
                0,
                0,
                0,
                0,
                0,
                0,
                0,
                0,
                0,
                0,
                0,
                0,
                0,
                0,
                0,
                0,
                0,
                0,
                0,
                0,
                0,
                0,
                0,
                0,
                0,
                0,
                0,
                0,
                0,
                0,
                0,
                0,
                0,
                0,
                0,
                0,
                0,
                0,
                0,
                0,
                0,
                0,
                0,
                0,
                0,
                0,
                0,
                0,
                0,
                0,
                0,
                0,
                0,
                0,
                0,
                0,
                0,
                0,
                0,
                0,
                0,
                0,
                0,
                0,
                0,
                0,
                0,
                0,
                0,
                0,
                0,
                0,
                0,
                0,
                0,
                0,
                0,
                0,
                0,
                0,
                0,
                0,
                0,
                0,
                0,
                0,
                0,
                0,
                0,
                0,
                0,
                0,
                0,
                0,
                0,
                0,
                0,
                0,
                0,
                0,
                0,
                0,
                0,
                0,
                0,
                0,
                0,
                0,
                0,
                0,
                0,
                0,
                0,
                0,
                0,
                0,
                0,
                0,
                0,
                0,
                0,
                0,
                0,
                0,
                0,
                0,
                0,
                0,
                0,
                0,
                0,
                0,
                0,
                0,
                0,
                0,
                0,
                0,
                0,
                0,
                0,
                0,
                0,
                0,
                0,
                0,
                0,
                0,
                0,
                0,
                0
            ],
            "hand_left_keypoints_2d": [
                308.249,
                192.844,
                0.0329957,
                301.63,
                199.18,
                0.0189387,
                301.819,
                197.288,
                0.0378488,
                302.008,
                197.95,
                0.0307402,
                300.401,
                211.284,
                0.0338588,
                300.684,
                206.366,
                0.0229015,
                300.684,
                206.839,
                0.0481268,
                301.062,
                207.69,
                0.0566711,
                300.495,
                211.189,
                0.0492013,
                304.75,
                204.853,
                0.0112659,
                305.412,
                208.163,
                0.0297829,
                307.209,
                209.96,
                0.0284235,
                300.495,
                211,
                0.0161276,
                305.601,
                206.745,
                0.00950928,
                305.129,
                208.636,
                0.0206145,
                306.642,
                210.338,
                0.0204737,
                307.114,
                210.243,
                0.0143178,
                308.155,
                207.217,
                0.00957892,
                305.98,
                209.203,
                0.0112565,
                307.114,
                210.243,
                0.0198247,
                307.02,
                210.149,
                0.0127275
            ],
            "hand_right_keypoints_2d": [
                350.672,
                194.44,
                0.0254259,
                354.541,
                196.568,
                0.0219323,
                355.025,
                197.728,
                0.022446,
                350.188,
                199.47,
                0.0150442,
                349.608,
                200.147,
                0.0140899,
                352.22,
                199.566,
                0.0224502,
                349.415,
                199.663,
                0.0170648,
                349.511,
                199.083,
                0.0181297,
                348.641,
                199.663,
                0.0112449,
                350.672,
                199.47,
                0.0131184,
                349.415,
                199.953,
                0.0146696,
                349.608,
                199.953,
                0.0099424,
                349.028,
                199.566,
                0.00929514,
                351.543,
                199.566,
                0.0166499,
                349.802,
                200.243,
                0.0128633,
                349.898,
                199.953,
                0.0129078,
                350.092,
                200.34,
                0.0096601,
                353.38,
                195.407,
                0.0151858,
                349.415,
                199.663,
                0.0140513,
                349.608,
                199.856,
                0.0159084,
                349.608,
                200.147,
                0.0111461
            ],
            "pose_keypoints_3d": [],
            "face_keypoints_3d": [],
            "hand_left_keypoints_3d": [],
            "hand_right_keypoints_3d": []
        }
    ]
}