{
    "version": 1.3,
    "people": [
        {
            "person_id": [
                -1
            ],
            "pose_keypoints_2d": [
                0,
                0,
                0,
                414.271,
                114.954,
                0.837492,
                435.837,
                115.95,
                0.779785,
                449.471,
                160.956,
                0.880807,
                442.616,
                189.282,
                0.444245,
                390.815,
                114.016,
                0.806155,
                386.907,
                157.007,
                0.856746,
                384.946,
                195.157,
                0.790027,
                422.092,
                190.26,
                0.604169,
                435.827,
                188.311,
                0.601214,
                449.497,
                259.719,
                0.826491,
                465.139,
                325.273,
                0.775528,
                407.414,
                191.244,
                0.596081,
                387.912,
                251.877,
                0.825727,
                385.903,
                309.657,
                0.838514,
                0,
                0,
                0,
                388.856,
                89.5314,
                0.0993964,
                416.24,
                90.4947,
                0.541912,
                395.653,
                90.4771,
                0.971929,
                370.241,
                310.588,
                0.742112,
                371.243,
                314.484,
                0.794221,
                387.855,
                317.416,
                0.837453,
                442.651,
                335.037,
                0.642571,
                445.587,
                333.107,
                0.553829,
                470.038,
                333.121,
                0.669021
            ],
            "face_keypoints_2d": [
                0,
                0,
                0,
                0,
                0,
                0,
                0,
                0,
                0,
                0,
                0,
                0,
                0,
                0,
                0,
                0,
                0,
                0,
                0,
                0,
                0,
                0,
                0,
                0,
                0,
                0,
                0,
                0,
                0,
                0,
                0,
                0,
                0,
                0,
                0,
                0,
                0,
                0,
                0,
                0,
                0,
                0,
                0,
                0,
                0,
                0,
                0,
                0,
                0,
                0,
                0,
                0,
                0,
                0,
                0,
                0,
                0,
                0,
                0,
                0,
                0,
                0,
                0,
                0,
                0,
                0,
                0,
                0,
                0,
                0,
                0,
                0,
                0,
                0,
                0,
                0,
                0,
                0,
                0,
                0,
                0,
                0,
                0,
                0,
                0,
                0,
                0,
                0,
                0,
                0,
                0,
                0,
                0,
                0,
                0,
                0,
                0,
                0,
                0,
                0,
                0,
                0,
                0,
                0,
                0,
                0,
                0,
                0,
                0,
                0,
                0,
                0,
                0,
                0,
                0,
                0,
                0,
                0,
                0,
                0,
                0,
                0,
                0,
                0,
                0,
                0,
                0,
                0,
                0,
                0,
                0,
                0,
                0,
                0,
                0,
                0,
                0,
                0,
                0,
                0,
                0,
                0,
                0,
                0,
                0,
                0,
                0,
                0,
                0,
                0,
                0,
                0,
                0,
                0,
                0,
                0,
                0,
                0,
                0,
                0,
                0,
                0,
                0,
                0,
                0,
                0,
                0,
                0,
                0,
                0,
                0,
                0,
                0,
                0,
                0,
                0,
                0,
                0,
                0,
                0,
                0,
                0,
                0,
                0,
                0,
                0,
                0,
                0,
                0,
                0,
                0,
                0,
                0,
                0,
                0,
                0,
                0,
                0,
                0,
                0,
                0,
                0,
                0,
                0,
                0,
                0,
                0,
                0,
                0,
                0
            ],
            "hand_left_keypoints_2d": [
                382.715,
                196.503,
                0.087991,
                382.556,
                204.421,
                0.0471514,
                382.398,
                205.371,
                0.0332626,
                380.814,
                214.397,
                0.0394607,
                379.864,
                214.714,
                0.0172444,
                384.615,
                213.764,
                0.0341886,
                379.231,
                216.139,
                0.159172,
                375.272,
                215.823,
                0.264868,
                370.996,
                215.823,
                0.24199,
                383.665,
                215.031,
                0.0171352,
                380.339,
                215.981,
                0.0217397,
                370.996,
                219.306,
                0.028189,
                367.195,
                222.315,
                0.0210509,
                384.932,
                213.606,
                0.014545,
                381.289,
                220.257,
                0.0144632,
                378.756,
                215.981,
                0.00968925,
                367.354,
                221.999,
                0.00985315,
                381.289,
                215.823,
                0.0119446,
                380.023,
                215.981,
                0.0179085,
                376.38,
                215.823,
                0.0120947,
                367.354,
                222.474,
                0.00709818
            ],
            "hand_right_keypoints_2d": [
                429.831,
                212.086,
                0.0408253,
                436.041,
                200.7,
                0.0402269,
                434.834,
                199.492,
                0.0314201,
                444.839,
                211.741,
                0.0187388,
                449.152,
                208.98,
                0.0364558,
                433.799,
                214.156,
                0.0313659,
                449.152,
                208.808,
                0.0231357,
                445.875,
                214.328,
                0.0495835,
                449.842,
                214.673,
                0.0385653,
                445.702,
                211.05,
                0.0353713,
                450.705,
                200.872,
                0.0308023,
                448.635,
                212.948,
                0.0494567,
                450.36,
                215.018,
                0.0390594,
                446.91,
                210.36,
                0.0428647,
                448.117,
                204.667,
                0.0272983,
                448.635,
                211.05,
                0.0341561,
                450.532,
                214.846,
                0.0378003,
                446.91,
                210.188,
                0.0358094,
                449.152,
                209.153,
                0.0127466,
                446.22,
                215.536,
                0.0215917,
                450.532,
                215.191,
                0.0226173
            ],
            "pose_keypoints_3d": [],
            "face_keypoints_3d": [],
            "hand_left_keypoints_3d": [],
            "hand_right_keypoints_3d": []
        }
    ]
}