{
    "version": 1.3,
    "people": [
        {
            "person_id": [
                -1
            ],
            "pose_keypoints_2d": [
                0,
                0,
                0,
                336.992,
                167.78,
                0.87623,
                353.636,
                167.753,
                0.869149,
                371.203,
                190.232,
                0.838394,
                380.057,
                213.719,
                0.847029,
                319.384,
                167.789,
                0.872008,
                313.536,
                193.224,
                0.793521,
                319.397,
                210.804,
                0.661284,
                339.908,
                214.719,
                0.767329,
                348.729,
                213.764,
                0.727664,
                346.769,
                247.984,
                0.456464,
                339.963,
                280.255,
                0.412905,
                329.186,
                214.752,
                0.715808,
                337.994,
                253.834,
                0.741747,
                346.785,
                287.119,
                0.583758,
                0,
                0,
                0,
                0,
                0,
                0,
                346.753,
                146.286,
                0.713878,
                331.123,
                148.199,
                0.780559,
                340.941,
                292.969,
                0.372952,
                340.93,
                292.991,
                0.438051,
                348.741,
                292.959,
                0.564007,
                333.067,
                284.151,
                0.237634,
                333.119,
                282.209,
                0.235522,
                340.915,
                283.196,
                0.232936
            ],
            "face_keypoints_2d": [
                0,
                0,
                0,
                0,
                0,
                0,
                0,
                0,
                0,
                0,
                0,
                0,
                0,
                0,
                0,
                0,
                0,
                0,
                0,
                0,
                0,
                0,
                0,
                0,
                0,
                0,
                0,
                0,
                0,
                0,
                0,
                0,
                0,
                0,
                0,
                0,
                0,
                0,
                0,
                0,
                0,
                0,
                0,
                0,
                0,
                0,
                0,
                0,
                0,
                0,
                0,
                0,
                0,
                0,
                0,
                0,
                0,
                0,
                0,
                0,
                0,
                0,
                0,
                0,
                0,
                0,
                0,
                0,
                0,
                0,
                0,
                0,
                0,
                0,
                0,
                0,
                0,
                0,
                0,
                0,
                0,
                0,
                0,
                0,
                0,
                0,
                0,
                0,
                0,
                0,
                0,
                0,
                0,
                0,
                0,
                0,
                0,
                0,
                0,
                0,
                0,
                0,
                0,
                0,
                0,
                0,
                0,
                0,
                0,
                0,
                0,
                0,
                0,
                0,
                0,
                0,
                0,
                0,
                0,
                0,
                0,
                0,
                0,
                0,
                0,
                0,
                0,
                0,
                0,
                0,
                0,
                0,
                0,
                0,
                0,
                0,
                0,
                0,
                0,
                0,
                0,
                0,
                0,
                0,
                0,
                0,
                0,
                0,
                0,
                0,
                0,
                0,
                0,
                0,
                0,
                0,
                0,
                0,
                0,
                0,
                0,
                0,
                0,
                0,
                0,
                0,
                0,
                0,
                0,
                0,
                0,
                0,
                0,
                0,
                0,
                0,
                0,
                0,
                0,
                0,
                0,
                0,
                0,
                0,
                0,
                0,
                0,
                0,
                0,
                0,
                0,
                0,
                0,
                0,
                0,
                0,
                0,
                0,
                0,
                0,
                0,
                0,
                0,
                0,
                0,
                0,
                0,
                0,
                0,
                0
            ],
            "hand_left_keypoints_2d": [
                322.001,
                219.19,
                0.0106139,
                320.948,
                219.19,
                0.0178377,
                316.64,
                223.115,
                0.0214161,
                320.278,
                215.552,
                0.0339388,
                321.139,
                215.456,
                0.0274756,
                320.661,
                224.743,
                0.0265602,
                321.044,
                214.977,
                0.0301546,
                322.288,
                226.179,
                0.0467785,
                323.246,
                225.317,
                0.0352731,
                320.948,
                214.499,
                0.013906,
                321.235,
                227.615,
                0.023359,
                322.097,
                227.041,
                0.0351265,
                322.575,
                224.647,
                0.0191943,
                320.469,
                214.595,
                0.0112909,
                321.522,
                227.998,
                0.0150947,
                321.809,
                226.753,
                0.0148311,
                323.246,
                227.136,
                0.0136464,
                325.448,
                212.105,
                0.00999476,
                321.714,
                223.977,
                0.0100499,
                321.809,
                224.073,
                0.0106494,
                322.671,
                226.275,
                0.0098455
            ],
            "hand_right_keypoints_2d": [
                382.036,
                218.12,
                0.0205579,
                382.35,
                216.76,
                0.0186678,
                383.92,
                219.795,
                0.00967828,
                384.444,
                219.899,
                0.00894554,
                371.884,
                209.224,
                0.0112886,
                386.118,
                221.051,
                0.00659459,
                386.223,
                220.632,
                0.00631189,
                385.7,
                220.109,
                0.00551163,
                371.675,
                209.329,
                0.0108026,
                383.083,
                220.109,
                0.00600047,
                384.862,
                218.539,
                0.0038738,
                385.281,
                221.365,
                0.00437553,
                371.675,
                209.329,
                0.00207493,
                383.292,
                220.318,
                0.0059479,
                384.862,
                218.539,
                0.00512111,
                385.595,
                221.993,
                0.00615853,
                386.014,
                221.365,
                0.00337503,
                384.758,
                221.051,
                0.00721708,
                385.7,
                220.946,
                0.0059818,
                386.014,
                220.946,
                0.00574792,
                386.328,
                220.946,
                0.00368527
            ],
            "pose_keypoints_3d": [],
            "face_keypoints_3d": [],
            "hand_left_keypoints_3d": [],
            "hand_right_keypoints_3d": []
        }
    ]
}