{
    "version": 1.3,
    "people": [
        {
            "person_id": [
                -1
            ],
            "pose_keypoints_2d": [
                0,
                0,
                0,
                341.914,
                165.824,
                0.856555,
                360.483,
                166.78,
                0.855393,
                371.224,
                191.265,
                0.916924,
                355.572,
                192.262,
                0.665713,
                325.257,
                163.851,
                0.848043,
                309.569,
                180.472,
                0.806153,
                301.8,
                196.139,
                0.757187,
                341.893,
                207.92,
                0.80625,
                353.606,
                208.88,
                0.744711,
                355.608,
                249.944,
                0.831486,
                357.532,
                289.086,
                0.778019,
                333.064,
                207.914,
                0.801552,
                332.111,
                239.219,
                0.795804,
                333.114,
                271.45,
                0.771546,
                0,
                0,
                0,
                0,
                0,
                0,
                348.79,
                145.326,
                0.822866,
                334.091,
                145.304,
                0.82876,
                331.148,
                281.251,
                0.481111,
                328.197,
                279.308,
                0.558409,
                335.041,
                276.35,
                0.65484,
                355.613,
                294.929,
                0.608448,
                359.502,
                293.997,
                0.607917,
                357.532,
                293.942,
                0.797973
            ],
            "face_keypoints_2d": [
                0,
                0,
                0,
                0,
                0,
                0,
                0,
                0,
                0,
                0,
                0,
                0,
                0,
                0,
                0,
                0,
                0,
                0,
                0,
                0,
                0,
                0,
                0,
                0,
                0,
                0,
                0,
                0,
                0,
                0,
                0,
                0,
                0,
                0,
                0,
                0,
                0,
                0,
                0,
                0,
                0,
                0,
                0,
                0,
                0,
                0,
                0,
                0,
                0,
                0,
                0,
                0,
                0,
                0,
                0,
                0,
                0,
                0,
                0,
                0,
                0,
                0,
                0,
                0,
                0,
                0,
                0,
                0,
                0,
                0,
                0,
                0,
                0,
                0,
                0,
                0,
                0,
                0,
                0,
                0,
                0,
                0,
                0,
                0,
                0,
                0,
                0,
                0,
                0,
                0,
                0,
                0,
                0,
                0,
                0,
                0,
                0,
                0,
                0,
                0,
                0,
                0,
                0,
                0,
                0,
                0,
                0,
                0,
                0,
                0,
                0,
                0,
                0,
                0,
                0,
                0,
                0,
                0,
                0,
                0,
                0,
                0,
                0,
                0,
                0,
                0,
                0,
                0,
                0,
                0,
                0,
                0,
                0,
                0,
                0,
                0,
                0,
                0,
                0,
                0,
                0,
                0,
                0,
                0,
                0,
                0,
                0,
                0,
                0,
                0,
                0,
                0,
                0,
                0,
                0,
                0,
                0,
                0,
                0,
                0,
                0,
                0,
                0,
                0,
                0,
                0,
                0,
                0,
                0,
                0,
                0,
                0,
                0,
                0,
                0,
                0,
                0,
                0,
                0,
                0,
                0,
                0,
                0,
                0,
                0,
                0,
                0,
                0,
                0,
                0,
                0,
                0,
                0,
                0,
                0,
                0,
                0,
                0,
                0,
                0,
                0,
                0,
                0,
                0,
                0,
                0,
                0,
                0,
                0,
                0
            ],
            "hand_left_keypoints_2d": [
                299.823,
                195.272,
                0.0299529,
                297.476,
                198.207,
                0.016204,
                297.476,
                205.165,
                0.0220987,
                298.314,
                204.327,
                0.030353,
                299.069,
                200.973,
                0.0146764,
                299.823,
                200.638,
                0.0215454,
                296.302,
                205.249,
                0.0315275,
                298.314,
                204.914,
                0.0243931,
                296.889,
                207.261,
                0.0114651,
                302.003,
                204.579,
                0.00955461,
                302.925,
                204.662,
                0.0186077,
                303.596,
                207.764,
                0.0150821,
                296.721,
                207.429,
                0.00761241,
                302.087,
                204.579,
                0.00836562,
                300.997,
                207.764,
                0.0165268,
                303.345,
                207.681,
                0.0126822,
                300.159,
                208.1,
                0.00955693,
                300.662,
                208.351,
                0.00893004,
                301.5,
                208.351,
                0.0091757,
                303.345,
                208.184,
                0.0101965,
                303.345,
                208.016,
                0.00816508
            ],
            "hand_right_keypoints_2d": [
                355.9,
                195.632,
                0.0201988,
                355.802,
                196.809,
                0.0299203,
                355.41,
                200.635,
                0.037639,
                358.646,
                207.795,
                0.0189828,
                359.235,
                208.874,
                0.0116715,
                353.938,
                200.635,
                0.0184675,
                359.235,
                208.677,
                0.0136332,
                358.45,
                204.754,
                0.00880725,
                349.132,
                200.046,
                0.00660457,
                353.056,
                200.733,
                0.00858215,
                359.431,
                208.775,
                0.00807406,
                359.137,
                208.089,
                0.00615953,
                349.034,
                200.046,
                0.00443655,
                352.859,
                200.635,
                0.00779487,
                359.431,
                208.677,
                0.00730179,
                351.192,
                199.85,
                0.00852161,
                350.996,
                199.654,
                0.00688177,
                349.328,
                200.438,
                0.0101623,
                358.548,
                208.677,
                0.0129808,
                357.567,
                209.266,
                0.0115581,
                350.309,
                199.948,
                0.00798288
            ],
            "pose_keypoints_3d": [],
            "face_keypoints_3d": [],
            "hand_left_keypoints_3d": [],
            "hand_right_keypoints_3d": []
        }
    ]
}