{
    "version": 1.3,
    "people": [
        {
            "person_id": [
                -1
            ],
            "pose_keypoints_2d": [
                333.048,
                188.306,
                0.459926,
                333.079,
                184.363,
                0.940291,
                323.316,
                184.391,
                0.893447,
                317.448,
                197.095,
                0.808724,
                317.435,
                207.882,
                0.640743,
                341.923,
                183.438,
                0.863633,
                354.61,
                191.221,
                0.775146,
                356.592,
                198.082,
                0.538579,
                332.144,
                202.008,
                0.868659,
                326.245,
                202,
                0.807251,
                330.125,
                220.611,
                0.818853,
                326.237,
                240.182,
                0.80607,
                338.937,
                202.014,
                0.811969,
                339.891,
                222.519,
                0.884141,
                333.133,
                240.182,
                0.808089,
                332.065,
                185.363,
                0.364314,
                333.124,
                184.446,
                0.413512,
                326.249,
                183.411,
                0.307465,
                337.959,
                183.392,
                0.361617,
                336.999,
                246.008,
                0.548664,
                338.964,
                245.054,
                0.587691,
                332.142,
                243.088,
                0.530187,
                331.102,
                246.031,
                0.688281,
                325.295,
                246.004,
                0.683664,
                326.23,
                244.05,
                0.660009
            ],
            "face_keypoints_2d": [
                0,
                0,
                0,
                0,
                0,
                0,
                0,
                0,
                0,
                0,
                0,
                0,
                0,
                0,
                0,
                0,
                0,
                0,
                0,
                0,
                0,
                0,
                0,
                0,
                0,
                0,
                0,
                0,
                0,
                0,
                0,
                0,
                0,
                0,
                0,
                0,
                0,
                0,
                0,
                0,
                0,
                0,
                0,
                0,
                0,
                0,
                0,
                0,
                0,
                0,
                0,
                0,
                0,
                0,
                0,
                0,
                0,
                0,
                0,
                0,
                0,
                0,
                0,
                0,
                0,
                0,
                0,
                0,
                0,
                0,
                0,
                0,
                0,
                0,
                0,
                0,
                0,
                0,
                0,
                0,
                0,
                0,
                0,
                0,
                0,
                0,
                0,
                0,
                0,
                0,
                0,
                0,
                0,
                0,
                0,
                0,
                0,
                0,
                0,
                0,
                0,
                0,
                0,
                0,
                0,
                0,
                0,
                0,
                0,
                0,
                0,
                0,
                0,
                0,
                0,
                0,
                0,
                0,
                0,
                0,
                0,
                0,
                0,
                0,
                0,
                0,
                0,
                0,
                0,
                0,
                0,
                0,
                0,
                0,
                0,
                0,
                0,
                0,
                0,
                0,
                0,
                0,
                0,
                0,
                0,
                0,
                0,
                0,
                0,
                0,
                0,
                0,
                0,
                0,
                0,
                0,
                0,
                0,
                0,
                0,
                0,
                0,
                0,
                0,
                0,
                0,
                0,
                0,
                0,
                0,
                0,
                0,
                0,
                0,
                0,
                0,
                0,
                0,
                0,
                0,
                0,
                0,
                0,
                0,
                0,
                0,
                0,
                0,
                0,
                0,
                0,
                0,
                0,
                0,
                0,
                0,
                0,
                0,
                0,
                0,
                0,
                0,
                0,
                0,
                0,
                0,
                0,
                0,
                0,
                0
            ],
            "hand_left_keypoints_2d": [
                352.987,
                201.71,
                0.028701,
                352.714,
                202.693,
                0.025664,
                352.168,
                203.294,
                0.0634501,
                351.785,
                203.567,
                0.0181752,
                350.966,
                204.277,
                0.00653502,
                352.714,
                203.349,
                0.016597,
                352.168,
                203.512,
                0.0101242,
                352.004,
                203.512,
                0.00748335,
                356.044,
                203.676,
                0.00339467,
                352.714,
                203.294,
                0.00604675,
                354.898,
                204.222,
                0.00313262,
                354.898,
                204.222,
                0.00468205,
                357.136,
                203.458,
                0.00154903,
                352.168,
                202.857,
                0.00543543,
                354.898,
                204.331,
                0.00385693,
                356.099,
                203.785,
                0.00601841,
                356.154,
                203.622,
                0.00376933,
                351.676,
                203.239,
                0.00746462,
                351.567,
                203.403,
                0.00880144,
                356.208,
                203.785,
                0.005421,
                356.154,
                203.731,
                0.00352944
            ],
            "hand_right_keypoints_2d": [
                324.206,
                205.949,
                0.0206333,
                323.693,
                207.078,
                0.00396161,
                319.586,
                210.312,
                0.00497806,
                319.946,
                210.723,
                0.00353437,
                317.944,
                211.75,
                0.00123071,
                318.098,
                211.647,
                0.00426878,
                317.944,
                211.801,
                0.00451659,
                317.892,
                211.801,
                0.00418345,
                317.944,
                211.75,
                0.00278427,
                318.149,
                211.647,
                0.00325571,
                318.046,
                211.801,
                0.00186191,
                318.098,
                211.801,
                0.00313991,
                318.098,
                211.75,
                0.00107215,
                318.149,
                211.647,
                0.00354568,
                318.098,
                211.852,
                0.0027106,
                319.022,
                211.647,
                0.00417707,
                319.124,
                211.647,
                0.00236768,
                318.046,
                211.596,
                0.00506512,
                317.79,
                211.955,
                0.00481515,
                317.892,
                211.904,
                0.00464451,
                318.046,
                211.801,
                0.0030806
            ],
            "pose_keypoints_3d": [],
            "face_keypoints_3d": [],
            "hand_left_keypoints_3d": [],
            "hand_right_keypoints_3d": []
        }
    ]
}