{
    "version": 1.3,
    "people": [
        {
            "person_id": [
                -1
            ],
            "pose_keypoints_2d": [
                348.771,
                202.032,
                0.109783,
                346.764,
                193.193,
                0.878965,
                336.993,
                193.247,
                0.784736,
                326.252,
                207.9,
                0.812587,
                324.238,
                223.548,
                0.802542,
                355.596,
                192.219,
                0.857934,
                370.256,
                195.17,
                0.72223,
                380.024,
                200.021,
                0.625704,
                347.702,
                208.868,
                0.856439,
                340.888,
                209.819,
                0.841702,
                344.837,
                225.479,
                0.840022,
                347.72,
                246.968,
                0.921952,
                351.664,
                207.93,
                0.823107,
                355.598,
                225.493,
                0.84291,
                356.519,
                246.051,
                0.886196,
                348.713,
                200.082,
                0.07391,
                349.743,
                202.019,
                0.0937554,
                340.926,
                198.096,
                0.10256,
                349.709,
                199.114,
                0.131187,
                356.539,
                251.886,
                0.680477,
                358.518,
                248.971,
                0.656408,
                355.584,
                247.028,
                0.679683,
                347.783,
                251.878,
                0.789341,
                344.822,
                249.935,
                0.722266,
                347.783,
                247.968,
                0.750857
            ],
            "face_keypoints_2d": [
                0,
                0,
                0,
                0,
                0,
                0,
                0,
                0,
                0,
                0,
                0,
                0,
                0,
                0,
                0,
                0,
                0,
                0,
                0,
                0,
                0,
                0,
                0,
                0,
                0,
                0,
                0,
                0,
                0,
                0,
                0,
                0,
                0,
                0,
                0,
                0,
                0,
                0,
                0,
                0,
                0,
                0,
                0,
                0,
                0,
                0,
                0,
                0,
                0,
                0,
                0,
                0,
                0,
                0,
                0,
                0,
                0,
                0,
                0,
                0,
                0,
                0,
                0,
                0,
                0,
                0,
                0,
                0,
                0,
                0,
                0,
                0,
                0,
                0,
                0,
                0,
                0,
                0,
                0,
                0,
                0,
                0,
                0,
                0,
                0,
                0,
                0,
                0,
                0,
                0,
                0,
                0,
                0,
                0,
                0,
                0,
                0,
                0,
                0,
                0,
                0,
                0,
                0,
                0,
                0,
                0,
                0,
                0,
                0,
                0,
                0,
                0,
                0,
                0,
                0,
                0,
                0,
                0,
                0,
                0,
                0,
                0,
                0,
                0,
                0,
                0,
                0,
                0,
                0,
                0,
                0,
                0,
                0,
                0,
                0,
                0,
                0,
                0,
                0,
                0,
                0,
                0,
                0,
                0,
                0,
                0,
                0,
                0,
                0,
                0,
                0,
                0,
                0,
                0,
                0,
                0,
                0,
                0,
                0,
                0,
                0,
                0,
                0,
                0,
                0,
                0,
                0,
                0,
                0,
                0,
                0,
                0,
                0,
                0,
                0,
                0,
                0,
                0,
                0,
                0,
                0,
                0,
                0,
                0,
                0,
                0,
                0,
                0,
                0,
                0,
                0,
                0,
                0,
                0,
                0,
                0,
                0,
                0,
                0,
                0,
                0,
                0,
                0,
                0,
                0,
                0,
                0,
                0,
                0,
                0
            ],
            "hand_left_keypoints_2d": [
                377.761,
                199.977,
                0.0189147,
                383.521,
                200.8,
                0.016403,
                381.327,
                201.622,
                0.0115906,
                381.217,
                202.171,
                0.0112491,
                380.833,
                199.867,
                0.00602246,
                381.108,
                202.39,
                0.0110184,
                383.851,
                201.403,
                0.00874417,
                383.851,
                202.226,
                0.00687029,
                384.619,
                203.268,
                0.0038046,
                383.631,
                201.458,
                0.00786669,
                383.905,
                201.403,
                0.00493818,
                381.546,
                202.884,
                0.00522849,
                384.619,
                203.104,
                0.00200581,
                383.741,
                201.403,
                0.0075197,
                383.412,
                202.555,
                0.00591857,
                383.905,
                203.213,
                0.00679526,
                384.344,
                203.433,
                0.00452526,
                383.905,
                201.238,
                0.00871728,
                383.851,
                201.458,
                0.00675291,
                384.289,
                203.542,
                0.00675176,
                384.454,
                203.652,
                0.00530177
            ],
            "hand_right_keypoints_2d": [
                328.84,
                231.644,
                0.0236408,
                327.44,
                230.644,
                0.0179748,
                326.173,
                233.244,
                0.0277005,
                322.641,
                234.177,
                0.0134155,
                321.908,
                234.177,
                0.00733494,
                322.908,
                233.71,
                0.0136672,
                322.041,
                233.71,
                0.0163559,
                321.841,
                233.844,
                0.0234236,
                320.775,
                233.71,
                0.00982846,
                324.174,
                232.044,
                0.0132039,
                321.375,
                233.31,
                0.0166263,
                320.775,
                233.444,
                0.0141499,
                320.708,
                233.177,
                0.0068574,
                322.241,
                230.978,
                0.0154412,
                321.108,
                231.044,
                0.0147158,
                321.041,
                233.31,
                0.0123397,
                321.441,
                230.911,
                0.00930908,
                320.041,
                230.978,
                0.0138223,
                320.775,
                230.978,
                0.00916838,
                321.508,
                234.31,
                0.012237,
                320.841,
                233.577,
                0.00979259
            ],
            "pose_keypoints_3d": [],
            "face_keypoints_3d": [],
            "hand_left_keypoints_3d": [],
            "hand_right_keypoints_3d": []
        }
    ]
}