{
    "version": 1.3,
    "people": [
        {
            "person_id": [
                -1
            ],
            "pose_keypoints_2d": [
                394.746,
                88.4955,
                0.0669525,
                419.13,
                113.002,
                0.900447,
                441.674,
                113.977,
                0.845247,
                453.394,
                160.958,
                0.802524,
                448.507,
                192.271,
                0.593756,
                395.669,
                112.02,
                0.818866,
                390.79,
                153.112,
                0.842608,
                386.93,
                193.201,
                0.869276,
                426.027,
                185.397,
                0.631715,
                441.616,
                184.41,
                0.603656,
                450.478,
                259.727,
                0.811754,
                462.224,
                329.176,
                0.703583,
                411.316,
                187.343,
                0.621991,
                391.773,
                249.935,
                0.786674,
                386.89,
                309.6,
                0.893369,
                0,
                0,
                0,
                394.754,
                82.7024,
                0.226563,
                420.155,
                87.5668,
                0.380897,
                401.546,
                83.6323,
                0.892287,
                370.238,
                311.586,
                0.682842,
                372.21,
                315.457,
                0.790976,
                388.837,
                316.471,
                0.850566,
                438.731,
                333.099,
                0.617679,
                441.667,
                332.134,
                0.564785,
                466.144,
                337.015,
                0.679041
            ],
            "face_keypoints_2d": [
                0,
                0,
                0,
                0,
                0,
                0,
                0,
                0,
                0,
                0,
                0,
                0,
                0,
                0,
                0,
                0,
                0,
                0,
                0,
                0,
                0,
                0,
                0,
                0,
                0,
                0,
                0,
                0,
                0,
                0,
                0,
                0,
                0,
                0,
                0,
                0,
                0,
                0,
                0,
                0,
                0,
                0,
                0,
                0,
                0,
                0,
                0,
                0,
                0,
                0,
                0,
                0,
                0,
                0,
                0,
                0,
                0,
                0,
                0,
                0,
                0,
                0,
                0,
                0,
                0,
                0,
                0,
                0,
                0,
                0,
                0,
                0,
                0,
                0,
                0,
                0,
                0,
                0,
                0,
                0,
                0,
                0,
                0,
                0,
                0,
                0,
                0,
                0,
                0,
                0,
                0,
                0,
                0,
                0,
                0,
                0,
                0,
                0,
                0,
                0,
                0,
                0,
                0,
                0,
                0,
                0,
                0,
                0,
                0,
                0,
                0,
                0,
                0,
                0,
                0,
                0,
                0,
                0,
                0,
                0,
                0,
                0,
                0,
                0,
                0,
                0,
                0,
                0,
                0,
                0,
                0,
                0,
                0,
                0,
                0,
                0,
                0,
                0,
                0,
                0,
                0,
                0,
                0,
                0,
                0,
                0,
                0,
                0,
                0,
                0,
                0,
                0,
                0,
                0,
                0,
                0,
                0,
                0,
                0,
                0,
                0,
                0,
                0,
                0,
                0,
                0,
                0,
                0,
                0,
                0,
                0,
                0,
                0,
                0,
                0,
                0,
                0,
                0,
                0,
                0,
                0,
                0,
                0,
                0,
                0,
                0,
                0,
                0,
                0,
                0,
                0,
                0,
                0,
                0,
                0,
                0,
                0,
                0,
                0,
                0,
                0,
                0,
                0,
                0,
                0,
                0,
                0,
                0,
                0,
                0
            ],
            "hand_left_keypoints_2d": [
                387.626,
                194.282,
                0.0384703,
                388.282,
                204.296,
                0.0252528,
                380.895,
                221.533,
                0.0238594,
                391.894,
                222.682,
                0.0202107,
                394.192,
                223.831,
                0.0299915,
                389.596,
                205.281,
                0.0211638,
                380.074,
                218.578,
                0.0275224,
                364.15,
                217.921,
                0.0337528,
                364.479,
                222.682,
                0.0228112,
                387.461,
                213.489,
                0.0120197,
                386.969,
                213.161,
                0.0196643,
                364.15,
                217.757,
                0.0112745,
                364.479,
                222.518,
                0.0131473,
                387.626,
                213.653,
                0.012037,
                386.805,
                213.325,
                0.0149925,
                389.924,
                220.876,
                0.0104075,
                364.315,
                222.682,
                0.00907568,
                387.461,
                213.817,
                0.0114783,
                379.417,
                216.608,
                0.0104529,
                373.836,
                215.295,
                0.0338894,
                364.479,
                222.682,
                0.00962204
            ],
            "hand_right_keypoints_2d": [
                441.921,
                197.453,
                0.0623996,
                448.493,
                198.696,
                0.0966642,
                451.335,
                202.249,
                0.0652916,
                454.533,
                211.486,
                0.100453,
                454.355,
                216.282,
                0.119532,
                452.579,
                203.67,
                0.0443188,
                454.71,
                214.506,
                0.0451517,
                454.178,
                215.927,
                0.0766038,
                454.71,
                217.881,
                0.0996925,
                437.303,
                213.085,
                0.024092,
                455.954,
                213.262,
                0.0388342,
                456.309,
                216.282,
                0.0612746,
                454.888,
                217.703,
                0.0422426,
                437.48,
                213.085,
                0.0192171,
                455.599,
                213.085,
                0.0235242,
                456.309,
                216.104,
                0.0627146,
                462.526,
                216.992,
                0.0388045,
                461.46,
                208.288,
                0.027859,
                461.46,
                211.308,
                0.015256,
                460.572,
                215.216,
                0.0311798,
                461.816,
                216.104,
                0.0272911
            ],
            "pose_keypoints_3d": [],
            "face_keypoints_3d": [],
            "hand_left_keypoints_3d": [],
            "hand_right_keypoints_3d": []
        }
    ]
}