{
    "version": 1.3,
    "people": [
        {
            "person_id": [
                -1
            ],
            "pose_keypoints_2d": [
                341.883,
                191.295,
                0.505997,
                340.888,
                186.358,
                0.876137,
                331.143,
                190.257,
                0.829082,
                325.273,
                206.901,
                0.946111,
                324.273,
                222.512,
                0.798968,
                349.762,
                183.445,
                0.880042,
                363.447,
                183.37,
                0.865077,
                373.198,
                182.408,
                0.72329,
                340.943,
                203.973,
                0.831546,
                335.039,
                204.956,
                0.774636,
                336.985,
                214.752,
                0.77391,
                338.945,
                238.165,
                0.839094,
                347.799,
                202.033,
                0.849367,
                355.534,
                215.696,
                0.873471,
                350.717,
                237.242,
                0.814593,
                340.884,
                190.276,
                0.37565,
                343.856,
                190.286,
                0.373254,
                335.048,
                186.372,
                0.318499,
                347.731,
                185.376,
                0.264915,
                353.637,
                242.124,
                0.734666,
                356.534,
                240.155,
                0.782302,
                349.704,
                238.218,
                0.676786,
                339.942,
                242.111,
                0.611197,
                336.981,
                240.187,
                0.591231,
                339.911,
                239.154,
                0.751557
            ],
            "face_keypoints_2d": [
                0,
                0,
                0,
                0,
                0,
                0,
                0,
                0,
                0,
                0,
                0,
                0,
                0,
                0,
                0,
                0,
                0,
                0,
                0,
                0,
                0,
                0,
                0,
                0,
                0,
                0,
                0,
                0,
                0,
                0,
                0,
                0,
                0,
                0,
                0,
                0,
                0,
                0,
                0,
                0,
                0,
                0,
                0,
                0,
                0,
                0,
                0,
                0,
                0,
                0,
                0,
                0,
                0,
                0,
                0,
                0,
                0,
                0,
                0,
                0,
                0,
                0,
                0,
                0,
                0,
                0,
                0,
                0,
                0,
                0,
                0,
                0,
                0,
                0,
                0,
                0,
                0,
                0,
                0,
                0,
                0,
                0,
                0,
                0,
                0,
                0,
                0,
                0,
                0,
                0,
                0,
                0,
                0,
                0,
                0,
                0,
                0,
                0,
                0,
                0,
                0,
                0,
                0,
                0,
                0,
                0,
                0,
                0,
                0,
                0,
                0,
                0,
                0,
                0,
                0,
                0,
                0,
                0,
                0,
                0,
                0,
                0,
                0,
                0,
                0,
                0,
                0,
                0,
                0,
                0,
                0,
                0,
                0,
                0,
                0,
                0,
                0,
                0,
                0,
                0,
                0,
                0,
                0,
                0,
                0,
                0,
                0,
                0,
                0,
                0,
                0,
                0,
                0,
                0,
                0,
                0,
                0,
                0,
                0,
                0,
                0,
                0,
                0,
                0,
                0,
                0,
                0,
                0,
                0,
                0,
                0,
                0,
                0,
                0,
                0,
                0,
                0,
                0,
                0,
                0,
                0,
                0,
                0,
                0,
                0,
                0,
                0,
                0,
                0,
                0,
                0,
                0,
                0,
                0,
                0,
                0,
                0,
                0,
                0,
                0,
                0,
                0,
                0,
                0,
                0,
                0,
                0,
                0,
                0,
                0
            ],
            "hand_left_keypoints_2d": [
                374.308,
                178.326,
                0.0126976,
                374.508,
                179.782,
                0.0046167,
                373.404,
                180.284,
                0.00464473,
                373.253,
                180.334,
                0.00350105,
                373.053,
                178.778,
                0.00126829,
                375.362,
                180.133,
                0.00473153,
                375.211,
                179.129,
                0.00492545,
                374.86,
                179.079,
                0.00425454,
                372.902,
                178.577,
                0.00194267,
                375.111,
                180.033,
                0.00446627,
                373.454,
                180.183,
                0.00211107,
                373.404,
                180.183,
                0.00338857,
                374.107,
                183.848,
                0.000699505,
                374.86,
                179.982,
                0.00435555,
                373.404,
                180.183,
                0.00311769,
                373.404,
                180.233,
                0.00442307,
                373.454,
                180.284,
                0.00168874,
                374.057,
                183.748,
                0.00535523,
                373.304,
                180.033,
                0.00483884,
                373.203,
                180.033,
                0.00434483,
                370.894,
                180.334,
                0.00283641
            ],
            "hand_right_keypoints_2d": [
                316.498,
                228.441,
                0.00772105,
                320.512,
                226.434,
                0.00919951,
                320.059,
                232.779,
                0.0155338,
                320.576,
                232.843,
                0.0135196,
                320.9,
                233.038,
                0.00912345,
                320.9,
                232.196,
                0.0099079,
                320.512,
                232.714,
                0.00871195,
                317.469,
                230.254,
                0.00826711,
                320.059,
                233.556,
                0.00737932,
                320.317,
                231.419,
                0.00635868,
                319.605,
                230.772,
                0.00836836,
                320.576,
                231.872,
                0.00564797,
                319.994,
                233.556,
                0.00484242,
                320.382,
                231.678,
                0.00543214,
                320.447,
                231.419,
                0.00754617,
                320.253,
                233.038,
                0.00653182,
                319.994,
                233.685,
                0.00543968,
                320.382,
                232.261,
                0.00538826,
                320.512,
                232.779,
                0.00721403,
                320.512,
                233.038,
                0.00752734,
                320.188,
                233.556,
                0.00528616
            ],
            "pose_keypoints_3d": [],
            "face_keypoints_3d": [],
            "hand_left_keypoints_3d": [],
            "hand_right_keypoints_3d": []
        }
    ]
}