{
    "version": 1.3,
    "people": [
        {
            "person_id": [
                -1
            ],
            "pose_keypoints_2d": [
                0,
                0,
                0,
                348.793,
                191.224,
                0.871799,
                356.563,
                190.282,
                0.795359,
                362.422,
                199.053,
                0.472024,
                363.412,
                199.097,
                0.10311,
                341.933,
                191.265,
                0.812375,
                339.979,
                201.018,
                0.355338,
                338.965,
                211.783,
                0.110256,
                348.792,
                213.754,
                0.841618,
                355.605,
                213.749,
                0.849881,
                356.546,
                231.34,
                0.893246,
                356.561,
                248.004,
                0.847537,
                344.819,
                213.758,
                0.798671,
                346.783,
                231.368,
                0.878587,
                347.727,
                248.01,
                0.830547,
                0,
                0,
                0,
                0,
                0,
                0,
                354.621,
                183.465,
                0.144037,
                346.769,
                183.436,
                0.101771,
                348.709,
                252.857,
                0.507763,
                346.791,
                251.905,
                0.510506,
                347.732,
                251.914,
                0.743132,
                356.6,
                252.849,
                0.49836,
                359.51,
                251.91,
                0.518927,
                356.531,
                251.879,
                0.795771
            ],
            "face_keypoints_2d": [
                0,
                0,
                0,
                0,
                0,
                0,
                0,
                0,
                0,
                0,
                0,
                0,
                0,
                0,
                0,
                0,
                0,
                0,
                0,
                0,
                0,
                0,
                0,
                0,
                0,
                0,
                0,
                0,
                0,
                0,
                0,
                0,
                0,
                0,
                0,
                0,
                0,
                0,
                0,
                0,
                0,
                0,
                0,
                0,
                0,
                0,
                0,
                0,
                0,
                0,
                0,
                0,
                0,
                0,
                0,
                0,
                0,
                0,
                0,
                0,
                0,
                0,
                0,
                0,
                0,
                0,
                0,
                0,
                0,
                0,
                0,
                0,
                0,
                0,
                0,
                0,
                0,
                0,
                0,
                0,
                0,
                0,
                0,
                0,
                0,
                0,
                0,
                0,
                0,
                0,
                0,
                0,
                0,
                0,
                0,
                0,
                0,
                0,
                0,
                0,
                0,
                0,
                0,
                0,
                0,
                0,
                0,
                0,
                0,
                0,
                0,
                0,
                0,
                0,
                0,
                0,
                0,
                0,
                0,
                0,
                0,
                0,
                0,
                0,
                0,
                0,
                0,
                0,
                0,
                0,
                0,
                0,
                0,
                0,
                0,
                0,
                0,
                0,
                0,
                0,
                0,
                0,
                0,
                0,
                0,
                0,
                0,
                0,
                0,
                0,
                0,
                0,
                0,
                0,
                0,
                0,
                0,
                0,
                0,
                0,
                0,
                0,
                0,
                0,
                0,
                0,
                0,
                0,
                0,
                0,
                0,
                0,
                0,
                0,
                0,
                0,
                0,
                0,
                0,
                0,
                0,
                0,
                0,
                0,
                0,
                0,
                0,
                0,
                0,
                0,
                0,
                0,
                0,
                0,
                0,
                0,
                0,
                0,
                0,
                0,
                0,
                0,
                0,
                0,
                0,
                0,
                0,
                0,
                0,
                0
            ],
            "hand_left_keypoints_2d": [
                338.013,
                216.041,
                0.0170649,
                338.895,
                214.763,
                0.0181342,
                336.559,
                212.339,
                0.0146214,
                338.057,
                213.97,
                0.0140465,
                336.338,
                214.499,
                0.0108523,
                338.101,
                214.102,
                0.0132681,
                338.322,
                214.014,
                0.0173406,
                337.749,
                214.058,
                0.021376,
                338.366,
                214.499,
                0.00806941,
                338.101,
                214.058,
                0.0111767,
                338.145,
                214.014,
                0.0155662,
                337.837,
                214.675,
                0.0156141,
                338.498,
                214.719,
                0.007325,
                338.145,
                214.19,
                0.0109243,
                336.074,
                213.837,
                0.0140799,
                336.074,
                214.278,
                0.0116596,
                336.294,
                214.499,
                0.00690083,
                339.115,
                214.058,
                0.0102046,
                335.942,
                214.278,
                0.0157098,
                336.074,
                214.631,
                0.0182034,
                336.074,
                214.543,
                0.00998391
            ],
            "hand_right_keypoints_2d": [
                364.822,
                197.641,
                0.0103912,
                363.777,
                198.261,
                0.00480738,
                362.926,
                202.169,
                0.00759587,
                362.887,
                202.207,
                0.00676829,
                362.462,
                200.157,
                0.00428143,
                363.003,
                202.169,
                0.00630792,
                363.003,
                202.285,
                0.00738481,
                363.003,
                202.285,
                0.00506756,
                363.119,
                202.246,
                0.00314203,
                362.965,
                202.207,
                0.00370144,
                362.926,
                202.246,
                0.00170994,
                362.462,
                200.389,
                0.00284099,
                362.771,
                200.273,
                0.00154052,
                362.887,
                202.169,
                0.00374773,
                362.346,
                200.466,
                0.00283315,
                362.539,
                200.466,
                0.00556816,
                362.694,
                200.466,
                0.00537263,
                362.965,
                202.091,
                0.0094195,
                362.81,
                202.246,
                0.0103602,
                362.036,
                202.014,
                0.0067858,
                362.423,
                200.505,
                0.00529546
            ],
            "pose_keypoints_3d": [],
            "face_keypoints_3d": [],
            "hand_left_keypoints_3d": [],
            "hand_right_keypoints_3d": []
        }
    ]
}