{
    "version": 1.3,
    "people": [
        {
            "person_id": [
                -1
            ],
            "pose_keypoints_2d": [
                0,
                0,
                0,
                334.075,
                160.915,
                0.917616,
                354.581,
                160.937,
                0.871635,
                364.417,
                190.274,
                0.886997,
                362.402,
                213.762,
                0.791571,
                316.437,
                160.885,
                0.891983,
                308.582,
                185.409,
                0.851545,
                306.655,
                213.759,
                0.786088,
                337.991,
                206.874,
                0.74891,
                347.792,
                206.876,
                0.787227,
                340.967,
                247.975,
                0.82261,
                339.935,
                292.939,
                0.899791,
                326.223,
                206.868,
                0.757844,
                324.295,
                252.858,
                0.837669,
                340.911,
                245.068,
                0.787865,
                0,
                0,
                0,
                0,
                0,
                0,
                340.916,
                143.294,
                0.719952,
                325.303,
                142.321,
                0.871139,
                347.75,
                258.735,
                0.436956,
                0,
                0,
                0,
                343.845,
                240.174,
                0.563186,
                338.954,
                293.023,
                0.546231,
                341.89,
                293.983,
                0.568062,
                339.888,
                295.907,
                0.808153
            ],
            "face_keypoints_2d": [
                0,
                0,
                0,
                0,
                0,
                0,
                0,
                0,
                0,
                0,
                0,
                0,
                0,
                0,
                0,
                0,
                0,
                0,
                0,
                0,
                0,
                0,
                0,
                0,
                0,
                0,
                0,
                0,
                0,
                0,
                0,
                0,
                0,
                0,
                0,
                0,
                0,
                0,
                0,
                0,
                0,
                0,
                0,
                0,
                0,
                0,
                0,
                0,
                0,
                0,
                0,
                0,
                0,
                0,
                0,
                0,
                0,
                0,
                0,
                0,
                0,
                0,
                0,
                0,
                0,
                0,
                0,
                0,
                0,
                0,
                0,
                0,
                0,
                0,
                0,
                0,
                0,
                0,
                0,
                0,
                0,
                0,
                0,
                0,
                0,
                0,
                0,
                0,
                0,
                0,
                0,
                0,
                0,
                0,
                0,
                0,
                0,
                0,
                0,
                0,
                0,
                0,
                0,
                0,
                0,
                0,
                0,
                0,
                0,
                0,
                0,
                0,
                0,
                0,
                0,
                0,
                0,
                0,
                0,
                0,
                0,
                0,
                0,
                0,
                0,
                0,
                0,
                0,
                0,
                0,
                0,
                0,
                0,
                0,
                0,
                0,
                0,
                0,
                0,
                0,
                0,
                0,
                0,
                0,
                0,
                0,
                0,
                0,
                0,
                0,
                0,
                0,
                0,
                0,
                0,
                0,
                0,
                0,
                0,
                0,
                0,
                0,
                0,
                0,
                0,
                0,
                0,
                0,
                0,
                0,
                0,
                0,
                0,
                0,
                0,
                0,
                0,
                0,
                0,
                0,
                0,
                0,
                0,
                0,
                0,
                0,
                0,
                0,
                0,
                0,
                0,
                0,
                0,
                0,
                0,
                0,
                0,
                0,
                0,
                0,
                0,
                0,
                0,
                0,
                0,
                0,
                0,
                0,
                0,
                0
            ],
            "hand_left_keypoints_2d": [
                310.999,
                216.86,
                0.0434998,
                303.818,
                214.891,
                0.0355918,
                305.903,
                217.208,
                0.0261701,
                312.042,
                222.536,
                0.0170521,
                310.883,
                229.485,
                0.0125768,
                309.146,
                227.864,
                0.028029,
                308.335,
                228.211,
                0.0143998,
                306.714,
                231.686,
                0.0200049,
                307.525,
                230.18,
                0.0117889,
                308.22,
                229.485,
                0.0122238,
                307.409,
                228.674,
                0.0141383,
                308.451,
                231.454,
                0.0170103,
                308.683,
                230.875,
                0.0115021,
                306.482,
                225.316,
                0.0104063,
                306.83,
                229.022,
                0.0120077,
                306.251,
                229.022,
                0.00943377,
                308.683,
                233.771,
                0.00923461,
                304.861,
                225.547,
                0.0101401,
                304.629,
                225.431,
                0.0102334,
                308.451,
                234.234,
                0.00879573,
                308.567,
                234.582,
                0.00825127
            ],
            "hand_right_keypoints_2d": [
                363.553,
                216.746,
                0.0167202,
                357.083,
                225.146,
                0.0198216,
                355.04,
                224.805,
                0.0253282,
                353.451,
                224.805,
                0.0180144,
                351.521,
                224.692,
                0.0170303,
                354.813,
                225.259,
                0.0299098,
                355.607,
                230.821,
                0.0190296,
                353.905,
                232.07,
                0.0214032,
                352.429,
                234.226,
                0.0102535,
                355.721,
                225.6,
                0.0122085,
                355.721,
                230.594,
                0.0242334,
                355.494,
                233.205,
                0.0181082,
                352.656,
                234.453,
                0.00743339,
                355.607,
                225.6,
                0.0123461,
                355.721,
                230.367,
                0.0170261,
                354.132,
                230.14,
                0.0114037,
                354.018,
                233.659,
                0.00901156,
                353.905,
                224.692,
                0.0181309,
                353.564,
                224.692,
                0.0137543,
                353.224,
                233.545,
                0.0121408,
                353.451,
                233.545,
                0.0092376
            ],
            "pose_keypoints_3d": [],
            "face_keypoints_3d": [],
            "hand_left_keypoints_3d": [],
            "hand_right_keypoints_3d": []
        }
    ]
}