{
    "version": 1.3,
    "people": [
        {
            "person_id": [
                -1
            ],
            "pose_keypoints_2d": [
                271.526,
                200.005,
                0.10928,
                271.448,
                201.03,
                0.572024,
                270.546,
                200.114,
                0.745231,
                272.446,
                210.81,
                0.730435,
                283.184,
                216.684,
                0.643705,
                271.473,
                201.022,
                0.523914,
                275.373,
                210.804,
                0.109444,
                0,
                0,
                0,
                276.345,
                220.603,
                0.566072,
                276.302,
                220.599,
                0.664758,
                277.335,
                238.167,
                0.600562,
                273.428,
                251.889,
                0.371347,
                277.278,
                220.576,
                0.522491,
                278.296,
                238.171,
                0.502027,
                276.329,
                250.902,
                0.305541,
                271.525,
                199.098,
                0.104388,
                0,
                0,
                0,
                271.501,
                199.019,
                0.282709,
                0,
                0,
                0,
                277.313,
                252.89,
                0.175916,
                277.311,
                252.888,
                0.165425,
                275.35,
                252.872,
                0.278152,
                275.384,
                253.808,
                0.300484,
                273.429,
                253.83,
                0.285216,
                272.463,
                252.879,
                0.338791
            ],
            "face_keypoints_2d": [
                0,
                0,
                0,
                0,
                0,
                0,
                0,
                0,
                0,
                0,
                0,
                0,
                0,
                0,
                0,
                0,
                0,
                0,
                0,
                0,
                0,
                0,
                0,
                0,
                0,
                0,
                0,
                0,
                0,
                0,
                0,
                0,
                0,
                0,
                0,
                0,
                0,
                0,
                0,
                0,
                0,
                0,
                0,
                0,
                0,
                0,
                0,
                0,
                0,
                0,
                0,
                0,
                0,
                0,
                0,
                0,
                0,
                0,
                0,
                0,
                0,
                0,
                0,
                0,
                0,
                0,
                0,
                0,
                0,
                0,
                0,
                0,
                0,
                0,
                0,
                0,
                0,
                0,
                0,
                0,
                0,
                0,
                0,
                0,
                0,
                0,
                0,
                0,
                0,
                0,
                0,
                0,
                0,
                0,
                0,
                0,
                0,
                0,
                0,
                0,
                0,
                0,
                0,
                0,
                0,
                0,
                0,
                0,
                0,
                0,
                0,
                0,
                0,
                0,
                0,
                0,
                0,
                0,
                0,
                0,
                0,
                0,
                0,
                0,
                0,
                0,
                0,
                0,
                0,
                0,
                0,
                0,
                0,
                0,
                0,
                0,
                0,
                0,
                0,
                0,
                0,
                0,
                0,
                0,
                0,
                0,
                0,
                0,
                0,
                0,
                0,
                0,
                0,
                0,
                0,
                0,
                0,
                0,
                0,
                0,
                0,
                0,
                0,
                0,
                0,
                0,
                0,
                0,
                0,
                0,
                0,
                0,
                0,
                0,
                0,
                0,
                0,
                0,
                0,
                0,
                0,
                0,
                0,
                0,
                0,
                0,
                0,
                0,
                0,
                0,
                0,
                0,
                0,
                0,
                0,
                0,
                0,
                0,
                0,
                0,
                0,
                0,
                0,
                0,
                0,
                0,
                0,
                0,
                0,
                0
            ],
            "hand_left_keypoints_2d": [
                0,
                0,
                0,
                0,
                0,
                0,
                0,
                0,
                0,
                0,
                0,
                0,
                0,
                0,
                0,
                0,
                0,
                0,
                0,
                0,
                0,
                0,
                0,
                0,
                0,
                0,
                0,
                0,
                0,
                0,
                0,
                0,
                0,
                0,
                0,
                0,
                0,
                0,
                0,
                0,
                0,
                0,
                0,
                0,
                0,
                0,
                0,
                0,
                0,
                0,
                0,
                0,
                0,
                0,
                0,
                0,
                0,
                0,
                0,
                0,
                0,
                0,
                0
            ],
            "hand_right_keypoints_2d": [
                290.518,
                219.22,
                0.0523291,
                288.922,
                218.971,
                0.113479,
                286.527,
                219.47,
                0.107187,
                284.133,
                219.919,
                0.0684803,
                283.335,
                220.268,
                0.0256639,
                286.128,
                219.47,
                0.0300398,
                283.335,
                218.722,
                0.0164301,
                283.385,
                218.771,
                0.0131441,
                282.636,
                220.118,
                0.0122487,
                285.48,
                219.42,
                0.0106368,
                283.434,
                218.422,
                0.0119661,
                283.634,
                218.372,
                0.00885803,
                282.686,
                220.318,
                0.0112014,
                285.43,
                219.819,
                0.0114666,
                284.083,
                218.023,
                0.00897605,
                283.684,
                219.869,
                0.0103448,
                282.636,
                220.617,
                0.0112217,
                286.777,
                219.869,
                0.0240844,
                284.133,
                219.969,
                0.0091806,
                284.033,
                219.919,
                0.00996631,
                282.786,
                220.617,
                0.00910305
            ],
            "pose_keypoints_3d": [],
            "face_keypoints_3d": [],
            "hand_left_keypoints_3d": [],
            "hand_right_keypoints_3d": []
        }
    ]
}