{
    "version": 1.3,
    "people": [
        {
            "person_id": [
                -1
            ],
            "pose_keypoints_2d": [
                0,
                0,
                0,
                333.132,
                161.926,
                0.901877,
                347.774,
                162.895,
                0.851747,
                370.275,
                168.793,
                0.711669,
                389.816,
                175.577,
                0.637462,
                321.344,
                160.958,
                0.842034,
                293.996,
                161.892,
                0.843794,
                274.403,
                162.892,
                0.785298,
                332.133,
                204.949,
                0.802538,
                339.967,
                205.899,
                0.787427,
                338.978,
                239.233,
                0.873173,
                335.049,
                272.43,
                0.71865,
                324.284,
                204.931,
                0.791073,
                319.407,
                231.335,
                0.629096,
                323.32,
                255.803,
                0.531548,
                0,
                0,
                0,
                0,
                0,
                0,
                339.961,
                146.279,
                0.602175,
                327.223,
                147.251,
                0.749949,
                323.293,
                262.675,
                0.325797,
                322.324,
                261.681,
                0.37206,
                324.266,
                259.733,
                0.436807,
                333.093,
                283.208,
                0.530621,
                336.013,
                282.235,
                0.546696,
                333.126,
                276.367,
                0.672905
            ],
            "face_keypoints_2d": [
                0,
                0,
                0,
                0,
                0,
                0,
                0,
                0,
                0,
                0,
                0,
                0,
                0,
                0,
                0,
                0,
                0,
                0,
                0,
                0,
                0,
                0,
                0,
                0,
                0,
                0,
                0,
                0,
                0,
                0,
                0,
                0,
                0,
                0,
                0,
                0,
                0,
                0,
                0,
                0,
                0,
                0,
                0,
                0,
                0,
                0,
                0,
                0,
                0,
                0,
                0,
                0,
                0,
                0,
                0,
                0,
                0,
                0,
                0,
                0,
                0,
                0,
                0,
                0,
                0,
                0,
                0,
                0,
                0,
                0,
                0,
                0,
                0,
                0,
                0,
                0,
                0,
                0,
                0,
                0,
                0,
                0,
                0,
                0,
                0,
                0,
                0,
                0,
                0,
                0,
                0,
                0,
                0,
                0,
                0,
                0,
                0,
                0,
                0,
                0,
                0,
                0,
                0,
                0,
                0,
                0,
                0,
                0,
                0,
                0,
                0,
                0,
                0,
                0,
                0,
                0,
                0,
                0,
                0,
                0,
                0,
                0,
                0,
                0,
                0,
                0,
                0,
                0,
                0,
                0,
                0,
                0,
                0,
                0,
                0,
                0,
                0,
                0,
                0,
                0,
                0,
                0,
                0,
                0,
                0,
                0,
                0,
                0,
                0,
                0,
                0,
                0,
                0,
                0,
                0,
                0,
                0,
                0,
                0,
                0,
                0,
                0,
                0,
                0,
                0,
                0,
                0,
                0,
                0,
                0,
                0,
                0,
                0,
                0,
                0,
                0,
                0,
                0,
                0,
                0,
                0,
                0,
                0,
                0,
                0,
                0,
                0,
                0,
                0,
                0,
                0,
                0,
                0,
                0,
                0,
                0,
                0,
                0,
                0,
                0,
                0,
                0,
                0,
                0,
                0,
                0,
                0,
                0,
                0,
                0
            ],
            "hand_left_keypoints_2d": [
                267.536,
                163.825,
                0.054861,
                266.231,
                163.122,
                0.02008,
                266.934,
                174.766,
                0.0166034,
                265.227,
                174.566,
                0.0356293,
                266.733,
                174.766,
                0.016139,
                266.03,
                169.245,
                0.0115077,
                267.636,
                173.863,
                0.0152837,
                269.845,
                173.16,
                0.0157503,
                267.536,
                174.666,
                0.0124221,
                266.131,
                169.245,
                0.0118228,
                268.038,
                170.851,
                0.0189282,
                265.93,
                171.153,
                0.0205642,
                267.536,
                174.666,
                0.0143685,
                266.231,
                169.446,
                0.0104639,
                267.134,
                171.052,
                0.0191722,
                266.432,
                171.654,
                0.0233996,
                267.636,
                174.766,
                0.0171023,
                269.343,
                167.037,
                0.00885968,
                267.837,
                174.666,
                0.0100181,
                265.227,
                174.064,
                0.014011,
                265.328,
                171.353,
                0.0126507
            ],
            "hand_right_keypoints_2d": [
                392.596,
                170.391,
                0.0108381,
                403.262,
                176.621,
                0.00456746,
                396.094,
                175.682,
                0.0061106,
                396.265,
                175.767,
                0.00542029,
                397.118,
                175.682,
                0.00223923,
                403.348,
                178.925,
                0.00473376,
                392.852,
                178.327,
                0.00493151,
                393.022,
                178.669,
                0.00496319,
                402.238,
                178.669,
                0.00327254,
                403.86,
                178.839,
                0.0040238,
                395.241,
                177.389,
                0.00226718,
                392.937,
                178.754,
                0.00358708,
                392.937,
                179.01,
                0.00155416,
                395.326,
                176.962,
                0.00408807,
                394.388,
                181.314,
                0.00322005,
                393.961,
                181.485,
                0.0050921,
                402.836,
                178.839,
                0.00300921,
                403.006,
                179.095,
                0.00538034,
                403.348,
                179.01,
                0.00512699,
                403.348,
                178.839,
                0.00522111,
                403.262,
                178.669,
                0.00378113
            ],
            "pose_keypoints_3d": [],
            "face_keypoints_3d": [],
            "hand_left_keypoints_3d": [],
            "hand_right_keypoints_3d": []
        }
    ]
}