{
    "version": 1.3,
    "people": [
        {
            "person_id": [
                -1
            ],
            "pose_keypoints_2d": [
                333.096,
                152.123,
                0.0693797,
                333.072,
                161.905,
                0.86191,
                347.741,
                161.916,
                0.730309,
                369.285,
                168.74,
                0.532402,
                388.831,
                174.633,
                0.474507,
                319.378,
                160.915,
                0.752929,
                299.794,
                160.917,
                0.732537,
                275.39,
                166.771,
                0.651162,
                331.127,
                205.922,
                0.717008,
                338.962,
                205.922,
                0.626935,
                336.994,
                240.17,
                0.498547,
                333.075,
                267.545,
                0.296482,
                323.295,
                205.91,
                0.599123,
                321.355,
                233.316,
                0.300179,
                331.127,
                262.663,
                0.237596,
                332.113,
                149.18,
                0.0643684,
                333.123,
                149.168,
                0.065914,
                338.973,
                147.223,
                0.608513,
                325.28,
                147.217,
                0.645399,
                0,
                0,
                0,
                0,
                0,
                0,
                0,
                0,
                0,
                0,
                0,
                0,
                0,
                0,
                0,
                0,
                0,
                0
            ],
            "face_keypoints_2d": [
                0,
                0,
                0,
                0,
                0,
                0,
                0,
                0,
                0,
                0,
                0,
                0,
                0,
                0,
                0,
                0,
                0,
                0,
                0,
                0,
                0,
                0,
                0,
                0,
                0,
                0,
                0,
                0,
                0,
                0,
                0,
                0,
                0,
                0,
                0,
                0,
                0,
                0,
                0,
                0,
                0,
                0,
                0,
                0,
                0,
                0,
                0,
                0,
                0,
                0,
                0,
                0,
                0,
                0,
                0,
                0,
                0,
                0,
                0,
                0,
                0,
                0,
                0,
                0,
                0,
                0,
                0,
                0,
                0,
                0,
                0,
                0,
                0,
                0,
                0,
                0,
                0,
                0,
                0,
                0,
                0,
                0,
                0,
                0,
                0,
                0,
                0,
                0,
                0,
                0,
                0,
                0,
                0,
                0,
                0,
                0,
                0,
                0,
                0,
                0,
                0,
                0,
                0,
                0,
                0,
                0,
                0,
                0,
                0,
                0,
                0,
                0,
                0,
                0,
                0,
                0,
                0,
                0,
                0,
                0,
                0,
                0,
                0,
                0,
                0,
                0,
                0,
                0,
                0,
                0,
                0,
                0,
                0,
                0,
                0,
                0,
                0,
                0,
                0,
                0,
                0,
                0,
                0,
                0,
                0,
                0,
                0,
                0,
                0,
                0,
                0,
                0,
                0,
                0,
                0,
                0,
                0,
                0,
                0,
                0,
                0,
                0,
                0,
                0,
                0,
                0,
                0,
                0,
                0,
                0,
                0,
                0,
                0,
                0,
                0,
                0,
                0,
                0,
                0,
                0,
                0,
                0,
                0,
                0,
                0,
                0,
                0,
                0,
                0,
                0,
                0,
                0,
                0,
                0,
                0,
                0,
                0,
                0,
                0,
                0,
                0,
                0,
                0,
                0,
                0,
                0,
                0,
                0,
                0,
                0
            ],
            "hand_left_keypoints_2d": [
                273.27,
                166.146,
                0.0266965,
                274.395,
                169.419,
                0.0281586,
                273.168,
                172.079,
                0.0221519,
                266.007,
                173.818,
                0.0198422,
                267.03,
                173.204,
                0.0148162,
                268.053,
                169.828,
                0.0183788,
                266.416,
                173,
                0.0137662,
                267.03,
                173.92,
                0.0150252,
                268.053,
                173.716,
                0.0109102,
                268.257,
                169.522,
                0.00925031,
                266.416,
                173,
                0.0103738,
                266.314,
                175.455,
                0.0115259,
                267.95,
                173.92,
                0.00705309,
                268.053,
                169.522,
                0.00783817,
                264.779,
                172.181,
                0.00865644,
                266.416,
                173.716,
                0.00996743,
                267.03,
                173.818,
                0.00803126,
                270.815,
                167.476,
                0.00842992,
                267.95,
                174.125,
                0.00660527,
                267.541,
                174.023,
                0.00880814,
                267.132,
                173.92,
                0.00741695
            ],
            "hand_right_keypoints_2d": [
                389.29,
                170.086,
                0.0118843,
                393.451,
                174.414,
                0.0081799,
                397.445,
                178.574,
                0.00791529,
                398.777,
                178.741,
                0.00762799,
                398.86,
                178.491,
                0.00371936,
                397.029,
                178.907,
                0.00586471,
                397.362,
                178.574,
                0.00613606,
                397.528,
                178.408,
                0.00552285,
                388.208,
                174.081,
                0.0033765,
                400.191,
                176.91,
                0.00469372,
                394.533,
                176.078,
                0.00285048,
                397.944,
                178.657,
                0.00401156,
                388.292,
                174.746,
                0.00174584,
                389.706,
                174.33,
                0.00486163,
                394.533,
                176.078,
                0.0036891,
                389.623,
                174.164,
                0.00491425,
                389.789,
                173.082,
                0.00284075,
                400.274,
                176.744,
                0.00650217,
                400.191,
                176.91,
                0.00597984,
                400.191,
                176.993,
                0.00516336,
                389.54,
                173.165,
                0.00326917
            ],
            "pose_keypoints_3d": [],
            "face_keypoints_3d": [],
            "hand_left_keypoints_3d": [],
            "hand_right_keypoints_3d": []
        }
    ]
}