{
    "version": 1.3,
    "people": [
        {
            "person_id": [
                -1
            ],
            "pose_keypoints_2d": [
                0,
                0,
                0,
                341.884,
                164.828,
                0.855436,
                358.545,
                164.85,
                0.820834,
                367.333,
                190.265,
                0.799245,
                355.601,
                194.202,
                0.506565,
                324.313,
                162.869,
                0.844889,
                309.601,
                178.55,
                0.791924,
                302.762,
                198.063,
                0.709362,
                341.925,
                206.909,
                0.795863,
                353.628,
                206.919,
                0.76487,
                355.55,
                243.097,
                0.810868,
                360.496,
                277.329,
                0.808146,
                333.102,
                206.915,
                0.797622,
                332.078,
                240.166,
                0.857397,
                333.092,
                276.364,
                0.857436,
                0,
                0,
                0,
                0,
                0,
                0,
                348.742,
                145.272,
                0.802719,
                333.108,
                145.32,
                0.837445,
                331.108,
                278.337,
                0.532152,
                327.233,
                279.289,
                0.625595,
                334.093,
                278.359,
                0.775886,
                357.551,
                287.129,
                0.631923,
                362.436,
                286.147,
                0.669237,
                361.443,
                281.228,
                0.71437
            ],
            "face_keypoints_2d": [
                0,
                0,
                0,
                0,
                0,
                0,
                0,
                0,
                0,
                0,
                0,
                0,
                0,
                0,
                0,
                0,
                0,
                0,
                0,
                0,
                0,
                0,
                0,
                0,
                0,
                0,
                0,
                0,
                0,
                0,
                0,
                0,
                0,
                0,
                0,
                0,
                0,
                0,
                0,
                0,
                0,
                0,
                0,
                0,
                0,
                0,
                0,
                0,
                0,
                0,
                0,
                0,
                0,
                0,
                0,
                0,
                0,
                0,
                0,
                0,
                0,
                0,
                0,
                0,
                0,
                0,
                0,
                0,
                0,
                0,
                0,
                0,
                0,
                0,
                0,
                0,
                0,
                0,
                0,
                0,
                0,
                0,
                0,
                0,
                0,
                0,
                0,
                0,
                0,
                0,
                0,
                0,
                0,
                0,
                0,
                0,
                0,
                0,
                0,
                0,
                0,
                0,
                0,
                0,
                0,
                0,
                0,
                0,
                0,
                0,
                0,
                0,
                0,
                0,
                0,
                0,
                0,
                0,
                0,
                0,
                0,
                0,
                0,
                0,
                0,
                0,
                0,
                0,
                0,
                0,
                0,
                0,
                0,
                0,
                0,
                0,
                0,
                0,
                0,
                0,
                0,
                0,
                0,
                0,
                0,
                0,
                0,
                0,
                0,
                0,
                0,
                0,
                0,
                0,
                0,
                0,
                0,
                0,
                0,
                0,
                0,
                0,
                0,
                0,
                0,
                0,
                0,
                0,
                0,
                0,
                0,
                0,
                0,
                0,
                0,
                0,
                0,
                0,
                0,
                0,
                0,
                0,
                0,
                0,
                0,
                0,
                0,
                0,
                0,
                0,
                0,
                0,
                0,
                0,
                0,
                0,
                0,
                0,
                0,
                0,
                0,
                0,
                0,
                0,
                0,
                0,
                0,
                0,
                0,
                0
            ],
            "hand_left_keypoints_2d": [
                300.506,
                200.036,
                0.0345065,
                301.938,
                203.407,
                0.0211426,
                302.275,
                204.166,
                0.0218222,
                294.1,
                208.296,
                0.0163129,
                293.763,
                208.548,
                0.0149681,
                294.437,
                208.548,
                0.0310006,
                295.28,
                208.886,
                0.0168276,
                294.774,
                208.886,
                0.0273363,
                297.134,
                210.318,
                0.0110104,
                294.774,
                208.464,
                0.0116606,
                297.219,
                210.403,
                0.0189211,
                295.617,
                211.667,
                0.0170679,
                297.387,
                210.571,
                0.0094028,
                296.881,
                209.728,
                0.00948329,
                297.134,
                210.993,
                0.0145746,
                297.387,
                211.414,
                0.0103694,
                296.123,
                213.015,
                0.00821356,
                297.724,
                210.234,
                0.00854395,
                298.146,
                211.161,
                0.0088167,
                297.556,
                211.667,
                0.00922166,
                296.376,
                212.931,
                0.00749175
            ],
            "hand_right_keypoints_2d": [
                362.779,
                188.892,
                0.0136151,
                356.761,
                192.641,
                0.023399,
                355.182,
                199.152,
                0.0187547,
                348.967,
                200.434,
                0.0130738,
                348.77,
                200.336,
                0.013386,
                354.788,
                195.206,
                0.0212134,
                348.671,
                200.73,
                0.0119802,
                349.757,
                201.224,
                0.0118603,
                349.658,
                200.928,
                0.00960022,
                351.927,
                199.941,
                0.0122549,
                353.209,
                201.125,
                0.0146232,
                350.546,
                201.421,
                0.0202868,
                351.631,
                201.224,
                0.00904358,
                350.546,
                200.434,
                0.0162781,
                350.94,
                201.322,
                0.0151427,
                350.644,
                201.519,
                0.0173566,
                351.73,
                201.224,
                0.0126976,
                349.757,
                201.322,
                0.0147087,
                348.869,
                200.73,
                0.0118588,
                349.658,
                201.224,
                0.0160734,
                349.954,
                201.421,
                0.0119353
            ],
            "pose_keypoints_3d": [],
            "face_keypoints_3d": [],
            "hand_left_keypoints_3d": [],
            "hand_right_keypoints_3d": []
        }
    ]
}