{
    "version": 1.3,
    "people": [
        {
            "person_id": [
                -1
            ],
            "pose_keypoints_2d": [
                0,
                0,
                0,
                335.052,
                158.985,
                0.86632,
                353.636,
                159.922,
                0.886753,
                362.448,
                189.287,
                0.774933,
                348.781,
                191.26,
                0.159921,
                317.469,
                158.952,
                0.854201,
                306.658,
                184.412,
                0.728801,
                308.603,
                199.1,
                0.492924,
                337.005,
                203,
                0.708372,
                347.776,
                203.963,
                0.770964,
                349.714,
                246.042,
                0.862844,
                355.585,
                290.045,
                0.785416,
                325.289,
                203.98,
                0.735265,
                324.272,
                238.176,
                0.738022,
                332.074,
                255.839,
                0.777607,
                0,
                0,
                0,
                0,
                0,
                0,
                340.901,
                138.444,
                0.654386,
                326.247,
                138.455,
                0.832639,
                332.127,
                278.277,
                0.721738,
                329.163,
                276.355,
                0.619371,
                334.078,
                258.724,
                0.689558,
                350.714,
                293.993,
                0.539166,
                356.58,
                293.994,
                0.557878,
                355.598,
                294.008,
                0.81774
            ],
            "face_keypoints_2d": [
                0,
                0,
                0,
                0,
                0,
                0,
                0,
                0,
                0,
                0,
                0,
                0,
                0,
                0,
                0,
                0,
                0,
                0,
                0,
                0,
                0,
                0,
                0,
                0,
                0,
                0,
                0,
                0,
                0,
                0,
                0,
                0,
                0,
                0,
                0,
                0,
                0,
                0,
                0,
                0,
                0,
                0,
                0,
                0,
                0,
                0,
                0,
                0,
                0,
                0,
                0,
                0,
                0,
                0,
                0,
                0,
                0,
                0,
                0,
                0,
                0,
                0,
                0,
                0,
                0,
                0,
                0,
                0,
                0,
                0,
                0,
                0,
                0,
                0,
                0,
                0,
                0,
                0,
                0,
                0,
                0,
                0,
                0,
                0,
                0,
                0,
                0,
                0,
                0,
                0,
                0,
                0,
                0,
                0,
                0,
                0,
                0,
                0,
                0,
                0,
                0,
                0,
                0,
                0,
                0,
                0,
                0,
                0,
                0,
                0,
                0,
                0,
                0,
                0,
                0,
                0,
                0,
                0,
                0,
                0,
                0,
                0,
                0,
                0,
                0,
                0,
                0,
                0,
                0,
                0,
                0,
                0,
                0,
                0,
                0,
                0,
                0,
                0,
                0,
                0,
                0,
                0,
                0,
                0,
                0,
                0,
                0,
                0,
                0,
                0,
                0,
                0,
                0,
                0,
                0,
                0,
                0,
                0,
                0,
                0,
                0,
                0,
                0,
                0,
                0,
                0,
                0,
                0,
                0,
                0,
                0,
                0,
                0,
                0,
                0,
                0,
                0,
                0,
                0,
                0,
                0,
                0,
                0,
                0,
                0,
                0,
                0,
                0,
                0,
                0,
                0,
                0,
                0,
                0,
                0,
                0,
                0,
                0,
                0,
                0,
                0,
                0,
                0,
                0,
                0,
                0,
                0,
                0,
                0,
                0
            ],
            "hand_left_keypoints_2d": [
                303.157,
                204.86,
                0.0269876,
                312.594,
                200.294,
                0.0221567,
                308.332,
                205.165,
                0.0146617,
                311.274,
                205.977,
                0.0135105,
                317.16,
                204.454,
                0.0145077,
                314.725,
                203.947,
                0.0168225,
                315.536,
                204.454,
                0.0198166,
                317.058,
                206.687,
                0.0437041,
                317.87,
                209.122,
                0.0122222,
                312.999,
                205.469,
                0.0106477,
                315.435,
                207.499,
                0.0195731,
                317.363,
                208.412,
                0.0243546,
                317.769,
                209.325,
                0.0113451,
                313.101,
                205.774,
                0.0103938,
                315.232,
                208.31,
                0.0147565,
                316.247,
                209.934,
                0.014185,
                317.464,
                209.934,
                0.0117359,
                313.101,
                205.977,
                0.0109406,
                313.101,
                209.63,
                0.00874931,
                312.999,
                209.833,
                0.0136193,
                313.101,
                209.833,
                0.00984543
            ],
            "hand_right_keypoints_2d": [
                356.306,
                180.552,
                0.0210549,
                352.707,
                184.713,
                0.0218231,
                350.907,
                184.488,
                0.0217513,
                347.196,
                188.65,
                0.0240345,
                346.184,
                191.124,
                0.0154711,
                350.795,
                184.264,
                0.02366,
                347.308,
                187.975,
                0.0222268,
                346.296,
                189.887,
                0.0313179,
                346.408,
                192.136,
                0.0152949,
                348.77,
                191.911,
                0.0271343,
                349.783,
                190.899,
                0.0284042,
                347.083,
                192.474,
                0.0266237,
                346.746,
                192.249,
                0.0164288,
                349.783,
                191.799,
                0.0188442,
                350.795,
                191.574,
                0.0247072,
                350.008,
                193.711,
                0.0216807,
                348.208,
                190.449,
                0.0147493,
                349.445,
                195.735,
                0.0117565,
                350.008,
                196.073,
                0.0158248,
                351.02,
                195.96,
                0.018869,
                350.457,
                195.848,
                0.0148524
            ],
            "pose_keypoints_3d": [],
            "face_keypoints_3d": [],
            "hand_left_keypoints_3d": [],
            "hand_right_keypoints_3d": []
        }
    ]
}