{
    "version": 1.3,
    "people": [
        {
            "person_id": [
                -1
            ],
            "pose_keypoints_2d": [
                0,
                0,
                0,
                324.251,
                161.935,
                0.811183,
                333.085,
                161.896,
                0.799411,
                338.967,
                181.453,
                0.295108,
                339.905,
                193.21,
                0.109046,
                311.574,
                162.88,
                0.737651,
                302.766,
                175.639,
                0.684054,
                303.741,
                168.726,
                0.097184,
                326.255,
                199.108,
                0.779379,
                333.135,
                199.089,
                0.772419,
                332.124,
                236.234,
                0.789662,
                331.139,
                265.6,
                0.743625,
                319.398,
                200.041,
                0.757439,
                320.392,
                237.208,
                0.775564,
                323.267,
                266.565,
                0.777169,
                0,
                0,
                0,
                0,
                0,
                0,
                325.264,
                151.155,
                0.284567,
                316.467,
                152.13,
                0.329074,
                320.357,
                272.451,
                0.612184,
                317.472,
                271.481,
                0.680701,
                323.309,
                270.448,
                0.770106,
                328.196,
                271.467,
                0.349268,
                332.115,
                271.446,
                0.395087,
                331.113,
                269.522,
                0.702619
            ],
            "face_keypoints_2d": [
                0,
                0,
                0,
                0,
                0,
                0,
                0,
                0,
                0,
                0,
                0,
                0,
                0,
                0,
                0,
                0,
                0,
                0,
                0,
                0,
                0,
                0,
                0,
                0,
                0,
                0,
                0,
                0,
                0,
                0,
                0,
                0,
                0,
                0,
                0,
                0,
                0,
                0,
                0,
                0,
                0,
                0,
                0,
                0,
                0,
                0,
                0,
                0,
                0,
                0,
                0,
                0,
                0,
                0,
                0,
                0,
                0,
                0,
                0,
                0,
                0,
                0,
                0,
                0,
                0,
                0,
                0,
                0,
                0,
                0,
                0,
                0,
                0,
                0,
                0,
                0,
                0,
                0,
                0,
                0,
                0,
                0,
                0,
                0,
                0,
                0,
                0,
                0,
                0,
                0,
                0,
                0,
                0,
                0,
                0,
                0,
                0,
                0,
                0,
                0,
                0,
                0,
                0,
                0,
                0,
                0,
                0,
                0,
                0,
                0,
                0,
                0,
                0,
                0,
                0,
                0,
                0,
                0,
                0,
                0,
                0,
                0,
                0,
                0,
                0,
                0,
                0,
                0,
                0,
                0,
                0,
                0,
                0,
                0,
                0,
                0,
                0,
                0,
                0,
                0,
                0,
                0,
                0,
                0,
                0,
                0,
                0,
                0,
                0,
                0,
                0,
                0,
                0,
                0,
                0,
                0,
                0,
                0,
                0,
                0,
                0,
                0,
                0,
                0,
                0,
                0,
                0,
                0,
                0,
                0,
                0,
                0,
                0,
                0,
                0,
                0,
                0,
                0,
                0,
                0,
                0,
                0,
                0,
                0,
                0,
                0,
                0,
                0,
                0,
                0,
                0,
                0,
                0,
                0,
                0,
                0,
                0,
                0,
                0,
                0,
                0,
                0,
                0,
                0,
                0,
                0,
                0,
                0,
                0,
                0
            ],
            "hand_left_keypoints_2d": [
                307.191,
                162.976,
                0.0351811,
                308.613,
                161.781,
                0.0250762,
                303.324,
                171.279,
                0.0308166,
                302.414,
                174.066,
                0.0650747,
                302.528,
                175.374,
                0.108527,
                304.348,
                164.796,
                0.0313223,
                304.348,
                164.966,
                0.0123799,
                302.243,
                174.862,
                0.0107196,
                302.584,
                175.317,
                0.017891,
                305.485,
                162.634,
                0.0112815,
                304.746,
                162.407,
                0.00526804,
                306.793,
                165.876,
                0.0076495,
                302.186,
                174.521,
                0.00603084,
                304.746,
                164.454,
                0.0146138,
                304.575,
                164.511,
                0.00671884,
                305.542,
                166.331,
                0.00910215,
                302.3,
                174.749,
                0.00853917,
                304.689,
                164.511,
                0.0345343,
                304.348,
                164.966,
                0.0183883,
                302.528,
                174.407,
                0.0149458,
                302.528,
                175.204,
                0.00999723
            ],
            "hand_right_keypoints_2d": [
                341.712,
                199.637,
                0.011919,
                338.416,
                196.266,
                0.0182009,
                338.641,
                195.891,
                0.0247938,
                338.041,
                192.52,
                0.0360112,
                337.367,
                194.917,
                0.0303249,
                338.341,
                195.816,
                0.0376462,
                337.892,
                195.591,
                0.0252117,
                336.768,
                194.992,
                0.0373671,
                338.041,
                195.292,
                0.0219096,
                337.967,
                195.666,
                0.0236816,
                336.318,
                195.142,
                0.0226714,
                336.693,
                195.067,
                0.0290592,
                337.892,
                194.992,
                0.0203848,
                337.667,
                195.591,
                0.0314937,
                336.393,
                195.292,
                0.0173991,
                338.491,
                194.842,
                0.020641,
                338.491,
                194.617,
                0.0175075,
                338.116,
                195.591,
                0.0419826,
                339.09,
                192.744,
                0.0157512,
                339.315,
                193.269,
                0.0206374,
                339.165,
                193.943,
                0.0136839
            ],
            "pose_keypoints_3d": [],
            "face_keypoints_3d": [],
            "hand_left_keypoints_3d": [],
            "hand_right_keypoints_3d": []
        }
    ]
}