{
    "version": 1.3,
    "people": [
        {
            "person_id": [
                -1
            ],
            "pose_keypoints_2d": [
                332.097,
                186.35,
                0.292392,
                336.027,
                185.39,
                0.858725,
                324.302,
                190.241,
                0.83419,
                324.304,
                202.984,
                0.889493,
                325.238,
                214.738,
                0.828218,
                346.778,
                183.418,
                0.894502,
                359.515,
                175.591,
                0.805451,
                372.244,
                164.853,
                0.632159,
                339.895,
                208.888,
                0.865015,
                333.072,
                209.848,
                0.849646,
                332.122,
                229.363,
                0.854695,
                323.294,
                245.018,
                0.789857,
                344.812,
                208.872,
                0.807431,
                342.895,
                230.346,
                0.826069,
                338.952,
                245.042,
                0.835617,
                330.145,
                184.396,
                0.257903,
                333.118,
                184.405,
                0.248063,
                317.463,
                182.426,
                0.453276,
                339.898,
                184.378,
                0.332341,
                339.977,
                248.001,
                0.743509,
                340.963,
                247.025,
                0.783506,
                336.008,
                245.977,
                0.655904,
                325.278,
                247.025,
                0.721212,
                322.323,
                246.99,
                0.697957,
                323.302,
                246.007,
                0.62836
            ],
            "face_keypoints_2d": [
                0,
                0,
                0,
                0,
                0,
                0,
                0,
                0,
                0,
                0,
                0,
                0,
                0,
                0,
                0,
                0,
                0,
                0,
                0,
                0,
                0,
                0,
                0,
                0,
                0,
                0,
                0,
                0,
                0,
                0,
                0,
                0,
                0,
                0,
                0,
                0,
                0,
                0,
                0,
                0,
                0,
                0,
                0,
                0,
                0,
                0,
                0,
                0,
                0,
                0,
                0,
                0,
                0,
                0,
                0,
                0,
                0,
                0,
                0,
                0,
                0,
                0,
                0,
                0,
                0,
                0,
                0,
                0,
                0,
                0,
                0,
                0,
                0,
                0,
                0,
                0,
                0,
                0,
                0,
                0,
                0,
                0,
                0,
                0,
                0,
                0,
                0,
                0,
                0,
                0,
                0,
                0,
                0,
                0,
                0,
                0,
                0,
                0,
                0,
                0,
                0,
                0,
                0,
                0,
                0,
                0,
                0,
                0,
                0,
                0,
                0,
                0,
                0,
                0,
                0,
                0,
                0,
                0,
                0,
                0,
                0,
                0,
                0,
                0,
                0,
                0,
                0,
                0,
                0,
                0,
                0,
                0,
                0,
                0,
                0,
                0,
                0,
                0,
                0,
                0,
                0,
                0,
                0,
                0,
                0,
                0,
                0,
                0,
                0,
                0,
                0,
                0,
                0,
                0,
                0,
                0,
                0,
                0,
                0,
                0,
                0,
                0,
                0,
                0,
                0,
                0,
                0,
                0,
                0,
                0,
                0,
                0,
                0,
                0,
                0,
                0,
                0,
                0,
                0,
                0,
                0,
                0,
                0,
                0,
                0,
                0,
                0,
                0,
                0,
                0,
                0,
                0,
                0,
                0,
                0,
                0,
                0,
                0,
                0,
                0,
                0,
                0,
                0,
                0,
                0,
                0,
                0,
                0,
                0,
                0
            ],
            "hand_left_keypoints_2d": [
                373.118,
                153.299,
                0.0229186,
                372.507,
                162.599,
                0.0239469,
                372.439,
                162.667,
                0.0238999,
                365.583,
                162.599,
                0.019598,
                371.285,
                155.539,
                0.00770936,
                365.312,
                161.92,
                0.00456242,
                365.176,
                161.92,
                0.00646865,
                373.865,
                158.73,
                0.00675948,
                373.593,
                158.797,
                0.00633118,
                369.045,
                163.142,
                0.0043301,
                365.651,
                161.852,
                0.00258437,
                373.729,
                158.865,
                0.00441163,
                373.389,
                159.069,
                0.00411033,
                365.855,
                162.124,
                0.00485805,
                365.515,
                161.988,
                0.00367211,
                367.348,
                164.771,
                0.00565836,
                367.484,
                164.839,
                0.00526539,
                365.855,
                162.191,
                0.00776758,
                365.38,
                161.988,
                0.00895962,
                365.651,
                162.124,
                0.00623118,
                367.484,
                164.771,
                0.00593612
            ],
            "hand_right_keypoints_2d": [
                324.537,
                218.232,
                0.0185504,
                324.585,
                219.001,
                0.0161371,
                329.487,
                212.32,
                0.027053,
                329.487,
                211.888,
                0.0363219,
                329.679,
                212.224,
                0.0152011,
                327.228,
                216.694,
                0.00816665,
                324.825,
                218.808,
                0.009175,
                325.306,
                219.433,
                0.00749651,
                325.402,
                220.49,
                0.00435646,
                326.411,
                217.319,
                0.0070897,
                324.777,
                218.904,
                0.00775083,
                326.459,
                217.703,
                0.00562163,
                325.258,
                220.586,
                0.00218262,
                326.459,
                217.27,
                0.00689026,
                324.729,
                219.049,
                0.00853697,
                326.507,
                217.703,
                0.00697456,
                329.054,
                216.646,
                0.00330223,
                324.681,
                218.184,
                0.00802921,
                327.613,
                216.982,
                0.0081092,
                324.585,
                218.664,
                0.00610901,
                329.006,
                216.838,
                0.00377241
            ],
            "pose_keypoints_3d": [],
            "face_keypoints_3d": [],
            "hand_left_keypoints_3d": [],
            "hand_right_keypoints_3d": []
        }
    ]
}