{
    "version": 1.3,
    "people": [
        {
            "person_id": [
                -1
            ],
            "pose_keypoints_2d": [
                0,
                0,
                0,
                419.185,
                107.163,
                0.865849,
                442.645,
                110.052,
                0.815143,
                455.37,
                159.903,
                0.779588,
                449.489,
                190.246,
                0.464953,
                395.698,
                107.11,
                0.825886,
                393.725,
                150.173,
                0.834973,
                387.862,
                192.277,
                0.848699,
                426.991,
                184.386,
                0.655578,
                441.691,
                183.408,
                0.637609,
                449.515,
                259.699,
                0.804502,
                458.271,
                329.176,
                0.731854,
                411.384,
                185.368,
                0.621334,
                389.818,
                246.993,
                0.827568,
                387.895,
                309.606,
                0.857356,
                0,
                0,
                0,
                395.702,
                81.6456,
                0.188422,
                423.098,
                82.6287,
                0.300353,
                402.55,
                81.6592,
                0.94511,
                372.198,
                316.406,
                0.706145,
                376.136,
                316.486,
                0.752882,
                392.77,
                316.479,
                0.820361,
                434.801,
                332.146,
                0.703383,
                436.788,
                332.082,
                0.592485,
                462.221,
                337.958,
                0.623621
            ],
            "face_keypoints_2d": [
                0,
                0,
                0,
                0,
                0,
                0,
                0,
                0,
                0,
                0,
                0,
                0,
                0,
                0,
                0,
                0,
                0,
                0,
                0,
                0,
                0,
                0,
                0,
                0,
                0,
                0,
                0,
                0,
                0,
                0,
                0,
                0,
                0,
                0,
                0,
                0,
                0,
                0,
                0,
                0,
                0,
                0,
                0,
                0,
                0,
                0,
                0,
                0,
                0,
                0,
                0,
                0,
                0,
                0,
                0,
                0,
                0,
                0,
                0,
                0,
                0,
                0,
                0,
                0,
                0,
                0,
                0,
                0,
                0,
                0,
                0,
                0,
                0,
                0,
                0,
                0,
                0,
                0,
                0,
                0,
                0,
                0,
                0,
                0,
                0,
                0,
                0,
                0,
                0,
                0,
                0,
                0,
                0,
                0,
                0,
                0,
                0,
                0,
                0,
                0,
                0,
                0,
                0,
                0,
                0,
                0,
                0,
                0,
                0,
                0,
                0,
                0,
                0,
                0,
                0,
                0,
                0,
                0,
                0,
                0,
                0,
                0,
                0,
                0,
                0,
                0,
                0,
                0,
                0,
                0,
                0,
                0,
                0,
                0,
                0,
                0,
                0,
                0,
                0,
                0,
                0,
                0,
                0,
                0,
                0,
                0,
                0,
                0,
                0,
                0,
                0,
                0,
                0,
                0,
                0,
                0,
                0,
                0,
                0,
                0,
                0,
                0,
                0,
                0,
                0,
                0,
                0,
                0,
                0,
                0,
                0,
                0,
                0,
                0,
                0,
                0,
                0,
                0,
                0,
                0,
                0,
                0,
                0,
                0,
                0,
                0,
                0,
                0,
                0,
                0,
                0,
                0,
                0,
                0,
                0,
                0,
                0,
                0,
                0,
                0,
                0,
                0,
                0,
                0,
                0,
                0,
                0,
                0,
                0,
                0
            ],
            "hand_left_keypoints_2d": [
                386.794,
                191.27,
                0.0397893,
                389.566,
                222.806,
                0.0279979,
                392.165,
                221.939,
                0.0420683,
                393.378,
                220.726,
                0.040193,
                394.591,
                222.459,
                0.0554956,
                378.303,
                209.637,
                0.0192544,
                377.264,
                217.607,
                0.0364591,
                360.456,
                217.781,
                0.0686049,
                360.456,
                222.286,
                0.0515038,
                384.021,
                209.637,
                0.0130061,
                379.863,
                211.543,
                0.0149667,
                372.585,
                215.182,
                0.0179158,
                360.629,
                222.113,
                0.0235723,
                383.675,
                210.676,
                0.0109277,
                379.863,
                211.716,
                0.0116134,
                375.011,
                216.741,
                0.0105315,
                364.615,
                216.568,
                0.0249252,
                393.032,
                222.806,
                0.00925686,
                373.798,
                217.434,
                0.0129247,
                369.986,
                215.875,
                0.034409,
                364.961,
                216.395,
                0.0196484
            ],
            "hand_right_keypoints_2d": [
                441.131,
                191.011,
                0.0274323,
                446.793,
                192.898,
                0.0579645,
                450.002,
                194.597,
                0.0327667,
                454.343,
                204.6,
                0.0481756,
                437.356,
                205.167,
                0.0229866,
                454.532,
                196.296,
                0.0398612,
                452.644,
                206.11,
                0.0385725,
                454.154,
                203.468,
                0.036236,
                437.545,
                205.355,
                0.0194748,
                439.243,
                210.263,
                0.0291872,
                446.604,
                209.885,
                0.0333215,
                452.267,
                210.64,
                0.0289558,
                434.902,
                210.074,
                0.0171249,
                438.866,
                210.263,
                0.0273973,
                446.793,
                212.339,
                0.0239412,
                449.624,
                212.905,
                0.0205359,
                453.965,
                208.564,
                0.0153565,
                451.701,
                214.604,
                0.0236042,
                452.644,
                215.548,
                0.0161347,
                449.436,
                214.793,
                0.0233416,
                451.701,
                215.359,
                0.0132123
            ],
            "pose_keypoints_3d": [],
            "face_keypoints_3d": [],
            "hand_left_keypoints_3d": [],
            "hand_right_keypoints_3d": []
        }
    ]
}