{
    "version": 1.3,
    "people": [
        {
            "person_id": [
                -1
            ],
            "pose_keypoints_2d": [
                0,
                0,
                0,
                338.977,
                168.801,
                0.908352,
                355.609,
                168.772,
                0.90155,
                370.246,
                192.265,
                0.861428,
                374.181,
                219.611,
                0.811301,
                321.365,
                169.756,
                0.829849,
                317.401,
                199.03,
                0.837551,
                318.402,
                216.7,
                0.618596,
                340.93,
                215.699,
                0.815829,
                351.677,
                215.683,
                0.740726,
                348.733,
                249.958,
                0.801986,
                347.8,
                275.367,
                0.695456,
                332.095,
                215.733,
                0.777183,
                333.09,
                255.831,
                0.853807,
                345.816,
                292.987,
                0.819663,
                0,
                0,
                0,
                0,
                0,
                0,
                344.817,
                148.222,
                0.727402,
                331.122,
                149.199,
                0.817894,
                341.922,
                299.845,
                0.589125,
                340.932,
                300.776,
                0.708731,
                348.702,
                294.949,
                0.773131,
                347.773,
                287.109,
                0.243453,
                347.775,
                285.128,
                0.215078,
                347.789,
                276.353,
                0.546612
            ],
            "face_keypoints_2d": [
                0,
                0,
                0,
                0,
                0,
                0,
                0,
                0,
                0,
                0,
                0,
                0,
                0,
                0,
                0,
                0,
                0,
                0,
                0,
                0,
                0,
                0,
                0,
                0,
                0,
                0,
                0,
                0,
                0,
                0,
                0,
                0,
                0,
                0,
                0,
                0,
                0,
                0,
                0,
                0,
                0,
                0,
                0,
                0,
                0,
                0,
                0,
                0,
                0,
                0,
                0,
                0,
                0,
                0,
                0,
                0,
                0,
                0,
                0,
                0,
                0,
                0,
                0,
                0,
                0,
                0,
                0,
                0,
                0,
                0,
                0,
                0,
                0,
                0,
                0,
                0,
                0,
                0,
                0,
                0,
                0,
                0,
                0,
                0,
                0,
                0,
                0,
                0,
                0,
                0,
                0,
                0,
                0,
                0,
                0,
                0,
                0,
                0,
                0,
                0,
                0,
                0,
                0,
                0,
                0,
                0,
                0,
                0,
                0,
                0,
                0,
                0,
                0,
                0,
                0,
                0,
                0,
                0,
                0,
                0,
                0,
                0,
                0,
                0,
                0,
                0,
                0,
                0,
                0,
                0,
                0,
                0,
                0,
                0,
                0,
                0,
                0,
                0,
                0,
                0,
                0,
                0,
                0,
                0,
                0,
                0,
                0,
                0,
                0,
                0,
                0,
                0,
                0,
                0,
                0,
                0,
                0,
                0,
                0,
                0,
                0,
                0,
                0,
                0,
                0,
                0,
                0,
                0,
                0,
                0,
                0,
                0,
                0,
                0,
                0,
                0,
                0,
                0,
                0,
                0,
                0,
                0,
                0,
                0,
                0,
                0,
                0,
                0,
                0,
                0,
                0,
                0,
                0,
                0,
                0,
                0,
                0,
                0,
                0,
                0,
                0,
                0,
                0,
                0,
                0,
                0,
                0,
                0,
                0,
                0
            ],
            "hand_left_keypoints_2d": [
                312.772,
                234.127,
                0.0282037,
                314.072,
                232.501,
                0.0263649,
                308.654,
                233.043,
                0.0348183,
                308.003,
                233.694,
                0.0380937,
                309.629,
                231.851,
                0.0198288,
                319.491,
                223.507,
                0.0201637,
                319.165,
                225.349,
                0.0247117,
                318.407,
                225.457,
                0.0154242,
                323.717,
                224.049,
                0.00747194,
                316.89,
                227.083,
                0.0146747,
                317.757,
                224.916,
                0.0184862,
                323.5,
                229.792,
                0.0108328,
                323.284,
                224.482,
                0.00473432,
                317.432,
                227.191,
                0.0189016,
                317.323,
                225.349,
                0.0139082,
                322.742,
                228.925,
                0.0110164,
                323.284,
                228.925,
                0.00817185,
                318.19,
                227.95,
                0.0138444,
                319.165,
                228.058,
                0.0108417,
                323.392,
                224.265,
                0.0106301,
                323.5,
                224.265,
                0.00898879
            ],
            "hand_right_keypoints_2d": [
                372.439,
                218.049,
                0.0223657,
                374.015,
                219.176,
                0.0225248,
                370.074,
                229.085,
                0.0514656,
                373.227,
                224.243,
                0.0265202,
                369.511,
                227.396,
                0.0128241,
                370.524,
                228.86,
                0.0717859,
                370.187,
                228.297,
                0.0363562,
                371.2,
                228.635,
                0.0256366,
                369.286,
                229.761,
                0.010881,
                370.975,
                229.085,
                0.0296571,
                376.718,
                229.198,
                0.0224452,
                375.141,
                227.283,
                0.0161629,
                369.286,
                229.874,
                0.00775089,
                374.241,
                229.874,
                0.0235065,
                375.93,
                229.874,
                0.0257304,
                374.916,
                227.283,
                0.0149082,
                376.943,
                225.031,
                0.00978905,
                370.299,
                229.874,
                0.0298947,
                376.38,
                230.324,
                0.0209939,
                370.524,
                229.536,
                0.0122724,
                374.015,
                228.635,
                0.0096457
            ],
            "pose_keypoints_3d": [],
            "face_keypoints_3d": [],
            "hand_left_keypoints_3d": [],
            "hand_right_keypoints_3d": []
        }
    ]
}