{
    "version": 1.3,
    "people": [
        {
            "person_id": [
                -1
            ],
            "pose_keypoints_2d": [
                0,
                0,
                0,
                340.918,
                165.822,
                0.88092,
                357.565,
                165.793,
                0.835116,
                366.372,
                193.19,
                0.748105,
                362.396,
                205.908,
                0.292042,
                324.261,
                165.83,
                0.8515,
                315.484,
                191.212,
                0.826865,
                310.613,
                213.755,
                0.750422,
                341.896,
                208.883,
                0.751626,
                354.607,
                208.841,
                0.750455,
                355.563,
                233.322,
                0.424114,
                355.545,
                247.984,
                0.425728,
                332.142,
                210.82,
                0.745166,
                331.11,
                248.956,
                0.805262,
                336.983,
                286.141,
                0.811909,
                0,
                0,
                0,
                0,
                0,
                0,
                347.736,
                145.258,
                0.793788,
                332.057,
                145.313,
                0.871297,
                332.121,
                292.006,
                0.549488,
                332.105,
                292.946,
                0.662066,
                339.917,
                291.974,
                0.783323,
                355.55,
                253.859,
                0.289431,
                353.631,
                253.828,
                0.330158,
                355.611,
                252.881,
                0.361206
            ],
            "face_keypoints_2d": [
                0,
                0,
                0,
                0,
                0,
                0,
                0,
                0,
                0,
                0,
                0,
                0,
                0,
                0,
                0,
                0,
                0,
                0,
                0,
                0,
                0,
                0,
                0,
                0,
                0,
                0,
                0,
                0,
                0,
                0,
                0,
                0,
                0,
                0,
                0,
                0,
                0,
                0,
                0,
                0,
                0,
                0,
                0,
                0,
                0,
                0,
                0,
                0,
                0,
                0,
                0,
                0,
                0,
                0,
                0,
                0,
                0,
                0,
                0,
                0,
                0,
                0,
                0,
                0,
                0,
                0,
                0,
                0,
                0,
                0,
                0,
                0,
                0,
                0,
                0,
                0,
                0,
                0,
                0,
                0,
                0,
                0,
                0,
                0,
                0,
                0,
                0,
                0,
                0,
                0,
                0,
                0,
                0,
                0,
                0,
                0,
                0,
                0,
                0,
                0,
                0,
                0,
                0,
                0,
                0,
                0,
                0,
                0,
                0,
                0,
                0,
                0,
                0,
                0,
                0,
                0,
                0,
                0,
                0,
                0,
                0,
                0,
                0,
                0,
                0,
                0,
                0,
                0,
                0,
                0,
                0,
                0,
                0,
                0,
                0,
                0,
                0,
                0,
                0,
                0,
                0,
                0,
                0,
                0,
                0,
                0,
                0,
                0,
                0,
                0,
                0,
                0,
                0,
                0,
                0,
                0,
                0,
                0,
                0,
                0,
                0,
                0,
                0,
                0,
                0,
                0,
                0,
                0,
                0,
                0,
                0,
                0,
                0,
                0,
                0,
                0,
                0,
                0,
                0,
                0,
                0,
                0,
                0,
                0,
                0,
                0,
                0,
                0,
                0,
                0,
                0,
                0,
                0,
                0,
                0,
                0,
                0,
                0,
                0,
                0,
                0,
                0,
                0,
                0,
                0,
                0,
                0,
                0,
                0,
                0
            ],
            "hand_left_keypoints_2d": [
                309.596,
                218.338,
                0.0280386,
                302.601,
                232.624,
                0.0157248,
                301.517,
                232.624,
                0.0235538,
                300.729,
                233.609,
                0.0296908,
                300.828,
                233.707,
                0.0125539,
                310.089,
                221.589,
                0.0189863,
                311.173,
                221.49,
                0.0116606,
                311.074,
                221.49,
                0.0133583,
                312.256,
                221.293,
                0.00780967,
                309.202,
                221.096,
                0.00963146,
                310.286,
                221.392,
                0.00834998,
                311.074,
                221.096,
                0.0111545,
                312.453,
                218.83,
                0.00551067,
                310.286,
                219.816,
                0.0108489,
                310.68,
                220.505,
                0.00858521,
                311.665,
                220.998,
                0.00977611,
                311.468,
                220.998,
                0.00563482,
                311.961,
                220.801,
                0.0275991,
                312.453,
                221.49,
                0.0193829,
                311.961,
                221.983,
                0.0165348,
                312.059,
                221.589,
                0.0103312
            ],
            "hand_right_keypoints_2d": [
                354.116,
                202.609,
                0.0129195,
                361.4,
                215.806,
                0.0110786,
                361.822,
                216.545,
                0.0151602,
                358.761,
                206.515,
                0.0201054,
                359.183,
                207.782,
                0.0130343,
                362.667,
                216.545,
                0.0281565,
                361.717,
                216.333,
                0.0199593,
                362.139,
                217.072,
                0.0169841,
                361.506,
                216.333,
                0.00911856,
                362.35,
                216.439,
                0.0150056,
                361.295,
                216.017,
                0.0190866,
                362.034,
                216.545,
                0.0131633,
                358.761,
                218.339,
                0.00812124,
                362.773,
                217.178,
                0.0169072,
                361.189,
                216.228,
                0.0147823,
                361.4,
                216.967,
                0.0126007,
                358.972,
                219.078,
                0.00908027,
                362.35,
                217.178,
                0.0154335,
                360.978,
                216.545,
                0.0158689,
                361.506,
                217.178,
                0.0114596,
                359.078,
                218.973,
                0.00874664
            ],
            "pose_keypoints_3d": [],
            "face_keypoints_3d": [],
            "hand_left_keypoints_3d": [],
            "hand_right_keypoints_3d": []
        }
    ]
}