{
    "version": 1.3,
    "people": [
        {
            "person_id": [
                -1
            ],
            "pose_keypoints_2d": [
                0,
                0,
                0,
                425.969,
                105.142,
                0.867385,
                449.45,
                106.136,
                0.802006,
                457.328,
                153.102,
                0.777957,
                455.351,
                188.316,
                0.553801,
                400.599,
                103.224,
                0.771025,
                394.726,
                146.283,
                0.881565,
                388.864,
                191.261,
                0.813139,
                427.998,
                183.402,
                0.60868,
                442.679,
                182.437,
                0.606446,
                450.455,
                261.663,
                0.848091,
                454.391,
                328.21,
                0.715236,
                413.298,
                183.417,
                0.584082,
                388.83,
                243.097,
                0.818465,
                402.577,
                308.634,
                0.846053,
                0,
                0,
                0,
                402.55,
                75.8171,
                0.12447,
                428.94,
                77.794,
                0.263892,
                409.357,
                74.8615,
                0.904695,
                385.917,
                319.383,
                0.679718,
                388.878,
                320.359,
                0.719601,
                409.376,
                315.452,
                0.748656,
                431.882,
                332.081,
                0.682162,
                434.789,
                331.115,
                0.601766,
                458.278,
                336.994,
                0.672515
            ],
            "face_keypoints_2d": [
                0,
                0,
                0,
                0,
                0,
                0,
                0,
                0,
                0,
                0,
                0,
                0,
                0,
                0,
                0,
                0,
                0,
                0,
                0,
                0,
                0,
                0,
                0,
                0,
                0,
                0,
                0,
                0,
                0,
                0,
                0,
                0,
                0,
                0,
                0,
                0,
                0,
                0,
                0,
                0,
                0,
                0,
                0,
                0,
                0,
                0,
                0,
                0,
                0,
                0,
                0,
                0,
                0,
                0,
                0,
                0,
                0,
                0,
                0,
                0,
                0,
                0,
                0,
                0,
                0,
                0,
                0,
                0,
                0,
                0,
                0,
                0,
                0,
                0,
                0,
                0,
                0,
                0,
                0,
                0,
                0,
                0,
                0,
                0,
                0,
                0,
                0,
                0,
                0,
                0,
                0,
                0,
                0,
                0,
                0,
                0,
                0,
                0,
                0,
                0,
                0,
                0,
                0,
                0,
                0,
                0,
                0,
                0,
                0,
                0,
                0,
                0,
                0,
                0,
                0,
                0,
                0,
                0,
                0,
                0,
                0,
                0,
                0,
                0,
                0,
                0,
                0,
                0,
                0,
                0,
                0,
                0,
                0,
                0,
                0,
                0,
                0,
                0,
                0,
                0,
                0,
                0,
                0,
                0,
                0,
                0,
                0,
                0,
                0,
                0,
                0,
                0,
                0,
                0,
                0,
                0,
                0,
                0,
                0,
                0,
                0,
                0,
                0,
                0,
                0,
                0,
                0,
                0,
                0,
                0,
                0,
                0,
                0,
                0,
                0,
                0,
                0,
                0,
                0,
                0,
                0,
                0,
                0,
                0,
                0,
                0,
                0,
                0,
                0,
                0,
                0,
                0,
                0,
                0,
                0,
                0,
                0,
                0,
                0,
                0,
                0,
                0,
                0,
                0,
                0,
                0,
                0,
                0,
                0,
                0
            ],
            "hand_left_keypoints_2d": [
                388.409,
                193.717,
                0.0768189,
                387.669,
                203.146,
                0.0414028,
                393.401,
                209.432,
                0.0283165,
                390.997,
                215.718,
                0.0443445,
                394.51,
                215.348,
                0.0410575,
                390.073,
                216.458,
                0.0430546,
                392.291,
                215.903,
                0.0438461,
                393.955,
                219.046,
                0.0841224,
                395.619,
                222.559,
                0.0668601,
                389.888,
                215.348,
                0.0271449,
                388.224,
                216.458,
                0.0311682,
                390.627,
                221.449,
                0.0352732,
                395.065,
                221.819,
                0.0316234,
                389.703,
                214.239,
                0.016904,
                387.854,
                216.273,
                0.0226322,
                390.073,
                221.634,
                0.0291061,
                393.955,
                222.374,
                0.0218129,
                394.14,
                212.945,
                0.0128661,
                394.88,
                213.869,
                0.012476,
                387.484,
                222.744,
                0.0155194,
                388.963,
                221.634,
                0.0139988
            ],
            "hand_right_keypoints_2d": [
                445.964,
                191.202,
                0.0281768,
                449.283,
                193.299,
                0.0281584,
                454.175,
                212.865,
                0.0155145,
                436.181,
                198.714,
                0.0227671,
                454,
                208.847,
                0.0147606,
                438.452,
                197.666,
                0.0218478,
                436.705,
                198.19,
                0.0273837,
                435.831,
                200.287,
                0.0308452,
                438.102,
                210.594,
                0.0268454,
                454,
                210.419,
                0.0135457,
                442.47,
                207.624,
                0.0231434,
                438.452,
                208.498,
                0.0284821,
                437.578,
                210.245,
                0.0271903,
                454.873,
                210.419,
                0.0157911,
                447.012,
                210.419,
                0.0189343,
                438.626,
                210.07,
                0.0137392,
                438.452,
                210.245,
                0.0174047,
                453.65,
                211.642,
                0.0170076,
                450.681,
                211.992,
                0.0143428,
                455.223,
                215.486,
                0.0128977,
                453.825,
                211.817,
                0.00958217
            ],
            "pose_keypoints_3d": [],
            "face_keypoints_3d": [],
            "hand_left_keypoints_3d": [],
            "hand_right_keypoints_3d": []
        }
    ]
}