{
    "version": 1.3,
    "people": [
        {
            "person_id": [
                -1
            ],
            "pose_keypoints_2d": [
                0,
                0,
                0,
                334.054,
                154.069,
                0.910516,
                351.671,
                153.158,
                0.855811,
                362.402,
                185.385,
                0.798244,
                353.611,
                197.123,
                0.28482,
                316.485,
                153.156,
                0.894783,
                309.642,
                182.437,
                0.812064,
                309.607,
                200.025,
                0.833123,
                338.946,
                199.059,
                0.775285,
                348.706,
                199.065,
                0.795258,
                350.717,
                239.193,
                0.785939,
                360.484,
                253.877,
                0.590836,
                327.219,
                199.086,
                0.758988,
                324.274,
                238.23,
                0.902617,
                325.256,
                278.318,
                0.867122,
                0,
                0,
                0,
                0,
                0,
                0,
                339.944,
                136.453,
                0.74514,
                324.319,
                136.464,
                0.923174,
                324.29,
                280.259,
                0.44731,
                320.367,
                282.206,
                0.539049,
                325.304,
                284.169,
                0.786949,
                359.515,
                270.5,
                0.513971,
                363.401,
                269.515,
                0.464621,
                363.404,
                254.822,
                0.465556
            ],
            "face_keypoints_2d": [
                0,
                0,
                0,
                0,
                0,
                0,
                0,
                0,
                0,
                0,
                0,
                0,
                0,
                0,
                0,
                0,
                0,
                0,
                0,
                0,
                0,
                0,
                0,
                0,
                0,
                0,
                0,
                0,
                0,
                0,
                0,
                0,
                0,
                0,
                0,
                0,
                0,
                0,
                0,
                0,
                0,
                0,
                0,
                0,
                0,
                0,
                0,
                0,
                0,
                0,
                0,
                0,
                0,
                0,
                0,
                0,
                0,
                0,
                0,
                0,
                0,
                0,
                0,
                0,
                0,
                0,
                0,
                0,
                0,
                0,
                0,
                0,
                0,
                0,
                0,
                0,
                0,
                0,
                0,
                0,
                0,
                0,
                0,
                0,
                0,
                0,
                0,
                0,
                0,
                0,
                0,
                0,
                0,
                0,
                0,
                0,
                0,
                0,
                0,
                0,
                0,
                0,
                0,
                0,
                0,
                0,
                0,
                0,
                0,
                0,
                0,
                0,
                0,
                0,
                0,
                0,
                0,
                0,
                0,
                0,
                0,
                0,
                0,
                0,
                0,
                0,
                0,
                0,
                0,
                0,
                0,
                0,
                0,
                0,
                0,
                0,
                0,
                0,
                0,
                0,
                0,
                0,
                0,
                0,
                0,
                0,
                0,
                0,
                0,
                0,
                0,
                0,
                0,
                0,
                0,
                0,
                0,
                0,
                0,
                0,
                0,
                0,
                0,
                0,
                0,
                0,
                0,
                0,
                0,
                0,
                0,
                0,
                0,
                0,
                0,
                0,
                0,
                0,
                0,
                0,
                0,
                0,
                0,
                0,
                0,
                0,
                0,
                0,
                0,
                0,
                0,
                0,
                0,
                0,
                0,
                0,
                0,
                0,
                0,
                0,
                0,
                0,
                0,
                0,
                0,
                0,
                0,
                0,
                0,
                0
            ],
            "hand_left_keypoints_2d": [
                307.831,
                203.843,
                0.0526509,
                310.92,
                204.395,
                0.0180634,
                298.785,
                202.961,
                0.0129149,
                298.785,
                203.513,
                0.0135526,
                298.785,
                205.278,
                0.00804431,
                299.447,
                203.954,
                0.0170941,
                298.896,
                205.278,
                0.032365,
                296.138,
                207.925,
                0.0255391,
                301.323,
                208.697,
                0.00842316,
                300.33,
                204.505,
                0.0104467,
                299.889,
                205.388,
                0.0215322,
                300.44,
                209.028,
                0.0272554,
                301.212,
                208.146,
                0.0082953,
                300.771,
                204.726,
                0.00936848,
                300.33,
                205.388,
                0.0163513,
                300.33,
                208.477,
                0.0198255,
                300.55,
                210.573,
                0.0125771,
                301.323,
                204.836,
                0.00969087,
                301.212,
                204.836,
                0.0121192,
                295.917,
                208.035,
                0.0194146,
                300.992,
                210.021,
                0.0104145
            ],
            "hand_right_keypoints_2d": [
                361.426,
                202.741,
                0.02309,
                350.087,
                214.703,
                0.0122498,
                356.691,
                209.719,
                0.0254513,
                357.189,
                215.824,
                0.05117,
                356.192,
                218.69,
                0.0546287,
                356.94,
                212.336,
                0.0195855,
                352.08,
                214.828,
                0.0329673,
                347.221,
                214.329,
                0.0751708,
                351.333,
                214.828,
                0.170789,
                355.569,
                213.332,
                0.00856232,
                356.192,
                214.703,
                0.0105557,
                352.205,
                216.323,
                0.0340722,
                352.08,
                215.949,
                0.0421519,
                353.202,
                214.454,
                0.00923958,
                356.192,
                214.703,
                0.00738542,
                352.205,
                216.074,
                0.0124321,
                352.08,
                214.703,
                0.0222833,
                356.317,
                214.329,
                0.0100264,
                357.937,
                214.578,
                0.0150537,
                346.598,
                214.454,
                0.0174576,
                355.196,
                216.448,
                0.0118227
            ],
            "pose_keypoints_3d": [],
            "face_keypoints_3d": [],
            "hand_left_keypoints_3d": [],
            "hand_right_keypoints_3d": []
        }
    ]
}