{
    "version": 1.3,
    "people": [
        {
            "person_id": [
                -1
            ],
            "pose_keypoints_2d": [
                343.83,
                193.232,
                0.13984,
                341.881,
                192.21,
                0.908828,
                333.132,
                192.236,
                0.868019,
                330.148,
                205.898,
                0.794051,
                325.286,
                219.605,
                0.685224,
                349.747,
                191.291,
                0.847233,
                353.605,
                201.06,
                0.779799,
                353.63,
                209.828,
                0.726628,
                340.96,
                207.863,
                0.88285,
                337.96,
                207.881,
                0.834789,
                340.906,
                223.507,
                0.901647,
                343.852,
                245.016,
                0.8147,
                347.746,
                207.849,
                0.882288,
                355.535,
                222.507,
                0.853968,
                357.535,
                242.114,
                0.808776,
                342.863,
                192.233,
                0.121006,
                345.788,
                192.26,
                0.120076,
                339.945,
                190.275,
                0.180196,
                346.801,
                192.216,
                0.0594772,
                359.496,
                246.028,
                0.618249,
                362.416,
                245.972,
                0.625056,
                356.598,
                245.048,
                0.668205,
                347.712,
                247.043,
                0.733245,
                341.915,
                247.008,
                0.722441,
                345.803,
                246.012,
                0.723416
            ],
            "face_keypoints_2d": [
                0,
                0,
                0,
                0,
                0,
                0,
                0,
                0,
                0,
                0,
                0,
                0,
                0,
                0,
                0,
                0,
                0,
                0,
                0,
                0,
                0,
                0,
                0,
                0,
                0,
                0,
                0,
                0,
                0,
                0,
                0,
                0,
                0,
                0,
                0,
                0,
                0,
                0,
                0,
                0,
                0,
                0,
                0,
                0,
                0,
                0,
                0,
                0,
                0,
                0,
                0,
                0,
                0,
                0,
                0,
                0,
                0,
                0,
                0,
                0,
                0,
                0,
                0,
                0,
                0,
                0,
                0,
                0,
                0,
                0,
                0,
                0,
                0,
                0,
                0,
                0,
                0,
                0,
                0,
                0,
                0,
                0,
                0,
                0,
                0,
                0,
                0,
                0,
                0,
                0,
                0,
                0,
                0,
                0,
                0,
                0,
                0,
                0,
                0,
                0,
                0,
                0,
                0,
                0,
                0,
                0,
                0,
                0,
                0,
                0,
                0,
                0,
                0,
                0,
                0,
                0,
                0,
                0,
                0,
                0,
                0,
                0,
                0,
                0,
                0,
                0,
                0,
                0,
                0,
                0,
                0,
                0,
                0,
                0,
                0,
                0,
                0,
                0,
                0,
                0,
                0,
                0,
                0,
                0,
                0,
                0,
                0,
                0,
                0,
                0,
                0,
                0,
                0,
                0,
                0,
                0,
                0,
                0,
                0,
                0,
                0,
                0,
                0,
                0,
                0,
                0,
                0,
                0,
                0,
                0,
                0,
                0,
                0,
                0,
                0,
                0,
                0,
                0,
                0,
                0,
                0,
                0,
                0,
                0,
                0,
                0,
                0,
                0,
                0,
                0,
                0,
                0,
                0,
                0,
                0,
                0,
                0,
                0,
                0,
                0,
                0,
                0,
                0,
                0,
                0,
                0,
                0,
                0,
                0,
                0
            ],
            "hand_left_keypoints_2d": [
                354.024,
                214.34,
                0.0107029,
                354.294,
                214.301,
                0.0160035,
                351.943,
                212.414,
                0.0125066,
                351.674,
                211.681,
                0.0123528,
                350.518,
                211.681,
                0.00831169,
                351.982,
                212.182,
                0.0124011,
                351.597,
                213.646,
                0.0105715,
                352.945,
                214.34,
                0.00859733,
                353.33,
                214.995,
                0.00424081,
                352.83,
                213.724,
                0.0132844,
                352.521,
                214.147,
                0.010674,
                352.907,
                214.34,
                0.00754574,
                353.485,
                215.342,
                0.00327958,
                352.945,
                213.801,
                0.014758,
                352.791,
                214.301,
                0.0126248,
                353.33,
                214.417,
                0.00937564,
                354.063,
                215.072,
                0.00584483,
                355.527,
                213.146,
                0.0165485,
                354.718,
                214.032,
                0.00956597,
                354.409,
                214.379,
                0.00862818,
                354.14,
                214.995,
                0.00643013
            ],
            "hand_right_keypoints_2d": [
                321.904,
                225.314,
                0.0158008,
                323.682,
                225.907,
                0.0148317,
                325.164,
                226.026,
                0.0122228,
                325.757,
                225.966,
                0.0118367,
                327.002,
                226.144,
                0.00575799,
                322.319,
                227.27,
                0.00946315,
                321.133,
                228.515,
                0.0144834,
                321.133,
                228.99,
                0.012697,
                320.718,
                228.693,
                0.00813395,
                322.319,
                227.508,
                0.00797447,
                321.429,
                228.16,
                0.0109235,
                321.074,
                228.515,
                0.00683116,
                320.955,
                228.575,
                0.00442532,
                322.378,
                227.448,
                0.00789837,
                322.081,
                227.685,
                0.00924828,
                321.192,
                228.575,
                0.00735038,
                322.852,
                229.879,
                0.00471866,
                322.437,
                227.211,
                0.00943824,
                320.718,
                228.693,
                0.00942943,
                321.014,
                228.634,
                0.00825432,
                320.836,
                228.634,
                0.00514971
            ],
            "pose_keypoints_3d": [],
            "face_keypoints_3d": [],
            "hand_left_keypoints_3d": [],
            "hand_right_keypoints_3d": []
        }
    ]
}