{
    "version": 1.3,
    "people": [
        {
            "person_id": [
                -1
            ],
            "pose_keypoints_2d": [
                0,
                0,
                0,
                324.308,
                183.455,
                0.875933,
                334.056,
                183.399,
                0.827976,
                344.83,
                186.373,
                0.552746,
                337.016,
                176.615,
                0.167047,
                313.527,
                184.397,
                0.764975,
                310.597,
                199.079,
                0.48265,
                316.474,
                206.889,
                0.137693,
                325.22,
                221.551,
                0.789935,
                332.127,
                221.554,
                0.759955,
                330.166,
                248.955,
                0.815363,
                326.243,
                272.439,
                0.828419,
                317.438,
                221.549,
                0.781363,
                317.435,
                247.046,
                0.882873,
                317.433,
                272.426,
                0.885813,
                0,
                0,
                0,
                0,
                0,
                0,
                330.13,
                168.767,
                0.614422,
                317.46,
                169.721,
                0.64156,
                318.395,
                276.354,
                0.601781,
                316.476,
                276.324,
                0.626944,
                317.423,
                276.353,
                0.835385,
                326.228,
                276.363,
                0.50612,
                330.131,
                276.367,
                0.523809,
                325.295,
                276.359,
                0.807499
            ],
            "face_keypoints_2d": [
                0,
                0,
                0,
                0,
                0,
                0,
                0,
                0,
                0,
                0,
                0,
                0,
                0,
                0,
                0,
                0,
                0,
                0,
                0,
                0,
                0,
                0,
                0,
                0,
                0,
                0,
                0,
                0,
                0,
                0,
                0,
                0,
                0,
                0,
                0,
                0,
                0,
                0,
                0,
                0,
                0,
                0,
                0,
                0,
                0,
                0,
                0,
                0,
                0,
                0,
                0,
                0,
                0,
                0,
                0,
                0,
                0,
                0,
                0,
                0,
                0,
                0,
                0,
                0,
                0,
                0,
                0,
                0,
                0,
                0,
                0,
                0,
                0,
                0,
                0,
                0,
                0,
                0,
                0,
                0,
                0,
                0,
                0,
                0,
                0,
                0,
                0,
                0,
                0,
                0,
                0,
                0,
                0,
                0,
                0,
                0,
                0,
                0,
                0,
                0,
                0,
                0,
                0,
                0,
                0,
                0,
                0,
                0,
                0,
                0,
                0,
                0,
                0,
                0,
                0,
                0,
                0,
                0,
                0,
                0,
                0,
                0,
                0,
                0,
                0,
                0,
                0,
                0,
                0,
                0,
                0,
                0,
                0,
                0,
                0,
                0,
                0,
                0,
                0,
                0,
                0,
                0,
                0,
                0,
                0,
                0,
                0,
                0,
                0,
                0,
                0,
                0,
                0,
                0,
                0,
                0,
                0,
                0,
                0,
                0,
                0,
                0,
                0,
                0,
                0,
                0,
                0,
                0,
                0,
                0,
                0,
                0,
                0,
                0,
                0,
                0,
                0,
                0,
                0,
                0,
                0,
                0,
                0,
                0,
                0,
                0,
                0,
                0,
                0,
                0,
                0,
                0,
                0,
                0,
                0,
                0,
                0,
                0,
                0,
                0,
                0,
                0,
                0,
                0,
                0,
                0,
                0,
                0,
                0,
                0
            ],
            "hand_left_keypoints_2d": [
                318.469,
                214.244,
                0.0165351,
                318.634,
                212.871,
                0.0167845,
                317.755,
                213.091,
                0.0120893,
                317.645,
                213.146,
                0.0123624,
                316.272,
                213.53,
                0.00622316,
                316.821,
                213.201,
                0.0136607,
                316.986,
                212.652,
                0.0160059,
                316.876,
                212.707,
                0.0241409,
                316.931,
                212.157,
                0.00992056,
                316.162,
                212.212,
                0.0119015,
                316.217,
                211.938,
                0.0164788,
                316.712,
                212.322,
                0.0108921,
                316.821,
                211.828,
                0.00673859,
                316.327,
                212.322,
                0.0110002,
                316.712,
                212.652,
                0.0142701,
                316.492,
                212.432,
                0.0128765,
                316.053,
                212.267,
                0.00804058,
                317.865,
                212.817,
                0.0119407,
                317.81,
                212.871,
                0.0135153,
                317.316,
                212.707,
                0.018147,
                316.876,
                212.652,
                0.00984819
            ],
            "hand_right_keypoints_2d": [
                330.514,
                175.281,
                0.00776215,
                338.004,
                174.415,
                0.00401999,
                338.667,
                173.396,
                0.00418348,
                338.667,
                173.243,
                0.0030419,
                335.813,
                173.956,
                0.00274138,
                336.272,
                175.332,
                0.00310416,
                335.66,
                174.211,
                0.00324757,
                335.711,
                174.16,
                0.0030606,
                334.794,
                174.262,
                0.00215939,
                336.527,
                175.485,
                0.0020685,
                335.711,
                173.956,
                0.00129187,
                335.813,
                173.956,
                0.00249455,
                334.692,
                174.313,
                0.00055539,
                336.832,
                175.23,
                0.00232658,
                335.813,
                173.905,
                0.00226849,
                335.762,
                172.784,
                0.00376184,
                335.813,
                172.835,
                0.0025345,
                336.73,
                175.179,
                0.00347651,
                335.66,
                173.956,
                0.00337352,
                337.444,
                175.026,
                0.00370182,
                337.444,
                175.026,
                0.00299937
            ],
            "pose_keypoints_3d": [],
            "face_keypoints_3d": [],
            "hand_left_keypoints_3d": [],
            "hand_right_keypoints_3d": []
        }
    ]
}