{
    "version": 1.3,
    "people": [
        {
            "person_id": [
                -1
            ],
            "pose_keypoints_2d": [
                264.625,
                197.103,
                0.117417,
                262.672,
                200.102,
                0.723831,
                261.706,
                201.033,
                0.836449,
                263.634,
                213.737,
                0.828195,
                274.402,
                215.697,
                0.758885,
                263.678,
                200.068,
                0.659295,
                269.494,
                211.781,
                0.157011,
                277.338,
                214.771,
                0.113032,
                266.563,
                222.506,
                0.727793,
                263.651,
                222.5,
                0.816229,
                269.5,
                238.202,
                0.8687,
                269.475,
                253.892,
                0.741246,
                268.546,
                221.584,
                0.721969,
                269.474,
                238.205,
                0.773738,
                261.663,
                248.988,
                0.485722,
                263.674,
                195.159,
                0.108185,
                0,
                0,
                0,
                262.708,
                194.175,
                0.280601,
                0,
                0,
                0,
                261.689,
                253.849,
                0.345523,
                261.69,
                253.825,
                0.300924,
                257.758,
                249.957,
                0.414022,
                271.452,
                255.804,
                0.467273,
                269.535,
                255.81,
                0.500419,
                267.548,
                254.868,
                0.57566
            ],
            "face_keypoints_2d": [
                0,
                0,
                0,
                0,
                0,
                0,
                0,
                0,
                0,
                0,
                0,
                0,
                0,
                0,
                0,
                0,
                0,
                0,
                0,
                0,
                0,
                0,
                0,
                0,
                0,
                0,
                0,
                0,
                0,
                0,
                0,
                0,
                0,
                0,
                0,
                0,
                0,
                0,
                0,
                0,
                0,
                0,
                0,
                0,
                0,
                0,
                0,
                0,
                0,
                0,
                0,
                0,
                0,
                0,
                0,
                0,
                0,
                0,
                0,
                0,
                0,
                0,
                0,
                0,
                0,
                0,
                0,
                0,
                0,
                0,
                0,
                0,
                0,
                0,
                0,
                0,
                0,
                0,
                0,
                0,
                0,
                0,
                0,
                0,
                0,
                0,
                0,
                0,
                0,
                0,
                0,
                0,
                0,
                0,
                0,
                0,
                0,
                0,
                0,
                0,
                0,
                0,
                0,
                0,
                0,
                0,
                0,
                0,
                0,
                0,
                0,
                0,
                0,
                0,
                0,
                0,
                0,
                0,
                0,
                0,
                0,
                0,
                0,
                0,
                0,
                0,
                0,
                0,
                0,
                0,
                0,
                0,
                0,
                0,
                0,
                0,
                0,
                0,
                0,
                0,
                0,
                0,
                0,
                0,
                0,
                0,
                0,
                0,
                0,
                0,
                0,
                0,
                0,
                0,
                0,
                0,
                0,
                0,
                0,
                0,
                0,
                0,
                0,
                0,
                0,
                0,
                0,
                0,
                0,
                0,
                0,
                0,
                0,
                0,
                0,
                0,
                0,
                0,
                0,
                0,
                0,
                0,
                0,
                0,
                0,
                0,
                0,
                0,
                0,
                0,
                0,
                0,
                0,
                0,
                0,
                0,
                0,
                0,
                0,
                0,
                0,
                0,
                0,
                0,
                0,
                0,
                0,
                0,
                0,
                0
            ],
            "hand_left_keypoints_2d": [
                280.695,
                216.717,
                0.0299836,
                278.008,
                217.676,
                0.0195087,
                278.344,
                217.388,
                0.0264863,
                278.488,
                217.149,
                0.0106347,
                279.879,
                216.189,
                0.00780455,
                278.2,
                217.005,
                0.00793433,
                280.119,
                215.709,
                0.00788903,
                280.119,
                215.949,
                0.00714662,
                279.927,
                216.189,
                0.00447857,
                279.927,
                215.613,
                0.00839766,
                280.119,
                215.565,
                0.00524198,
                279.831,
                215.757,
                0.00538374,
                279.783,
                215.805,
                0.0019282,
                278.344,
                216.621,
                0.00839521,
                280.119,
                215.565,
                0.00666227,
                279.735,
                215.805,
                0.00713114,
                279.16,
                215.949,
                0.00436137,
                278.584,
                217.053,
                0.0125938,
                278.44,
                217.101,
                0.00805498,
                279.927,
                215.805,
                0.00683719,
                279.495,
                215.949,
                0.004567
            ],
            "hand_right_keypoints_2d": [
                281.491,
                217.146,
                0.0179557,
                281.538,
                217.287,
                0.0048202,
                281.255,
                217.099,
                0.00436928,
                281.255,
                217.052,
                0.00254521,
                281.161,
                218.277,
                0.000794774,
                277.343,
                213.516,
                0.00330725,
                277.484,
                213.563,
                0.00349694,
                277.484,
                213.658,
                0.00272823,
                281.067,
                218.418,
                0.00186099,
                281.444,
                215.402,
                0.00256534,
                277.579,
                213.752,
                0.00102567,
                277.579,
                213.799,
                0.00171593,
                277.484,
                213.705,
                0.000160109,
                281.397,
                215.355,
                0.00234942,
                277.579,
                213.846,
                0.0015587,
                278.474,
                215.402,
                0.00212078,
                278.474,
                215.496,
                0.00113319,
                277.437,
                213.658,
                0.00338501,
                277.531,
                213.658,
                0.00327643,
                277.531,
                213.705,
                0.00278893,
                278.286,
                215.543,
                0.00160584
            ],
            "pose_keypoints_3d": [],
            "face_keypoints_3d": [],
            "hand_left_keypoints_3d": [],
            "hand_right_keypoints_3d": []
        }
    ]
}