{
    "version": 1.3,
    "people": [
        {
            "person_id": [
                -1
            ],
            "pose_keypoints_2d": [
                0,
                0,
                0,
                340.932,
                150.141,
                0.858991,
                358.524,
                150.178,
                0.810173,
                370.235,
                178.528,
                0.744981,
                363.366,
                191.22,
                0.155883,
                324.276,
                149.185,
                0.827112,
                316.474,
                170.725,
                0.803395,
                316.496,
                198.083,
                0.857613,
                347.723,
                198.073,
                0.726503,
                357.557,
                197.114,
                0.683993,
                364.384,
                247.034,
                0.873597,
                380.077,
                291.034,
                0.798733,
                334.066,
                198.107,
                0.695869,
                325.278,
                240.192,
                0.844869,
                338.936,
                278.279,
                0.823827,
                0,
                0,
                0,
                0,
                0,
                0,
                343.851,
                129.596,
                0.487319,
                327.216,
                129.587,
                0.863534,
                335.062,
                299.848,
                0.681472,
                333.073,
                296.902,
                0.672069,
                341.905,
                280.27,
                0.739626,
                377.103,
                309.578,
                0.745093,
                380.042,
                308.603,
                0.670944,
                382.967,
                294.93,
                0.651003
            ],
            "face_keypoints_2d": [
                0,
                0,
                0,
                0,
                0,
                0,
                0,
                0,
                0,
                0,
                0,
                0,
                0,
                0,
                0,
                0,
                0,
                0,
                0,
                0,
                0,
                0,
                0,
                0,
                0,
                0,
                0,
                0,
                0,
                0,
                0,
                0,
                0,
                0,
                0,
                0,
                0,
                0,
                0,
                0,
                0,
                0,
                0,
                0,
                0,
                0,
                0,
                0,
                0,
                0,
                0,
                0,
                0,
                0,
                0,
                0,
                0,
                0,
                0,
                0,
                0,
                0,
                0,
                0,
                0,
                0,
                0,
                0,
                0,
                0,
                0,
                0,
                0,
                0,
                0,
                0,
                0,
                0,
                0,
                0,
                0,
                0,
                0,
                0,
                0,
                0,
                0,
                0,
                0,
                0,
                0,
                0,
                0,
                0,
                0,
                0,
                0,
                0,
                0,
                0,
                0,
                0,
                0,
                0,
                0,
                0,
                0,
                0,
                0,
                0,
                0,
                0,
                0,
                0,
                0,
                0,
                0,
                0,
                0,
                0,
                0,
                0,
                0,
                0,
                0,
                0,
                0,
                0,
                0,
                0,
                0,
                0,
                0,
                0,
                0,
                0,
                0,
                0,
                0,
                0,
                0,
                0,
                0,
                0,
                0,
                0,
                0,
                0,
                0,
                0,
                0,
                0,
                0,
                0,
                0,
                0,
                0,
                0,
                0,
                0,
                0,
                0,
                0,
                0,
                0,
                0,
                0,
                0,
                0,
                0,
                0,
                0,
                0,
                0,
                0,
                0,
                0,
                0,
                0,
                0,
                0,
                0,
                0,
                0,
                0,
                0,
                0,
                0,
                0,
                0,
                0,
                0,
                0,
                0,
                0,
                0,
                0,
                0,
                0,
                0,
                0,
                0,
                0,
                0,
                0,
                0,
                0,
                0,
                0,
                0
            ],
            "hand_left_keypoints_2d": [
                317.842,
                193.506,
                0.0150371,
                313.715,
                209.23,
                0.0291144,
                315.946,
                208.004,
                0.0510221,
                320.183,
                210.903,
                0.0471218,
                320.852,
                210.903,
                0.0247334,
                316.949,
                208.004,
                0.0181684,
                324.421,
                197.856,
                0.0420549,
                325.09,
                196.629,
                0.0321447,
                322.414,
                210.903,
                0.0115911,
                320.852,
                210.457,
                0.0105396,
                323.863,
                210.234,
                0.0195665,
                325.759,
                208.561,
                0.0136007,
                322.414,
                205.662,
                0.00778629,
                320.518,
                209.788,
                0.00910887,
                323.863,
                210.011,
                0.0107586,
                324.756,
                208.004,
                0.00963336,
                325.871,
                214.471,
                0.00699606,
                316.503,
                207.334,
                0.0118006,
                316.392,
                207.334,
                0.015558,
                325.759,
                215.364,
                0.00966401,
                325.871,
                215.141,
                0.00797419
            ],
            "hand_right_keypoints_2d": [
                354.686,
                187.869,
                0.0135165,
                365.939,
                183.368,
                0.015829,
                366.951,
                184.381,
                0.0204097,
                366.051,
                190.457,
                0.0160856,
                368.527,
                187.869,
                0.00943778,
                368.302,
                186.519,
                0.0199143,
                365.488,
                191.132,
                0.0139382,
                365.826,
                191.245,
                0.0100686,
                368.864,
                188.319,
                0.00911695,
                365.826,
                191.357,
                0.00925849,
                364.476,
                191.132,
                0.00939616,
                364.251,
                191.357,
                0.00991599,
                364.138,
                191.357,
                0.00554064,
                365.826,
                191.357,
                0.00869024,
                365.826,
                191.357,
                0.00754027,
                365.488,
                191.245,
                0.00994632,
                364.926,
                191.245,
                0.00698545,
                365.714,
                191.47,
                0.00944729,
                365.939,
                191.245,
                0.00984125,
                365.714,
                191.245,
                0.00985747,
                368.752,
                187.981,
                0.0073148
            ],
            "pose_keypoints_3d": [],
            "face_keypoints_3d": [],
            "hand_left_keypoints_3d": [],
            "hand_right_keypoints_3d": []
        }
    ]
}