{
    "version": 1.3,
    "people": [
        {
            "person_id": [
                -1
            ],
            "pose_keypoints_2d": [
                0,
                0,
                0,
                420.167,
                106.169,
                0.87112,
                442.687,
                107.134,
                0.790339,
                457.265,
                158.933,
                0.820021,
                449.48,
                186.367,
                0.444797,
                396.657,
                106.123,
                0.827374,
                393.745,
                147.236,
                0.83305,
                387.874,
                191.287,
                0.82884,
                426.976,
                184.42,
                0.633787,
                441.701,
                184.391,
                0.62377,
                449.525,
                260.667,
                0.810913,
                457.293,
                329.17,
                0.736977,
                411.34,
                185.395,
                0.628141,
                388.851,
                246.007,
                0.841305,
                393.72,
                309.61,
                0.815432,
                0,
                0,
                0,
                397.645,
                76.7927,
                0.189113,
                425.053,
                81.6444,
                0.258823,
                403.546,
                77.7688,
                0.875839,
                374.167,
                315.492,
                0.735254,
                379.063,
                316.498,
                0.781636,
                395.737,
                316.491,
                0.818599,
                433.797,
                332.139,
                0.728363,
                434.835,
                332.078,
                0.650293,
                459.3,
                336.998,
                0.657065
            ],
            "face_keypoints_2d": [
                0,
                0,
                0,
                0,
                0,
                0,
                0,
                0,
                0,
                0,
                0,
                0,
                0,
                0,
                0,
                0,
                0,
                0,
                0,
                0,
                0,
                0,
                0,
                0,
                0,
                0,
                0,
                0,
                0,
                0,
                0,
                0,
                0,
                0,
                0,
                0,
                0,
                0,
                0,
                0,
                0,
                0,
                0,
                0,
                0,
                0,
                0,
                0,
                0,
                0,
                0,
                0,
                0,
                0,
                0,
                0,
                0,
                0,
                0,
                0,
                0,
                0,
                0,
                0,
                0,
                0,
                0,
                0,
                0,
                0,
                0,
                0,
                0,
                0,
                0,
                0,
                0,
                0,
                0,
                0,
                0,
                0,
                0,
                0,
                0,
                0,
                0,
                0,
                0,
                0,
                0,
                0,
                0,
                0,
                0,
                0,
                0,
                0,
                0,
                0,
                0,
                0,
                0,
                0,
                0,
                0,
                0,
                0,
                0,
                0,
                0,
                0,
                0,
                0,
                0,
                0,
                0,
                0,
                0,
                0,
                0,
                0,
                0,
                0,
                0,
                0,
                0,
                0,
                0,
                0,
                0,
                0,
                0,
                0,
                0,
                0,
                0,
                0,
                0,
                0,
                0,
                0,
                0,
                0,
                0,
                0,
                0,
                0,
                0,
                0,
                0,
                0,
                0,
                0,
                0,
                0,
                0,
                0,
                0,
                0,
                0,
                0,
                0,
                0,
                0,
                0,
                0,
                0,
                0,
                0,
                0,
                0,
                0,
                0,
                0,
                0,
                0,
                0,
                0,
                0,
                0,
                0,
                0,
                0,
                0,
                0,
                0,
                0,
                0,
                0,
                0,
                0,
                0,
                0,
                0,
                0,
                0,
                0,
                0,
                0,
                0,
                0,
                0,
                0,
                0,
                0,
                0,
                0,
                0,
                0
            ],
            "hand_left_keypoints_2d": [
                389.559,
                202.201,
                0.0726884,
                382.494,
                210.172,
                0.0222858,
                373.799,
                209.991,
                0.0218592,
                366.735,
                215.244,
                0.024672,
                394.269,
                221.222,
                0.0306232,
                389.921,
                216.15,
                0.0204879,
                359.308,
                212.165,
                0.024391,
                359.308,
                217.961,
                0.0543449,
                359.127,
                221.946,
                0.0387263,
                388.11,
                217.418,
                0.0112388,
                388.291,
                217.78,
                0.0188508,
                391.733,
                221.765,
                0.0228904,
                359.127,
                222.128,
                0.0252699,
                359.308,
                219.41,
                0.0130841,
                387.929,
                217.78,
                0.0157889,
                364.199,
                218.142,
                0.0174336,
                359.489,
                222.309,
                0.0233947,
                392.639,
                220.316,
                0.00999771,
                363.655,
                216.512,
                0.0131554,
                367.278,
                216.331,
                0.0262778,
                359.308,
                222.128,
                0.0202828
            ],
            "hand_right_keypoints_2d": [
                441.779,
                189.893,
                0.041277,
                443.358,
                193.841,
                0.0335498,
                446.122,
                194.236,
                0.0186077,
                434.87,
                199.171,
                0.0174717,
                436.449,
                203.317,
                0.0146084,
                438.818,
                207.067,
                0.0267555,
                439.607,
                208.449,
                0.0262329,
                452.241,
                210.226,
                0.0298523,
                454.018,
                215.161,
                0.0187543,
                456.19,
                197.395,
                0.0261641,
                458.558,
                200.356,
                0.023878,
                452.834,
                209.436,
                0.0228013,
                457.177,
                194.631,
                0.013462,
                456.584,
                197.395,
                0.0157798,
                460.138,
                199.961,
                0.0172148,
                461.717,
                195.223,
                0.0142766,
                458.756,
                194.631,
                0.00960007,
                452.636,
                213.977,
                0.0150834,
                466.652,
                197.197,
                0.0156398,
                465.27,
                195.421,
                0.0172437,
                465.073,
                195.618,
                0.0119532
            ],
            "pose_keypoints_3d": [],
            "face_keypoints_3d": [],
            "hand_left_keypoints_3d": [],
            "hand_right_keypoints_3d": []
        }
    ]
}