{
    "version": 1.3,
    "people": [
        {
            "person_id": [
                -1
            ],
            "pose_keypoints_2d": [
                313.542,
                184.454,
                0.112353,
                308.585,
                192.265,
                0.759762,
                302.772,
                192.212,
                0.846094,
                300.799,
                204.934,
                0.860179,
                309.602,
                207.9,
                0.838173,
                310.578,
                192.281,
                0.713494,
                312.565,
                205.89,
                0.144942,
                317.467,
                209.832,
                0.149974,
                308.583,
                214.68,
                0.864644,
                303.751,
                214.672,
                0.834871,
                303.735,
                230.394,
                0.823274,
                294.96,
                246.986,
                0.694893,
                309.624,
                214.675,
                0.844875,
                310.591,
                230.415,
                0.785515,
                314.48,
                246.995,
                0.729944,
                311.592,
                184.379,
                0.102791,
                0,
                0,
                0,
                308.636,
                184.385,
                0.305493,
                0,
                0,
                0,
                317.439,
                247.986,
                0.55625,
                317.46,
                247.037,
                0.583187,
                310.62,
                247.981,
                0.559042,
                300.806,
                248.95,
                0.425815,
                295.93,
                247.998,
                0.436105,
                294.92,
                247.023,
                0.573882
            ],
            "face_keypoints_2d": [
                0,
                0,
                0,
                0,
                0,
                0,
                0,
                0,
                0,
                0,
                0,
                0,
                0,
                0,
                0,
                0,
                0,
                0,
                0,
                0,
                0,
                0,
                0,
                0,
                0,
                0,
                0,
                0,
                0,
                0,
                0,
                0,
                0,
                0,
                0,
                0,
                0,
                0,
                0,
                0,
                0,
                0,
                0,
                0,
                0,
                0,
                0,
                0,
                0,
                0,
                0,
                0,
                0,
                0,
                0,
                0,
                0,
                0,
                0,
                0,
                0,
                0,
                0,
                0,
                0,
                0,
                0,
                0,
                0,
                0,
                0,
                0,
                0,
                0,
                0,
                0,
                0,
                0,
                0,
                0,
                0,
                0,
                0,
                0,
                0,
                0,
                0,
                0,
                0,
                0,
                0,
                0,
                0,
                0,
                0,
                0,
                0,
                0,
                0,
                0,
                0,
                0,
                0,
                0,
                0,
                0,
                0,
                0,
                0,
                0,
                0,
                0,
                0,
                0,
                0,
                0,
                0,
                0,
                0,
                0,
                0,
                0,
                0,
                0,
                0,
                0,
                0,
                0,
                0,
                0,
                0,
                0,
                0,
                0,
                0,
                0,
                0,
                0,
                0,
                0,
                0,
                0,
                0,
                0,
                0,
                0,
                0,
                0,
                0,
                0,
                0,
                0,
                0,
                0,
                0,
                0,
                0,
                0,
                0,
                0,
                0,
                0,
                0,
                0,
                0,
                0,
                0,
                0,
                0,
                0,
                0,
                0,
                0,
                0,
                0,
                0,
                0,
                0,
                0,
                0,
                0,
                0,
                0,
                0,
                0,
                0,
                0,
                0,
                0,
                0,
                0,
                0,
                0,
                0,
                0,
                0,
                0,
                0,
                0,
                0,
                0,
                0,
                0,
                0,
                0,
                0,
                0,
                0,
                0,
                0
            ],
            "hand_left_keypoints_2d": [
                318.529,
                213.05,
                0.0108583,
                318.176,
                212.646,
                0.0160362,
                316.915,
                210.124,
                0.0134131,
                316.511,
                210.275,
                0.0129724,
                314.947,
                211.637,
                0.00771002,
                316.915,
                210.628,
                0.0121172,
                319.185,
                210.124,
                0.0118674,
                319.236,
                210.931,
                0.00876606,
                322.061,
                212.293,
                0.00532619,
                319.286,
                210.578,
                0.016144,
                319.387,
                210.527,
                0.0144858,
                319.286,
                210.931,
                0.00839614,
                321.557,
                212.899,
                0.00440111,
                319.286,
                211.032,
                0.0226385,
                319.387,
                211.082,
                0.0154557,
                319.084,
                211.637,
                0.0106672,
                321.153,
                213.252,
                0.00734081,
                319.236,
                211.385,
                0.0146262,
                318.63,
                212.545,
                0.0112535,
                321.002,
                212.899,
                0.00921053,
                321.203,
                213.252,
                0.00755676
            ],
            "hand_right_keypoints_2d": [
                311.705,
                210.957,
                0.0101926,
                311.468,
                210.39,
                0.017373,
                313.83,
                209.068,
                0.0133912,
                314.208,
                208.926,
                0.0133861,
                316.05,
                209.823,
                0.00865967,
                313.641,
                209.304,
                0.0152281,
                313.405,
                209.304,
                0.0127145,
                312.602,
                210.673,
                0.00936714,
                312.744,
                211.004,
                0.00561036,
                312.885,
                209.54,
                0.0125659,
                313.31,
                209.398,
                0.0122676,
                313.121,
                210.532,
                0.00771476,
                310.76,
                211.382,
                0.00418851,
                312.791,
                209.54,
                0.0131204,
                313.263,
                210.485,
                0.0118716,
                310.949,
                211.24,
                0.00886592,
                310.855,
                211.429,
                0.00525561,
                312.696,
                210.248,
                0.0116712,
                310.571,
                211.051,
                0.00813425,
                310.713,
                211.335,
                0.00772944,
                310.713,
                211.476,
                0.00524772
            ],
            "pose_keypoints_3d": [],
            "face_keypoints_3d": [],
            "hand_left_keypoints_3d": [],
            "hand_right_keypoints_3d": []
        }
    ]
}