{
    "version": 1.3,
    "people": [
        {
            "person_id": [
                -1
            ],
            "pose_keypoints_2d": [
                313.527,
                190.26,
                0.596666,
                308.671,
                195.149,
                0.846867,
                303.744,
                193.245,
                0.825744,
                300.844,
                205.886,
                0.871077,
                310.601,
                207.894,
                0.833801,
                313.522,
                196.133,
                0.769099,
                316.496,
                205.92,
                0.648581,
                320.354,
                208.884,
                0.506172,
                309.586,
                214.753,
                0.907843,
                307.614,
                214.743,
                0.871765,
                307.652,
                230.387,
                0.865774,
                299.811,
                245.979,
                0.743122,
                312.564,
                214.763,
                0.817995,
                314.51,
                231.341,
                0.827334,
                316.428,
                246.972,
                0.855976,
                310.614,
                187.353,
                0.578221,
                314.495,
                188.302,
                0.408995,
                308.616,
                188.316,
                0.640008,
                0,
                0,
                0,
                318.405,
                247.992,
                0.59632,
                318.446,
                247.047,
                0.641529,
                314.492,
                247.034,
                0.627439,
                301.757,
                247.043,
                0.556192,
                298.841,
                247.002,
                0.56497,
                296.914,
                246.024,
                0.61462
            ],
            "face_keypoints_2d": [
                0,
                0,
                0,
                0,
                0,
                0,
                0,
                0,
                0,
                0,
                0,
                0,
                0,
                0,
                0,
                0,
                0,
                0,
                0,
                0,
                0,
                0,
                0,
                0,
                0,
                0,
                0,
                0,
                0,
                0,
                0,
                0,
                0,
                0,
                0,
                0,
                0,
                0,
                0,
                0,
                0,
                0,
                0,
                0,
                0,
                0,
                0,
                0,
                0,
                0,
                0,
                0,
                0,
                0,
                0,
                0,
                0,
                0,
                0,
                0,
                0,
                0,
                0,
                0,
                0,
                0,
                0,
                0,
                0,
                0,
                0,
                0,
                0,
                0,
                0,
                0,
                0,
                0,
                0,
                0,
                0,
                0,
                0,
                0,
                0,
                0,
                0,
                0,
                0,
                0,
                0,
                0,
                0,
                0,
                0,
                0,
                0,
                0,
                0,
                0,
                0,
                0,
                0,
                0,
                0,
                0,
                0,
                0,
                0,
                0,
                0,
                0,
                0,
                0,
                0,
                0,
                0,
                0,
                0,
                0,
                0,
                0,
                0,
                0,
                0,
                0,
                0,
                0,
                0,
                0,
                0,
                0,
                0,
                0,
                0,
                0,
                0,
                0,
                0,
                0,
                0,
                0,
                0,
                0,
                0,
                0,
                0,
                0,
                0,
                0,
                0,
                0,
                0,
                0,
                0,
                0,
                0,
                0,
                0,
                0,
                0,
                0,
                0,
                0,
                0,
                0,
                0,
                0,
                0,
                0,
                0,
                0,
                0,
                0,
                0,
                0,
                0,
                0,
                0,
                0,
                0,
                0,
                0,
                0,
                0,
                0,
                0,
                0,
                0,
                0,
                0,
                0,
                0,
                0,
                0,
                0,
                0,
                0,
                0,
                0,
                0,
                0,
                0,
                0,
                0,
                0,
                0,
                0,
                0,
                0
            ],
            "hand_left_keypoints_2d": [
                322.228,
                212.301,
                0.00897833,
                322.978,
                211.663,
                0.0130261,
                320.089,
                208.886,
                0.0112785,
                320.014,
                208.886,
                0.0105172,
                318.625,
                212.076,
                0.0065493,
                320.576,
                209.974,
                0.0127813,
                320.239,
                209.974,
                0.0150743,
                320.464,
                210.049,
                0.00948465,
                321.139,
                210.687,
                0.00436233,
                321.102,
                210.199,
                0.0257807,
                320.877,
                210.312,
                0.0208282,
                321.102,
                210.575,
                0.0100609,
                323.016,
                211.926,
                0.0033029,
                321.515,
                210.575,
                0.033471,
                321.214,
                210.762,
                0.0204632,
                321.214,
                210.912,
                0.0126872,
                322.941,
                211.963,
                0.00766223,
                321.74,
                210.875,
                0.0171158,
                321.214,
                211.963,
                0.0127658,
                321.44,
                211.288,
                0.0102771,
                322.866,
                212.038,
                0.0086541
            ],
            "hand_right_keypoints_2d": [
                313.821,
                205.606,
                0.012254,
                315.439,
                207.795,
                0.0111511,
                315.534,
                208.271,
                0.0105404,
                315.391,
                208.366,
                0.010226,
                317.532,
                210.126,
                0.00711781,
                315.201,
                208.08,
                0.0118775,
                314.725,
                208.508,
                0.0112717,
                314.82,
                208.604,
                0.0079417,
                315.248,
                211.363,
                0.00450137,
                315.248,
                208.271,
                0.00822748,
                313.868,
                209.412,
                0.0078639,
                314.297,
                209.603,
                0.00587255,
                315.058,
                211.316,
                0.00228767,
                315.439,
                208.271,
                0.00776793,
                316.247,
                209.032,
                0.00827458,
                314.344,
                210.126,
                0.00698454,
                314.725,
                210.935,
                0.00318564,
                315.772,
                208.413,
                0.00896703,
                316.485,
                208.889,
                0.00751264,
                313.868,
                209.65,
                0.00621408,
                314.534,
                211.22,
                0.00337654
            ],
            "pose_keypoints_3d": [],
            "face_keypoints_3d": [],
            "hand_left_keypoints_3d": [],
            "hand_right_keypoints_3d": []
        }
    ]
}