{
    "version": 1.3,
    "people": [
        {
            "person_id": [
                -1
            ],
            "pose_keypoints_2d": [
                0,
                0,
                0,
                376.117,
                116.917,
                0.803605,
                397.671,
                115.918,
                0.779097,
                414.297,
                154.06,
                0.797228,
                418.185,
                191.276,
                0.857198,
                351.69,
                119.822,
                0.788742,
                348.713,
                158.951,
                0.844592,
                348.704,
                199.079,
                0.842274,
                386.882,
                183.421,
                0.630337,
                400.586,
                180.492,
                0.588541,
                402.536,
                246.034,
                0.90476,
                423.088,
                292.967,
                0.773026,
                372.243,
                184.41,
                0.624728,
                376.13,
                246.988,
                0.811299,
                387.92,
                308.609,
                0.83541,
                0,
                0,
                0,
                354.598,
                94.4226,
                0.0591851,
                379.039,
                92.4732,
                0.562247,
                359.485,
                92.4758,
                0.818929,
                373.213,
                319.392,
                0.697316,
                378.064,
                319.379,
                0.764959,
                394.693,
                313.525,
                0.797837,
                419.173,
                316.493,
                0.821606,
                422.115,
                315.496,
                0.664653,
                427.007,
                294.964,
                0.628251
            ],
            "face_keypoints_2d": [
                0,
                0,
                0,
                0,
                0,
                0,
                0,
                0,
                0,
                0,
                0,
                0,
                0,
                0,
                0,
                0,
                0,
                0,
                0,
                0,
                0,
                0,
                0,
                0,
                0,
                0,
                0,
                0,
                0,
                0,
                0,
                0,
                0,
                0,
                0,
                0,
                0,
                0,
                0,
                0,
                0,
                0,
                0,
                0,
                0,
                0,
                0,
                0,
                0,
                0,
                0,
                0,
                0,
                0,
                0,
                0,
                0,
                0,
                0,
                0,
                0,
                0,
                0,
                0,
                0,
                0,
                0,
                0,
                0,
                0,
                0,
                0,
                0,
                0,
                0,
                0,
                0,
                0,
                0,
                0,
                0,
                0,
                0,
                0,
                0,
                0,
                0,
                0,
                0,
                0,
                0,
                0,
                0,
                0,
                0,
                0,
                0,
                0,
                0,
                0,
                0,
                0,
                0,
                0,
                0,
                0,
                0,
                0,
                0,
                0,
                0,
                0,
                0,
                0,
                0,
                0,
                0,
                0,
                0,
                0,
                0,
                0,
                0,
                0,
                0,
                0,
                0,
                0,
                0,
                0,
                0,
                0,
                0,
                0,
                0,
                0,
                0,
                0,
                0,
                0,
                0,
                0,
                0,
                0,
                0,
                0,
                0,
                0,
                0,
                0,
                0,
                0,
                0,
                0,
                0,
                0,
                0,
                0,
                0,
                0,
                0,
                0,
                0,
                0,
                0,
                0,
                0,
                0,
                0,
                0,
                0,
                0,
                0,
                0,
                0,
                0,
                0,
                0,
                0,
                0,
                0,
                0,
                0,
                0,
                0,
                0,
                0,
                0,
                0,
                0,
                0,
                0,
                0,
                0,
                0,
                0,
                0,
                0,
                0,
                0,
                0,
                0,
                0,
                0,
                0,
                0,
                0,
                0,
                0,
                0
            ],
            "hand_left_keypoints_2d": [
                352.463,
                195.147,
                0.0491433,
                349.355,
                201.199,
                0.0351511,
                350.173,
                198.582,
                0.017538,
                357.207,
                208.887,
                0.0208828,
                357.207,
                213.303,
                0.0157715,
                353.281,
                213.14,
                0.0335483,
                357.697,
                211.013,
                0.0322702,
                357.37,
                211.995,
                0.0448321,
                358.515,
                212.813,
                0.0151611,
                353.281,
                213.794,
                0.0144524,
                356.062,
                214.285,
                0.0147799,
                358.352,
                216.902,
                0.0138836,
                357.37,
                217.883,
                0.0134534,
                351.155,
                210.196,
                0.0106044,
                356.716,
                216.411,
                0.0111349,
                357.534,
                217.72,
                0.010478,
                357.534,
                218.374,
                0.0114519,
                350.5,
                209.868,
                0.0107139,
                358.679,
                210.359,
                0.0107679,
                358.679,
                210.686,
                0.0101302,
                358.842,
                220.664,
                0.00883728
            ],
            "hand_right_keypoints_2d": [
                416.567,
                200.352,
                0.0533384,
                419.925,
                199.589,
                0.035915,
                421.147,
                199.131,
                0.0792077,
                420.231,
                199.131,
                0.024754,
                414.278,
                217.6,
                0.00951724,
                420.536,
                199.284,
                0.071653,
                421.452,
                208.9,
                0.0284027,
                421.147,
                210.121,
                0.0306064,
                418.552,
                209.358,
                0.0114798,
                417.636,
                204.168,
                0.0128232,
                419.468,
                209.968,
                0.0250788,
                417.636,
                211.037,
                0.0246937,
                417.025,
                210.274,
                0.0114483,
                417.483,
                204.474,
                0.0120637,
                417.941,
                211.342,
                0.0185888,
                417.636,
                211.495,
                0.0131899,
                413.82,
                209.663,
                0.00929589,
                409.241,
                210.884,
                0.0215834,
                409.546,
                211.495,
                0.0103533,
                409.546,
                211.037,
                0.00944801,
                410.462,
                204.474,
                0.00842306
            ],
            "pose_keypoints_3d": [],
            "face_keypoints_3d": [],
            "hand_left_keypoints_3d": [],
            "hand_right_keypoints_3d": []
        }
    ]
}