{
    "version": 1.3,
    "people": [
        {
            "person_id": [
                -1
            ],
            "pose_keypoints_2d": [
                0,
                0,
                0,
                428.945,
                104.188,
                0.820312,
                453.421,
                105.161,
                0.772867,
                462.213,
                155.074,
                0.723575,
                458.28,
                192.214,
                0.636044,
                403.535,
                103.221,
                0.778739,
                395.723,
                151.126,
                0.859289,
                390.798,
                192.223,
                0.797772,
                433.852,
                183.399,
                0.639149,
                449.457,
                182.45,
                0.615026,
                451.448,
                262.652,
                0.831886,
                452.433,
                332.069,
                0.752973,
                418.231,
                183.414,
                0.615738,
                392.764,
                245.02,
                0.80766,
                419.195,
                305.701,
                0.795612,
                0,
                0,
                0,
                405.499,
                69.9566,
                0.15634,
                434.786,
                73.8949,
                0.304838,
                412.304,
                72.8812,
                0.885276,
                404.502,
                324.292,
                0.736194,
                410.32,
                323.322,
                0.745189,
                426.987,
                309.61,
                0.801525,
                430.911,
                333.084,
                0.608014,
                433.864,
                332.143,
                0.555549,
                457.33,
                339.894,
                0.696396
            ],
            "face_keypoints_2d": [
                0,
                0,
                0,
                0,
                0,
                0,
                0,
                0,
                0,
                0,
                0,
                0,
                0,
                0,
                0,
                0,
                0,
                0,
                0,
                0,
                0,
                0,
                0,
                0,
                0,
                0,
                0,
                0,
                0,
                0,
                0,
                0,
                0,
                0,
                0,
                0,
                0,
                0,
                0,
                0,
                0,
                0,
                0,
                0,
                0,
                0,
                0,
                0,
                0,
                0,
                0,
                0,
                0,
                0,
                0,
                0,
                0,
                0,
                0,
                0,
                0,
                0,
                0,
                0,
                0,
                0,
                0,
                0,
                0,
                0,
                0,
                0,
                0,
                0,
                0,
                0,
                0,
                0,
                0,
                0,
                0,
                0,
                0,
                0,
                0,
                0,
                0,
                0,
                0,
                0,
                0,
                0,
                0,
                0,
                0,
                0,
                0,
                0,
                0,
                0,
                0,
                0,
                0,
                0,
                0,
                0,
                0,
                0,
                0,
                0,
                0,
                0,
                0,
                0,
                0,
                0,
                0,
                0,
                0,
                0,
                0,
                0,
                0,
                0,
                0,
                0,
                0,
                0,
                0,
                0,
                0,
                0,
                0,
                0,
                0,
                0,
                0,
                0,
                0,
                0,
                0,
                0,
                0,
                0,
                0,
                0,
                0,
                0,
                0,
                0,
                0,
                0,
                0,
                0,
                0,
                0,
                0,
                0,
                0,
                0,
                0,
                0,
                0,
                0,
                0,
                0,
                0,
                0,
                0,
                0,
                0,
                0,
                0,
                0,
                0,
                0,
                0,
                0,
                0,
                0,
                0,
                0,
                0,
                0,
                0,
                0,
                0,
                0,
                0,
                0,
                0,
                0,
                0,
                0,
                0,
                0,
                0,
                0,
                0,
                0,
                0,
                0,
                0,
                0,
                0,
                0,
                0,
                0,
                0,
                0
            ],
            "hand_left_keypoints_2d": [
                390.063,
                202.047,
                0.0494153,
                390.063,
                199.02,
                0.0294911,
                390.063,
                210.771,
                0.0228842,
                388.104,
                222.523,
                0.0618899,
                387.214,
                223.235,
                0.0402462,
                393.624,
                207.566,
                0.0258799,
                388.46,
                221.277,
                0.0326044,
                390.775,
                222.167,
                0.102204,
                393.268,
                226.084,
                0.147889,
                392.377,
                206.676,
                0.0145493,
                392.555,
                212.908,
                0.0282109,
                390.063,
                221.811,
                0.0586885,
                392.021,
                224.838,
                0.0311073,
                387.214,
                202.581,
                0.0157719,
                387.214,
                211.84,
                0.0271938,
                390.063,
                220.208,
                0.0502883,
                392.912,
                225.906,
                0.0280519,
                387.214,
                204.895,
                0.0207265,
                385.433,
                210.949,
                0.0250967,
                384.721,
                214.154,
                0.0343067,
                385.789,
                217.894,
                0.025656
            ],
            "hand_right_keypoints_2d": [
                449.36,
                191.641,
                0.0312156,
                461.816,
                195.917,
                0.0344971,
                455.681,
                199.078,
                0.0187987,
                464.605,
                197.405,
                0.0186801,
                442.852,
                203.726,
                0.022509,
                443.038,
                210.977,
                0.0176336,
                441.923,
                210.977,
                0.0179157,
                438.576,
                209.304,
                0.0179892,
                439.134,
                211.535,
                0.0101108,
                444.526,
                210.605,
                0.0109904,
                444.154,
                212.279,
                0.0166146,
                439.878,
                211.907,
                0.0133112,
                439.506,
                212.093,
                0.00908285,
                444.897,
                210.791,
                0.00880643,
                444.897,
                212.279,
                0.0106898,
                440.063,
                210.419,
                0.00882352,
                438.948,
                218.042,
                0.00722275,
                449.36,
                203.54,
                0.00900008,
                451.033,
                209.49,
                0.00867258,
                455.681,
                209.676,
                0.00760484,
                441.365,
                203.354,
                0.00603001
            ],
            "pose_keypoints_3d": [],
            "face_keypoints_3d": [],
            "hand_left_keypoints_3d": [],
            "hand_right_keypoints_3d": []
        }
    ]
}