{
    "version": 1.3,
    "people": [
        {
            "person_id": [
                -1
            ],
            "pose_keypoints_2d": [
                314.51,
                185.415,
                0.425016,
                309.629,
                192.184,
                0.86357,
                306.664,
                192.198,
                0.816251,
                301.793,
                201.027,
                0.773487,
                308.661,
                205.939,
                0.629898,
                315.468,
                191.292,
                0.805094,
                317.445,
                200.08,
                0.552481,
                320.371,
                207.848,
                0.427002,
                309.655,
                208.878,
                0.843354,
                308.588,
                208.888,
                0.840049,
                309.572,
                228.401,
                0.846125,
                300.789,
                244.069,
                0.709581,
                315.459,
                208.872,
                0.811144,
                315.475,
                228.435,
                0.784745,
                316.463,
                246.006,
                0.764705,
                311.585,
                184.433,
                0.424496,
                315.466,
                184.42,
                0.306147,
                309.573,
                185.378,
                0.510394,
                0,
                0,
                0,
                318.42,
                247.015,
                0.526776,
                319.387,
                246.976,
                0.566975,
                315.457,
                246.97,
                0.567481,
                301.794,
                247.052,
                0.562841,
                299.808,
                246.997,
                0.577646,
                299.821,
                245.057,
                0.584979
            ],
            "face_keypoints_2d": [
                0,
                0,
                0,
                0,
                0,
                0,
                0,
                0,
                0,
                0,
                0,
                0,
                0,
                0,
                0,
                0,
                0,
                0,
                0,
                0,
                0,
                0,
                0,
                0,
                0,
                0,
                0,
                0,
                0,
                0,
                0,
                0,
                0,
                0,
                0,
                0,
                0,
                0,
                0,
                0,
                0,
                0,
                0,
                0,
                0,
                0,
                0,
                0,
                0,
                0,
                0,
                0,
                0,
                0,
                0,
                0,
                0,
                0,
                0,
                0,
                0,
                0,
                0,
                0,
                0,
                0,
                0,
                0,
                0,
                0,
                0,
                0,
                0,
                0,
                0,
                0,
                0,
                0,
                0,
                0,
                0,
                0,
                0,
                0,
                0,
                0,
                0,
                0,
                0,
                0,
                0,
                0,
                0,
                0,
                0,
                0,
                0,
                0,
                0,
                0,
                0,
                0,
                0,
                0,
                0,
                0,
                0,
                0,
                0,
                0,
                0,
                0,
                0,
                0,
                0,
                0,
                0,
                0,
                0,
                0,
                0,
                0,
                0,
                0,
                0,
                0,
                0,
                0,
                0,
                0,
                0,
                0,
                0,
                0,
                0,
                0,
                0,
                0,
                0,
                0,
                0,
                0,
                0,
                0,
                0,
                0,
                0,
                0,
                0,
                0,
                0,
                0,
                0,
                0,
                0,
                0,
                0,
                0,
                0,
                0,
                0,
                0,
                0,
                0,
                0,
                0,
                0,
                0,
                0,
                0,
                0,
                0,
                0,
                0,
                0,
                0,
                0,
                0,
                0,
                0,
                0,
                0,
                0,
                0,
                0,
                0,
                0,
                0,
                0,
                0,
                0,
                0,
                0,
                0,
                0,
                0,
                0,
                0,
                0,
                0,
                0,
                0,
                0,
                0,
                0,
                0,
                0,
                0,
                0,
                0
            ],
            "hand_left_keypoints_2d": [
                321.81,
                212.374,
                0.0114138,
                322.148,
                212.104,
                0.0162503,
                319.814,
                209.972,
                0.0131063,
                319.679,
                210.006,
                0.0123868,
                318.393,
                211.156,
                0.00691758,
                320.288,
                210.344,
                0.0122315,
                319.645,
                210.547,
                0.0125772,
                320.355,
                210.547,
                0.00908013,
                320.964,
                211.292,
                0.00426413,
                321.235,
                210.344,
                0.0202154,
                320.626,
                210.75,
                0.0142093,
                320.897,
                210.987,
                0.00859786,
                322.318,
                212.239,
                0.0041769,
                321.167,
                210.852,
                0.0287516,
                321.066,
                211.224,
                0.0167391,
                321.235,
                211.156,
                0.0111522,
                322.521,
                211.968,
                0.00733803,
                321.336,
                211.089,
                0.0164465,
                320.964,
                211.934,
                0.0117292,
                322.216,
                211.596,
                0.00959627,
                322.521,
                211.901,
                0.00772097
            ],
            "hand_right_keypoints_2d": [
                312.482,
                208.485,
                0.00960464,
                310.299,
                209.742,
                0.0119461,
                312.519,
                208.004,
                0.0126143,
                312.556,
                207.967,
                0.0118135,
                313.147,
                205.932,
                0.00622679,
                312.186,
                208.3,
                0.0125427,
                312.223,
                208.337,
                0.013991,
                312.112,
                208.522,
                0.00917944,
                311.557,
                209.335,
                0.00461066,
                311.52,
                208.448,
                0.0143563,
                312.112,
                208.337,
                0.0157775,
                311.594,
                209.002,
                0.00839642,
                311.52,
                209.335,
                0.00298446,
                311.446,
                208.67,
                0.0179087,
                311.372,
                209.039,
                0.0153051,
                310.965,
                209.261,
                0.010029,
                310.188,
                209.742,
                0.00512769,
                311.261,
                209.002,
                0.0132314,
                311.15,
                209.261,
                0.00933564,
                310.299,
                209.557,
                0.00857781,
                310.151,
                209.89,
                0.00577158
            ],
            "pose_keypoints_3d": [],
            "face_keypoints_3d": [],
            "hand_left_keypoints_3d": [],
            "hand_right_keypoints_3d": []
        }
    ]
}