{
    "version": 1.3,
    "people": [
        {
            "person_id": [
                -1
            ],
            "pose_keypoints_2d": [
                0,
                0,
                0,
                379.07,
                118.851,
                0.86392,
                402.544,
                117.866,
                0.807883,
                418.144,
                153.119,
                0.839187,
                419.164,
                192.261,
                0.84262,
                355.586,
                118.881,
                0.821741,
                353.614,
                159.949,
                0.82916,
                352.633,
                193.243,
                0.773226,
                387.888,
                184.382,
                0.671199,
                402.54,
                182.431,
                0.652676,
                408.412,
                246.036,
                0.848857,
                432.884,
                292.947,
                0.770739,
                374.177,
                185.38,
                0.619015,
                378.099,
                248.977,
                0.79429,
                387.909,
                310.612,
                0.816138,
                0,
                0,
                0,
                357.55,
                95.3866,
                0.133206,
                380.083,
                92.4521,
                0.435999,
                363.391,
                93.4271,
                0.861269,
                371.261,
                319.409,
                0.761189,
                374.18,
                321.365,
                0.769409,
                394.712,
                317.437,
                0.795801,
                431.897,
                317.47,
                0.727688,
                435.791,
                316.486,
                0.624377,
                436.775,
                293.999,
                0.570265
            ],
            "face_keypoints_2d": [
                0,
                0,
                0,
                0,
                0,
                0,
                0,
                0,
                0,
                0,
                0,
                0,
                0,
                0,
                0,
                0,
                0,
                0,
                0,
                0,
                0,
                0,
                0,
                0,
                0,
                0,
                0,
                0,
                0,
                0,
                0,
                0,
                0,
                0,
                0,
                0,
                0,
                0,
                0,
                0,
                0,
                0,
                0,
                0,
                0,
                0,
                0,
                0,
                0,
                0,
                0,
                0,
                0,
                0,
                0,
                0,
                0,
                0,
                0,
                0,
                0,
                0,
                0,
                0,
                0,
                0,
                0,
                0,
                0,
                0,
                0,
                0,
                0,
                0,
                0,
                0,
                0,
                0,
                0,
                0,
                0,
                0,
                0,
                0,
                0,
                0,
                0,
                0,
                0,
                0,
                0,
                0,
                0,
                0,
                0,
                0,
                0,
                0,
                0,
                0,
                0,
                0,
                0,
                0,
                0,
                0,
                0,
                0,
                0,
                0,
                0,
                0,
                0,
                0,
                0,
                0,
                0,
                0,
                0,
                0,
                0,
                0,
                0,
                0,
                0,
                0,
                0,
                0,
                0,
                0,
                0,
                0,
                0,
                0,
                0,
                0,
                0,
                0,
                0,
                0,
                0,
                0,
                0,
                0,
                0,
                0,
                0,
                0,
                0,
                0,
                0,
                0,
                0,
                0,
                0,
                0,
                0,
                0,
                0,
                0,
                0,
                0,
                0,
                0,
                0,
                0,
                0,
                0,
                0,
                0,
                0,
                0,
                0,
                0,
                0,
                0,
                0,
                0,
                0,
                0,
                0,
                0,
                0,
                0,
                0,
                0,
                0,
                0,
                0,
                0,
                0,
                0,
                0,
                0,
                0,
                0,
                0,
                0,
                0,
                0,
                0,
                0,
                0,
                0,
                0,
                0,
                0,
                0,
                0,
                0
            ],
            "hand_left_keypoints_2d": [
                353.366,
                190.655,
                0.0368909,
                357.891,
                197.443,
                0.031753,
                355.326,
                209.358,
                0.0182279,
                356.986,
                216.9,
                0.0153469,
                358.645,
                217.051,
                0.0111208,
                356.835,
                202.118,
                0.0225949,
                358.946,
                207.85,
                0.0231372,
                361.661,
                209.66,
                0.0354953,
                362.265,
                209.057,
                0.0134572,
                355.779,
                207.548,
                0.0143012,
                358.796,
                208.906,
                0.0243691,
                361.209,
                209.509,
                0.0231637,
                361.36,
                209.057,
                0.0121246,
                355.477,
                207.398,
                0.0154495,
                358.645,
                208.906,
                0.0159413,
                361.058,
                209.509,
                0.0128342,
                361.51,
                209.509,
                0.0105923,
                355.93,
                208.755,
                0.0120315,
                355.93,
                209.358,
                0.0101269,
                361.963,
                210.112,
                0.0104081,
                361.963,
                209.811,
                0.00927028
            ],
            "hand_right_keypoints_2d": [
                417.745,
                202.145,
                0.0646384,
                420.937,
                201.507,
                0.06612,
                421.416,
                200.549,
                0.0776977,
                421.576,
                211.242,
                0.0277265,
                423.97,
                212.998,
                0.0136499,
                421.097,
                200.868,
                0.0446576,
                427.641,
                210.285,
                0.0272757,
                419.98,
                211.881,
                0.0331017,
                423.97,
                215.551,
                0.0220133,
                424.129,
                208.369,
                0.0164562,
                427.481,
                209.806,
                0.0303517,
                418.863,
                211.561,
                0.0376724,
                424.927,
                213.796,
                0.0166296,
                422.853,
                213.157,
                0.0177848,
                428.119,
                212.679,
                0.0243051,
                428.119,
                214.115,
                0.0244553,
                424.289,
                215.232,
                0.0221302,
                422.693,
                216.03,
                0.0158778,
                416.149,
                213.157,
                0.017375,
                421.416,
                213.317,
                0.0330922,
                423.81,
                215.871,
                0.0302182
            ],
            "pose_keypoints_3d": [],
            "face_keypoints_3d": [],
            "hand_left_keypoints_3d": [],
            "hand_right_keypoints_3d": []
        }
    ]
}