{
    "version": 1.3,
    "people": [
        {
            "person_id": [
                -1
            ],
            "pose_keypoints_2d": [
                0,
                0,
                0,
                330.151,
                168.779,
                0.890347,
                341.899,
                168.775,
                0.912088,
                355.537,
                190.273,
                0.849131,
                363.399,
                206.904,
                0.889517,
                316.427,
                168.779,
                0.881967,
                307.658,
                188.321,
                0.773535,
                301.794,
                205.898,
                0.793619,
                326.26,
                205.901,
                0.784437,
                335.063,
                205.923,
                0.766839,
                333.137,
                232.322,
                0.725105,
                332.134,
                254.827,
                0.423932,
                318.412,
                204.949,
                0.766481,
                320.357,
                231.392,
                0.683481,
                324.271,
                253.851,
                0.430431,
                0,
                0,
                0,
                0,
                0,
                0,
                333.139,
                153.117,
                0.884686,
                323.263,
                156.025,
                0.825469,
                324.247,
                253.848,
                0.191407,
                324.264,
                253.846,
                0.222013,
                324.296,
                254.859,
                0.382734,
                334.097,
                254.867,
                0.228185,
                335.047,
                255.8,
                0.23421,
                332.115,
                255.817,
                0.35468
            ],
            "face_keypoints_2d": [
                0,
                0,
                0,
                0,
                0,
                0,
                0,
                0,
                0,
                0,
                0,
                0,
                0,
                0,
                0,
                0,
                0,
                0,
                0,
                0,
                0,
                0,
                0,
                0,
                0,
                0,
                0,
                0,
                0,
                0,
                0,
                0,
                0,
                0,
                0,
                0,
                0,
                0,
                0,
                0,
                0,
                0,
                0,
                0,
                0,
                0,
                0,
                0,
                0,
                0,
                0,
                0,
                0,
                0,
                0,
                0,
                0,
                0,
                0,
                0,
                0,
                0,
                0,
                0,
                0,
                0,
                0,
                0,
                0,
                0,
                0,
                0,
                0,
                0,
                0,
                0,
                0,
                0,
                0,
                0,
                0,
                0,
                0,
                0,
                0,
                0,
                0,
                0,
                0,
                0,
                0,
                0,
                0,
                0,
                0,
                0,
                0,
                0,
                0,
                0,
                0,
                0,
                0,
                0,
                0,
                0,
                0,
                0,
                0,
                0,
                0,
                0,
                0,
                0,
                0,
                0,
                0,
                0,
                0,
                0,
                0,
                0,
                0,
                0,
                0,
                0,
                0,
                0,
                0,
                0,
                0,
                0,
                0,
                0,
                0,
                0,
                0,
                0,
                0,
                0,
                0,
                0,
                0,
                0,
                0,
                0,
                0,
                0,
                0,
                0,
                0,
                0,
                0,
                0,
                0,
                0,
                0,
                0,
                0,
                0,
                0,
                0,
                0,
                0,
                0,
                0,
                0,
                0,
                0,
                0,
                0,
                0,
                0,
                0,
                0,
                0,
                0,
                0,
                0,
                0,
                0,
                0,
                0,
                0,
                0,
                0,
                0,
                0,
                0,
                0,
                0,
                0,
                0,
                0,
                0,
                0,
                0,
                0,
                0,
                0,
                0,
                0,
                0,
                0,
                0,
                0,
                0,
                0,
                0,
                0
            ],
            "hand_left_keypoints_2d": [
                296.716,
                210.205,
                0.00811082,
                297.187,
                210.912,
                0.0146266,
                296.559,
                210.126,
                0.010574,
                295.301,
                209.419,
                0.0103533,
                294.83,
                209.655,
                0.00530125,
                297.816,
                210.048,
                0.00728498,
                296.008,
                207.219,
                0.00813172,
                296.323,
                207.219,
                0.0072195,
                296.48,
                206.983,
                0.00323045,
                296.166,
                210.519,
                0.00625019,
                295.616,
                208.633,
                0.0039023,
                295.851,
                209.341,
                0.00464366,
                298.444,
                211.541,
                0.00126717,
                296.401,
                210.677,
                0.00636354,
                295.616,
                209.026,
                0.00488078,
                297.58,
                211.855,
                0.00581835,
                298.209,
                212.17,
                0.0030501,
                296.951,
                210.677,
                0.0077965,
                297.187,
                210.912,
                0.00653892,
                297.501,
                211.619,
                0.00567596,
                298.13,
                212.091,
                0.00347138
            ],
            "hand_right_keypoints_2d": [
                363.285,
                207.815,
                0.0259183,
                371.503,
                217.061,
                0.0172049,
                367.114,
                215.754,
                0.0122626,
                367.114,
                215.754,
                0.0121287,
                370.009,
                217.902,
                0.00493719,
                368.515,
                216.594,
                0.0168022,
                365.713,
                215.474,
                0.0137253,
                364.125,
                215.007,
                0.0111944,
                363.098,
                213.326,
                0.0078947,
                366.553,
                215.474,
                0.0114859,
                365.246,
                215.474,
                0.00973872,
                364.032,
                215.567,
                0.0113552,
                363.752,
                213.326,
                0.00615777,
                365.806,
                214.82,
                0.0104616,
                364.125,
                213.326,
                0.0104826,
                364.312,
                213.512,
                0.0118503,
                364.125,
                213.512,
                0.00980168,
                364.779,
                213.512,
                0.0110069,
                364.032,
                213.326,
                0.00930425,
                363.378,
                214.26,
                0.0125236,
                363.845,
                213.793,
                0.0101949
            ],
            "pose_keypoints_3d": [],
            "face_keypoints_3d": [],
            "hand_left_keypoints_3d": [],
            "hand_right_keypoints_3d": []
        }
    ]
}