{
    "version": 1.3,
    "people": [
        {
            "person_id": [
                -1
            ],
            "pose_keypoints_2d": [
                0,
                0,
                0,
                355.547,
                146.27,
                0.869644,
                375.168,
                145.273,
                0.827983,
                396.653,
                169.72,
                0.873781,
                405.473,
                203.96,
                0.75902,
                333.076,
                149.185,
                0.837599,
                326.233,
                186.352,
                0.831566,
                326.262,
                213.72,
                0.657091,
                370.251,
                203.962,
                0.654753,
                380.043,
                201.029,
                0.66429,
                359.5,
                251.895,
                0.764941,
                355.531,
                301.81,
                0.826702,
                358.523,
                205.923,
                0.64371,
                375.168,
                256.794,
                0.751615,
                402.499,
                300.774,
                0.819377,
                0,
                0,
                0,
                0,
                0,
                0,
                359.513,
                127.658,
                0.622569,
                340.949,
                127.682,
                0.906425,
                395.676,
                323.309,
                0.74379,
                402.512,
                319.409,
                0.668107,
                407.448,
                300.845,
                0.707484,
                341.877,
                302.788,
                0.502046,
                342.881,
                301.807,
                0.493263,
                356.536,
                308.622,
                0.774528
            ],
            "face_keypoints_2d": [
                0,
                0,
                0,
                0,
                0,
                0,
                0,
                0,
                0,
                0,
                0,
                0,
                0,
                0,
                0,
                0,
                0,
                0,
                0,
                0,
                0,
                0,
                0,
                0,
                0,
                0,
                0,
                0,
                0,
                0,
                0,
                0,
                0,
                0,
                0,
                0,
                0,
                0,
                0,
                0,
                0,
                0,
                0,
                0,
                0,
                0,
                0,
                0,
                0,
                0,
                0,
                0,
                0,
                0,
                0,
                0,
                0,
                0,
                0,
                0,
                0,
                0,
                0,
                0,
                0,
                0,
                0,
                0,
                0,
                0,
                0,
                0,
                0,
                0,
                0,
                0,
                0,
                0,
                0,
                0,
                0,
                0,
                0,
                0,
                0,
                0,
                0,
                0,
                0,
                0,
                0,
                0,
                0,
                0,
                0,
                0,
                0,
                0,
                0,
                0,
                0,
                0,
                0,
                0,
                0,
                0,
                0,
                0,
                0,
                0,
                0,
                0,
                0,
                0,
                0,
                0,
                0,
                0,
                0,
                0,
                0,
                0,
                0,
                0,
                0,
                0,
                0,
                0,
                0,
                0,
                0,
                0,
                0,
                0,
                0,
                0,
                0,
                0,
                0,
                0,
                0,
                0,
                0,
                0,
                0,
                0,
                0,
                0,
                0,
                0,
                0,
                0,
                0,
                0,
                0,
                0,
                0,
                0,
                0,
                0,
                0,
                0,
                0,
                0,
                0,
                0,
                0,
                0,
                0,
                0,
                0,
                0,
                0,
                0,
                0,
                0,
                0,
                0,
                0,
                0,
                0,
                0,
                0,
                0,
                0,
                0,
                0,
                0,
                0,
                0,
                0,
                0,
                0,
                0,
                0,
                0,
                0,
                0,
                0,
                0,
                0,
                0,
                0,
                0,
                0,
                0,
                0,
                0,
                0,
                0
            ],
            "hand_left_keypoints_2d": [
                307.971,
                231.07,
                0.138062,
                323.914,
                213.463,
                0.0225981,
                327.657,
                213.463,
                0.0183825,
                337.362,
                213.325,
                0.015476,
                341.244,
                211.106,
                0.019676,
                329.321,
                213.879,
                0.0174935,
                337.639,
                213.325,
                0.0190174,
                313.655,
                214.295,
                0.0548537,
                342.353,
                211.245,
                0.034996,
                336.53,
                213.186,
                0.0111721,
                338.055,
                215.681,
                0.0211528,
                341.105,
                215.266,
                0.0284747,
                343.185,
                211.661,
                0.021356,
                335.837,
                212.493,
                0.0105168,
                339.996,
                218.593,
                0.0184577,
                341.105,
                217.206,
                0.0275848,
                342.492,
                212.077,
                0.023751,
                327.935,
                214.018,
                0.0123018,
                316.982,
                214.295,
                0.0168594,
                314.764,
                214.434,
                0.0307052,
                342.353,
                211.938,
                0.0162028
            ],
            "hand_right_keypoints_2d": [
                405.501,
                200.847,
                0.0400334,
                408.095,
                210.935,
                0.0237214,
                397.286,
                207.62,
                0.0282297,
                396.134,
                216.988,
                0.0228911,
                399.448,
                222.609,
                0.0269284,
                400.745,
                209.926,
                0.024807,
                397.286,
                208.917,
                0.0191833,
                396.854,
                215.835,
                0.0348975,
                397.575,
                222.176,
                0.0394053,
                402.763,
                210.935,
                0.0107262,
                398.584,
                214.25,
                0.00806993,
                395.557,
                216.123,
                0.0168283,
                397.719,
                222.032,
                0.0157849,
                402.475,
                210.503,
                0.00908752,
                395.989,
                206.179,
                0.00615842,
                398.151,
                222.465,
                0.00971907,
                398.151,
                222.609,
                0.0129811,
                402.475,
                217.276,
                0.0117736,
                395.845,
                207.764,
                0.0121293,
                395.845,
                213.818,
                0.0126458,
                398.728,
                222.897,
                0.00876695
            ],
            "pose_keypoints_3d": [],
            "face_keypoints_3d": [],
            "hand_left_keypoints_3d": [],
            "hand_right_keypoints_3d": []
        }
    ]
}