{
    "version": 1.3,
    "people": [
        {
            "person_id": [
                -1
            ],
            "pose_keypoints_2d": [
                0,
                0,
                0,
                329.16,
                163.879,
                0.823087,
                340.957,
                163.857,
                0.857617,
                355.611,
                180.472,
                0.679483,
                366.361,
                192.247,
                0.628354,
                316.414,
                162.905,
                0.849774,
                305.699,
                181.454,
                0.766518,
                298.842,
                192.253,
                0.759419,
                326.282,
                201.044,
                0.761366,
                335.069,
                201.056,
                0.740272,
                338.934,
                227.439,
                0.66398,
                331.134,
                247.022,
                0.461287,
                318.423,
                201.037,
                0.765024,
                322.324,
                224.522,
                0.513254,
                324.24,
                245.052,
                0.371026,
                0,
                0,
                0,
                0,
                0,
                0,
                334.048,
                152.073,
                0.88471,
                323.302,
                152.098,
                0.796262,
                0,
                0,
                0,
                0,
                0,
                0,
                323.283,
                246.049,
                0.335919,
                336.994,
                248.953,
                0.25628,
                334.084,
                250.929,
                0.271282,
                327.237,
                248.956,
                0.380086
            ],
            "face_keypoints_2d": [
                0,
                0,
                0,
                0,
                0,
                0,
                0,
                0,
                0,
                0,
                0,
                0,
                0,
                0,
                0,
                0,
                0,
                0,
                0,
                0,
                0,
                0,
                0,
                0,
                0,
                0,
                0,
                0,
                0,
                0,
                0,
                0,
                0,
                0,
                0,
                0,
                0,
                0,
                0,
                0,
                0,
                0,
                0,
                0,
                0,
                0,
                0,
                0,
                0,
                0,
                0,
                0,
                0,
                0,
                0,
                0,
                0,
                0,
                0,
                0,
                0,
                0,
                0,
                0,
                0,
                0,
                0,
                0,
                0,
                0,
                0,
                0,
                0,
                0,
                0,
                0,
                0,
                0,
                0,
                0,
                0,
                0,
                0,
                0,
                0,
                0,
                0,
                0,
                0,
                0,
                0,
                0,
                0,
                0,
                0,
                0,
                0,
                0,
                0,
                0,
                0,
                0,
                0,
                0,
                0,
                0,
                0,
                0,
                0,
                0,
                0,
                0,
                0,
                0,
                0,
                0,
                0,
                0,
                0,
                0,
                0,
                0,
                0,
                0,
                0,
                0,
                0,
                0,
                0,
                0,
                0,
                0,
                0,
                0,
                0,
                0,
                0,
                0,
                0,
                0,
                0,
                0,
                0,
                0,
                0,
                0,
                0,
                0,
                0,
                0,
                0,
                0,
                0,
                0,
                0,
                0,
                0,
                0,
                0,
                0,
                0,
                0,
                0,
                0,
                0,
                0,
                0,
                0,
                0,
                0,
                0,
                0,
                0,
                0,
                0,
                0,
                0,
                0,
                0,
                0,
                0,
                0,
                0,
                0,
                0,
                0,
                0,
                0,
                0,
                0,
                0,
                0,
                0,
                0,
                0,
                0,
                0,
                0,
                0,
                0,
                0,
                0,
                0,
                0,
                0,
                0,
                0,
                0,
                0,
                0
            ],
            "hand_left_keypoints_2d": [
                303.101,
                186.23,
                0.0199454,
                298.465,
                190.552,
                0.00441881,
                301.529,
                190.316,
                0.0228245,
                301.215,
                190.002,
                0.0103914,
                301.215,
                190.002,
                0.00257277,
                300.901,
                190.237,
                0.00821412,
                301.136,
                190.08,
                0.0088124,
                301.215,
                189.923,
                0.00686982,
                301.294,
                189.53,
                0.00507691,
                301.058,
                190.237,
                0.00437139,
                292.414,
                197.703,
                0.00235418,
                292.492,
                197.546,
                0.00353145,
                301.294,
                189.609,
                0.00229559,
                292.492,
                197.624,
                0.00429064,
                292.335,
                197.703,
                0.00312025,
                292.414,
                197.624,
                0.00417156,
                302.708,
                193.066,
                0.00192294,
                301.058,
                189.845,
                0.00657924,
                301.136,
                189.845,
                0.00652463,
                305.065,
                188.587,
                0.00486334,
                302.472,
                193.145,
                0.00283246
            ],
            "hand_right_keypoints_2d": [
                367.145,
                193.45,
                0.0154175,
                372.184,
                197.433,
                0.0110038,
                373.565,
                197.514,
                0.0111233,
                376.004,
                196.376,
                0.0132205,
                375.841,
                195.645,
                0.00863203,
                373.972,
                197.107,
                0.00872161,
                374.216,
                195.157,
                0.00933368,
                374.459,
                195.319,
                0.00770112,
                371.859,
                199.952,
                0.00428451,
                373.972,
                196.945,
                0.00754119,
                374.053,
                195.238,
                0.00693555,
                373.972,
                195.563,
                0.00589547,
                372.184,
                196.539,
                0.0020586,
                373.972,
                197.026,
                0.00731076,
                373.89,
                195.482,
                0.00757087,
                373.972,
                195.888,
                0.00693166,
                373.484,
                195.807,
                0.00270302,
                371.859,
                197.839,
                0.0082527,
                372.184,
                198.245,
                0.00687402,
                372.265,
                198.327,
                0.00581088,
                371.534,
                200.358,
                0.00311756
            ],
            "pose_keypoints_3d": [],
            "face_keypoints_3d": [],
            "hand_left_keypoints_3d": [],
            "hand_right_keypoints_3d": []
        }
    ]
}