{
    "version": 1.3,
    "people": [
        {
            "person_id": [
                -1
            ],
            "pose_keypoints_2d": [
                0,
                0,
                0,
                332.07,
                160.951,
                0.936535,
                344.82,
                160.983,
                0.844441,
                363.404,
                168.764,
                0.801628,
                381.024,
                175.615,
                0.79713,
                317.433,
                160.893,
                0.895106,
                299.809,
                163.855,
                0.756203,
                283.207,
                169.747,
                0.64979,
                330.152,
                202.978,
                0.735345,
                338.942,
                202.998,
                0.738379,
                337.98,
                238.217,
                0.767338,
                328.185,
                259.72,
                0.292311,
                320.388,
                202.021,
                0.725673,
                324.292,
                233.319,
                0.57809,
                325.23,
                248.964,
                0.261582,
                0,
                0,
                0,
                0,
                0,
                0,
                338.924,
                146.261,
                0.61869,
                324.301,
                146.285,
                0.802169,
                324.308,
                247.99,
                0.142676,
                325.265,
                247.006,
                0.152653,
                324.287,
                248.969,
                0.242389,
                0,
                0,
                0,
                0,
                0,
                0,
                326.248,
                257.777,
                0.250745
            ],
            "face_keypoints_2d": [
                0,
                0,
                0,
                0,
                0,
                0,
                0,
                0,
                0,
                0,
                0,
                0,
                0,
                0,
                0,
                0,
                0,
                0,
                0,
                0,
                0,
                0,
                0,
                0,
                0,
                0,
                0,
                0,
                0,
                0,
                0,
                0,
                0,
                0,
                0,
                0,
                0,
                0,
                0,
                0,
                0,
                0,
                0,
                0,
                0,
                0,
                0,
                0,
                0,
                0,
                0,
                0,
                0,
                0,
                0,
                0,
                0,
                0,
                0,
                0,
                0,
                0,
                0,
                0,
                0,
                0,
                0,
                0,
                0,
                0,
                0,
                0,
                0,
                0,
                0,
                0,
                0,
                0,
                0,
                0,
                0,
                0,
                0,
                0,
                0,
                0,
                0,
                0,
                0,
                0,
                0,
                0,
                0,
                0,
                0,
                0,
                0,
                0,
                0,
                0,
                0,
                0,
                0,
                0,
                0,
                0,
                0,
                0,
                0,
                0,
                0,
                0,
                0,
                0,
                0,
                0,
                0,
                0,
                0,
                0,
                0,
                0,
                0,
                0,
                0,
                0,
                0,
                0,
                0,
                0,
                0,
                0,
                0,
                0,
                0,
                0,
                0,
                0,
                0,
                0,
                0,
                0,
                0,
                0,
                0,
                0,
                0,
                0,
                0,
                0,
                0,
                0,
                0,
                0,
                0,
                0,
                0,
                0,
                0,
                0,
                0,
                0,
                0,
                0,
                0,
                0,
                0,
                0,
                0,
                0,
                0,
                0,
                0,
                0,
                0,
                0,
                0,
                0,
                0,
                0,
                0,
                0,
                0,
                0,
                0,
                0,
                0,
                0,
                0,
                0,
                0,
                0,
                0,
                0,
                0,
                0,
                0,
                0,
                0,
                0,
                0,
                0,
                0,
                0,
                0,
                0,
                0,
                0,
                0,
                0
            ],
            "hand_left_keypoints_2d": [
                276.867,
                171.692,
                0.015262,
                279.021,
                174.349,
                0.00984295,
                278.734,
                178.585,
                0.00865395,
                279.093,
                178.801,
                0.00832899,
                282.181,
                178.37,
                0.00704402,
                280.457,
                176.647,
                0.0060286,
                280.529,
                178.514,
                0.0069636,
                281.032,
                178.657,
                0.00687348,
                281.965,
                179.016,
                0.00347112,
                280.385,
                176.359,
                0.00491636,
                281.606,
                178.729,
                0.00307329,
                281.893,
                178.729,
                0.00429929,
                284.048,
                175.426,
                0.00141986,
                280.314,
                176.216,
                0.00478574,
                282.037,
                178.729,
                0.00370047,
                278.662,
                177.149,
                0.00513932,
                279.595,
                176.575,
                0.00278944,
                280.098,
                176.072,
                0.00556145,
                280.314,
                176.359,
                0.00515492,
                280.098,
                176.503,
                0.00499298,
                279.595,
                176.503,
                0.00320495
            ],
            "hand_right_keypoints_2d": [
                385.375,
                171.017,
                0.00883818,
                390.692,
                170.632,
                0.00342261,
                393.852,
                180.573,
                0.00431761,
                395.085,
                180.573,
                0.00289226,
                391.155,
                171.094,
                0.000864991,
                391.925,
                172.79,
                0.00385471,
                394.314,
                177.568,
                0.00327321,
                393.467,
                177.491,
                0.00286145,
                395.085,
                178.03,
                0.00255509,
                392.002,
                172.79,
                0.00255583,
                393.775,
                177.491,
                0.00115801,
                393.698,
                177.568,
                0.00203633,
                395.085,
                177.876,
                0.000713825,
                391.925,
                172.867,
                0.0025824,
                391.617,
                172.944,
                0.00208081,
                391.463,
                173.021,
                0.0031623,
                391.309,
                173.021,
                0.00192581,
                392.542,
                181.652,
                0.00371954,
                391.309,
                173.175,
                0.00362873,
                391.232,
                173.175,
                0.00386278,
                391.155,
                173.098,
                0.00306847
            ],
            "pose_keypoints_3d": [],
            "face_keypoints_3d": [],
            "hand_left_keypoints_3d": [],
            "hand_right_keypoints_3d": []
        }
    ]
}