{
    "version": 1.3,
    "people": [
        {
            "person_id": [
                -1
            ],
            "pose_keypoints_2d": [
                0,
                0,
                0,
                335.046,
                145.283,
                0.891209,
                354.602,
                145.242,
                0.880439,
                363.436,
                173.648,
                0.786748,
                363.378,
                191.282,
                0.488653,
                317.427,
                146.249,
                0.875045,
                316.472,
                175.612,
                0.821002,
                315.48,
                197.097,
                0.726165,
                340.938,
                192.262,
                0.746268,
                354.582,
                192.23,
                0.719368,
                361.441,
                238.174,
                0.823634,
                379.042,
                268.527,
                0.782371,
                331.099,
                194.18,
                0.686623,
                323.282,
                240.186,
                0.800059,
                324.326,
                283.181,
                0.829118,
                0,
                0,
                0,
                0,
                0,
                0,
                338.955,
                127.651,
                0.402157,
                324.259,
                128.602,
                0.912898,
                317.478,
                286.172,
                0.569586,
                317.436,
                287.112,
                0.707984,
                326.26,
                286.14,
                0.825799,
                380.012,
                292.973,
                0.760914,
                383.943,
                291.036,
                0.64169,
                381.035,
                269.52,
                0.638717
            ],
            "face_keypoints_2d": [
                0,
                0,
                0,
                0,
                0,
                0,
                0,
                0,
                0,
                0,
                0,
                0,
                0,
                0,
                0,
                0,
                0,
                0,
                0,
                0,
                0,
                0,
                0,
                0,
                0,
                0,
                0,
                0,
                0,
                0,
                0,
                0,
                0,
                0,
                0,
                0,
                0,
                0,
                0,
                0,
                0,
                0,
                0,
                0,
                0,
                0,
                0,
                0,
                0,
                0,
                0,
                0,
                0,
                0,
                0,
                0,
                0,
                0,
                0,
                0,
                0,
                0,
                0,
                0,
                0,
                0,
                0,
                0,
                0,
                0,
                0,
                0,
                0,
                0,
                0,
                0,
                0,
                0,
                0,
                0,
                0,
                0,
                0,
                0,
                0,
                0,
                0,
                0,
                0,
                0,
                0,
                0,
                0,
                0,
                0,
                0,
                0,
                0,
                0,
                0,
                0,
                0,
                0,
                0,
                0,
                0,
                0,
                0,
                0,
                0,
                0,
                0,
                0,
                0,
                0,
                0,
                0,
                0,
                0,
                0,
                0,
                0,
                0,
                0,
                0,
                0,
                0,
                0,
                0,
                0,
                0,
                0,
                0,
                0,
                0,
                0,
                0,
                0,
                0,
                0,
                0,
                0,
                0,
                0,
                0,
                0,
                0,
                0,
                0,
                0,
                0,
                0,
                0,
                0,
                0,
                0,
                0,
                0,
                0,
                0,
                0,
                0,
                0,
                0,
                0,
                0,
                0,
                0,
                0,
                0,
                0,
                0,
                0,
                0,
                0,
                0,
                0,
                0,
                0,
                0,
                0,
                0,
                0,
                0,
                0,
                0,
                0,
                0,
                0,
                0,
                0,
                0,
                0,
                0,
                0,
                0,
                0,
                0,
                0,
                0,
                0,
                0,
                0,
                0,
                0,
                0,
                0,
                0,
                0,
                0
            ],
            "hand_left_keypoints_2d": [
                313.967,
                190.823,
                0.0295229,
                316.338,
                206.235,
                0.0235019,
                315.153,
                205.48,
                0.0179954,
                307.932,
                212.917,
                0.0161872,
                308.147,
                213.995,
                0.0115024,
                315.584,
                205.48,
                0.026641,
                314.722,
                212.378,
                0.0263286,
                314.075,
                210.761,
                0.028497,
                311.92,
                214.102,
                0.0147892,
                311.812,
                209.899,
                0.0256213,
                313.967,
                212.27,
                0.0279863,
                314.183,
                215.288,
                0.0192723,
                314.075,
                215.18,
                0.0145236,
                313.536,
                209.576,
                0.0147088,
                313.967,
                211.516,
                0.0191876,
                314.183,
                215.611,
                0.014212,
                314.398,
                215.719,
                0.0163569,
                316.338,
                204.834,
                0.0171815,
                316.338,
                207.097,
                0.012929,
                310.195,
                213.995,
                0.0116826,
                310.519,
                213.995,
                0.0107571
            ],
            "hand_right_keypoints_2d": [
                364.669,
                209.542,
                0.0253268,
                369.252,
                195.682,
                0.0263585,
                365.542,
                189.68,
                0.0226439,
                359.758,
                188.48,
                0.0538839,
                361.395,
                196.555,
                0.0254937,
                363.468,
                200.811,
                0.028721,
                361.941,
                195.791,
                0.024752,
                361.068,
                200.157,
                0.0313521,
                361.177,
                195.901,
                0.0160404,
                362.595,
                200.484,
                0.0185476,
                362.595,
                203.867,
                0.0192882,
                360.413,
                202.448,
                0.0192686,
                361.286,
                196.228,
                0.0147511,
                363.578,
                200.266,
                0.0194245,
                360.413,
                203.431,
                0.0152329,
                360.522,
                202.776,
                0.0145499,
                360.304,
                203.103,
                0.0119712,
                361.504,
                202.012,
                0.0136406,
                360.74,
                203.103,
                0.0108373,
                360.413,
                202.994,
                0.0125383,
                360.304,
                203.103,
                0.0111515
            ],
            "pose_keypoints_3d": [],
            "face_keypoints_3d": [],
            "hand_left_keypoints_3d": [],
            "hand_right_keypoints_3d": []
        }
    ]
}