{
    "version": 1.3,
    "people": [
        {
            "person_id": [
                -1
            ],
            "pose_keypoints_2d": [
                309.677,
                189.305,
                0.129739,
                307.627,
                194.21,
                0.684609,
                302.773,
                193.219,
                0.802957,
                300.852,
                204.947,
                0.855049,
                309.66,
                207.88,
                0.832184,
                309.587,
                195.171,
                0.702223,
                313.511,
                205.919,
                0.175223,
                317.383,
                207.935,
                0.172698,
                308.606,
                214.714,
                0.877612,
                304.733,
                214.699,
                0.822295,
                305.69,
                230.398,
                0.829042,
                295.917,
                246.053,
                0.725441,
                309.64,
                214.708,
                0.845175,
                311.576,
                230.414,
                0.791572,
                315.463,
                246.975,
                0.817476,
                309.648,
                186.382,
                0.114911,
                0,
                0,
                0,
                308.599,
                186.38,
                0.270032,
                0,
                0,
                0,
                318.43,
                248.005,
                0.63402,
                318.442,
                247.042,
                0.662363,
                311.582,
                247.968,
                0.62415,
                300.832,
                248.008,
                0.52417,
                296.892,
                247.983,
                0.520949,
                294.937,
                246.982,
                0.615994
            ],
            "face_keypoints_2d": [
                0,
                0,
                0,
                0,
                0,
                0,
                0,
                0,
                0,
                0,
                0,
                0,
                0,
                0,
                0,
                0,
                0,
                0,
                0,
                0,
                0,
                0,
                0,
                0,
                0,
                0,
                0,
                0,
                0,
                0,
                0,
                0,
                0,
                0,
                0,
                0,
                0,
                0,
                0,
                0,
                0,
                0,
                0,
                0,
                0,
                0,
                0,
                0,
                0,
                0,
                0,
                0,
                0,
                0,
                0,
                0,
                0,
                0,
                0,
                0,
                0,
                0,
                0,
                0,
                0,
                0,
                0,
                0,
                0,
                0,
                0,
                0,
                0,
                0,
                0,
                0,
                0,
                0,
                0,
                0,
                0,
                0,
                0,
                0,
                0,
                0,
                0,
                0,
                0,
                0,
                0,
                0,
                0,
                0,
                0,
                0,
                0,
                0,
                0,
                0,
                0,
                0,
                0,
                0,
                0,
                0,
                0,
                0,
                0,
                0,
                0,
                0,
                0,
                0,
                0,
                0,
                0,
                0,
                0,
                0,
                0,
                0,
                0,
                0,
                0,
                0,
                0,
                0,
                0,
                0,
                0,
                0,
                0,
                0,
                0,
                0,
                0,
                0,
                0,
                0,
                0,
                0,
                0,
                0,
                0,
                0,
                0,
                0,
                0,
                0,
                0,
                0,
                0,
                0,
                0,
                0,
                0,
                0,
                0,
                0,
                0,
                0,
                0,
                0,
                0,
                0,
                0,
                0,
                0,
                0,
                0,
                0,
                0,
                0,
                0,
                0,
                0,
                0,
                0,
                0,
                0,
                0,
                0,
                0,
                0,
                0,
                0,
                0,
                0,
                0,
                0,
                0,
                0,
                0,
                0,
                0,
                0,
                0,
                0,
                0,
                0,
                0,
                0,
                0,
                0,
                0,
                0,
                0,
                0,
                0
            ],
            "hand_left_keypoints_2d": [
                316.604,
                209.398,
                0.00927955,
                320.172,
                210.49,
                0.012428,
                317.023,
                208.601,
                0.0135598,
                316.856,
                208.643,
                0.0131528,
                315.218,
                210.742,
                0.0075369,
                317.821,
                209.398,
                0.0130373,
                316.981,
                209.524,
                0.0148857,
                317.191,
                210.406,
                0.00980927,
                317.569,
                210.826,
                0.00493797,
                318.451,
                209.566,
                0.021026,
                317.569,
                210.28,
                0.0178276,
                317.821,
                210.406,
                0.00929016,
                317.821,
                210.784,
                0.00319536,
                318.619,
                209.86,
                0.0287242,
                318.199,
                210.574,
                0.0180128,
                318.409,
                210.49,
                0.0111542,
                320.046,
                211.035,
                0.00681171,
                318.912,
                210.112,
                0.0159596,
                318.283,
                211.371,
                0.0121177,
                319.836,
                210.658,
                0.00947742,
                319.836,
                211.287,
                0.00773726
            ],
            "hand_right_keypoints_2d": [
                313.395,
                207.366,
                0.0148239,
                311.957,
                209.415,
                0.015071,
                313.613,
                209.545,
                0.0131216,
                313.918,
                209.502,
                0.0132992,
                315.095,
                210.33,
                0.00799884,
                314.79,
                207.54,
                0.0149785,
                314.747,
                207.366,
                0.0121519,
                314.224,
                210.635,
                0.00866866,
                314.529,
                210.81,
                0.00567282,
                313.613,
                209.458,
                0.00962651,
                314.049,
                210.025,
                0.0102083,
                314.136,
                210.286,
                0.00711776,
                314.441,
                210.722,
                0.00353386,
                313.657,
                209.545,
                0.00927071,
                314.18,
                209.981,
                0.0108164,
                314.006,
                209.502,
                0.00806608,
                313.657,
                209.415,
                0.00291983,
                315.008,
                207.54,
                0.0109494,
                315.052,
                207.453,
                0.0115075,
                315.052,
                207.453,
                0.0065877,
                311.085,
                211.943,
                0.0034774
            ],
            "pose_keypoints_3d": [],
            "face_keypoints_3d": [],
            "hand_left_keypoints_3d": [],
            "hand_right_keypoints_3d": []
        }
    ]
}