{
    "version": 1.3,
    "people": [
        {
            "person_id": [
                -1
            ],
            "pose_keypoints_2d": [
                0,
                0,
                0,
                332.141,
                153.083,
                0.939356,
                349.754,
                153.067,
                0.859438,
                365.355,
                171.704,
                0.849311,
                364.419,
                199.045,
                0.902236,
                313.52,
                153.116,
                0.84954,
                305.684,
                184.361,
                0.838928,
                312.559,
                198.071,
                0.390504,
                338.954,
                199.049,
                0.740554,
                348.702,
                198.076,
                0.74803,
                337.992,
                239.172,
                0.798865,
                331.148,
                278.304,
                0.815771,
                327.227,
                199.104,
                0.714576,
                333.106,
                239.207,
                0.841747,
                351.685,
                255.83,
                0.715303,
                0,
                0,
                0,
                0,
                0,
                0,
                339.922,
                136.413,
                0.803146,
                323.317,
                135.472,
                0.802344,
                363.414,
                273.404,
                0.724623,
                362.44,
                270.481,
                0.758402,
                355.614,
                254.844,
                0.578119,
                325.281,
                284.188,
                0.721293,
                331.111,
                285.129,
                0.67141,
                331.092,
                284.184,
                0.780271
            ],
            "face_keypoints_2d": [
                0,
                0,
                0,
                0,
                0,
                0,
                0,
                0,
                0,
                0,
                0,
                0,
                0,
                0,
                0,
                0,
                0,
                0,
                0,
                0,
                0,
                0,
                0,
                0,
                0,
                0,
                0,
                0,
                0,
                0,
                0,
                0,
                0,
                0,
                0,
                0,
                0,
                0,
                0,
                0,
                0,
                0,
                0,
                0,
                0,
                0,
                0,
                0,
                0,
                0,
                0,
                0,
                0,
                0,
                0,
                0,
                0,
                0,
                0,
                0,
                0,
                0,
                0,
                0,
                0,
                0,
                0,
                0,
                0,
                0,
                0,
                0,
                0,
                0,
                0,
                0,
                0,
                0,
                0,
                0,
                0,
                0,
                0,
                0,
                0,
                0,
                0,
                0,
                0,
                0,
                0,
                0,
                0,
                0,
                0,
                0,
                0,
                0,
                0,
                0,
                0,
                0,
                0,
                0,
                0,
                0,
                0,
                0,
                0,
                0,
                0,
                0,
                0,
                0,
                0,
                0,
                0,
                0,
                0,
                0,
                0,
                0,
                0,
                0,
                0,
                0,
                0,
                0,
                0,
                0,
                0,
                0,
                0,
                0,
                0,
                0,
                0,
                0,
                0,
                0,
                0,
                0,
                0,
                0,
                0,
                0,
                0,
                0,
                0,
                0,
                0,
                0,
                0,
                0,
                0,
                0,
                0,
                0,
                0,
                0,
                0,
                0,
                0,
                0,
                0,
                0,
                0,
                0,
                0,
                0,
                0,
                0,
                0,
                0,
                0,
                0,
                0,
                0,
                0,
                0,
                0,
                0,
                0,
                0,
                0,
                0,
                0,
                0,
                0,
                0,
                0,
                0,
                0,
                0,
                0,
                0,
                0,
                0,
                0,
                0,
                0,
                0,
                0,
                0,
                0,
                0,
                0,
                0,
                0,
                0
            ],
            "hand_left_keypoints_2d": [
                312.464,
                201.059,
                0.0157638,
                312.346,
                200.587,
                0.025553,
                317.191,
                202.832,
                0.0242209,
                317.191,
                208.032,
                0.0570071,
                317.191,
                211.931,
                0.0392703,
                317.428,
                213.231,
                0.0286534,
                317.546,
                212.522,
                0.0739294,
                318.609,
                213.349,
                0.0689573,
                316.6,
                214.886,
                0.0466184,
                317.9,
                209.686,
                0.023224,
                319.436,
                213.349,
                0.0504529,
                320.5,
                214.768,
                0.0478177,
                316.482,
                214.413,
                0.0210166,
                317.191,
                209.568,
                0.0175864,
                321.327,
                210.631,
                0.0234933,
                320.5,
                215.004,
                0.0346892,
                320.146,
                217.722,
                0.0255786,
                322.627,
                209.568,
                0.0129597,
                317.191,
                212.286,
                0.0153776,
                321.445,
                217.131,
                0.0229214,
                320.5,
                217.84,
                0.0201098
            ],
            "hand_right_keypoints_2d": [
                366.898,
                210.074,
                0.0275796,
                367.344,
                203.495,
                0.0667158,
                371.693,
                205.168,
                0.0884736,
                370.912,
                208.848,
                0.273115,
                368.905,
                212.862,
                0.324778,
                366.117,
                204.834,
                0.0464178,
                363.664,
                209.851,
                0.0561335,
                363.887,
                208.513,
                0.0713783,
                361.768,
                201.934,
                0.0574045,
                363.552,
                205.837,
                0.0421179,
                362.326,
                209.294,
                0.0630529,
                364.891,
                209.963,
                0.0527831,
                364.333,
                210.967,
                0.0225636,
                360.653,
                205.503,
                0.0302999,
                359.538,
                209.071,
                0.026079,
                359.538,
                209.517,
                0.0206928,
                361.768,
                201.377,
                0.0151714,
                360.096,
                205.949,
                0.0143111,
                356.639,
                201.042,
                0.0270003,
                358.535,
                201.488,
                0.0428931,
                361.211,
                201.6,
                0.0243904
            ],
            "pose_keypoints_3d": [],
            "face_keypoints_3d": [],
            "hand_left_keypoints_3d": [],
            "hand_right_keypoints_3d": []
        }
    ]
}