{
    "version": 1.3,
    "people": [
        {
            "person_id": [
                -1
            ],
            "pose_keypoints_2d": [
                0,
                0,
                0,
                433.868,
                99.331,
                0.865114,
                458.291,
                102.216,
                0.779385,
                466.143,
                152.152,
                0.698639,
                464.178,
                186.367,
                0.518829,
                408.408,
                99.3008,
                0.751382,
                396.671,
                150.173,
                0.795567,
                387.907,
                192.194,
                0.800322,
                435.831,
                182.442,
                0.565264,
                451.433,
                181.469,
                0.573552,
                450.51,
                262.681,
                0.829482,
                451.488,
                331.11,
                0.750488,
                421.139,
                183.409,
                0.526594,
                417.208,
                254.822,
                0.804206,
                440.656,
                325.253,
                0.78996,
                0,
                0,
                0,
                411.311,
                66.061,
                0.149895,
                440.676,
                71.9043,
                0.502231,
                417.227,
                67.0386,
                0.904572,
                420.137,
                336.008,
                0.719751,
                425.01,
                337.009,
                0.730076,
                443.61,
                332.099,
                0.596636,
                0,
                0,
                0,
                0,
                0,
                0,
                456.337,
                336.017,
                0.678851
            ],
            "face_keypoints_2d": [
                0,
                0,
                0,
                0,
                0,
                0,
                0,
                0,
                0,
                0,
                0,
                0,
                0,
                0,
                0,
                0,
                0,
                0,
                0,
                0,
                0,
                0,
                0,
                0,
                0,
                0,
                0,
                0,
                0,
                0,
                0,
                0,
                0,
                0,
                0,
                0,
                0,
                0,
                0,
                0,
                0,
                0,
                0,
                0,
                0,
                0,
                0,
                0,
                0,
                0,
                0,
                0,
                0,
                0,
                0,
                0,
                0,
                0,
                0,
                0,
                0,
                0,
                0,
                0,
                0,
                0,
                0,
                0,
                0,
                0,
                0,
                0,
                0,
                0,
                0,
                0,
                0,
                0,
                0,
                0,
                0,
                0,
                0,
                0,
                0,
                0,
                0,
                0,
                0,
                0,
                0,
                0,
                0,
                0,
                0,
                0,
                0,
                0,
                0,
                0,
                0,
                0,
                0,
                0,
                0,
                0,
                0,
                0,
                0,
                0,
                0,
                0,
                0,
                0,
                0,
                0,
                0,
                0,
                0,
                0,
                0,
                0,
                0,
                0,
                0,
                0,
                0,
                0,
                0,
                0,
                0,
                0,
                0,
                0,
                0,
                0,
                0,
                0,
                0,
                0,
                0,
                0,
                0,
                0,
                0,
                0,
                0,
                0,
                0,
                0,
                0,
                0,
                0,
                0,
                0,
                0,
                0,
                0,
                0,
                0,
                0,
                0,
                0,
                0,
                0,
                0,
                0,
                0,
                0,
                0,
                0,
                0,
                0,
                0,
                0,
                0,
                0,
                0,
                0,
                0,
                0,
                0,
                0,
                0,
                0,
                0,
                0,
                0,
                0,
                0,
                0,
                0,
                0,
                0,
                0,
                0,
                0,
                0,
                0,
                0,
                0,
                0,
                0,
                0,
                0,
                0,
                0,
                0,
                0,
                0
            ],
            "hand_left_keypoints_2d": [
                393.633,
                200.123,
                0.0245475,
                375.055,
                209.891,
                0.0280019,
                373.715,
                208.55,
                0.0210549,
                372.949,
                209.699,
                0.0168258,
                389.228,
                219.276,
                0.0162828,
                385.781,
                207.401,
                0.0243145,
                384.632,
                212.572,
                0.0526056,
                390.377,
                212.572,
                0.0313454,
                392.293,
                217.169,
                0.0194049,
                386.738,
                207.018,
                0.0209204,
                385.972,
                212.189,
                0.0471234,
                391.527,
                216.977,
                0.0591099,
                392.101,
                217.935,
                0.0391897,
                385.589,
                206.635,
                0.017647,
                385.781,
                213.147,
                0.0611011,
                389.42,
                217.36,
                0.0847212,
                388.845,
                221.574,
                0.0860476,
                380.801,
                212.572,
                0.0315464,
                383.483,
                214.487,
                0.0831955,
                384.632,
                218.51,
                0.0990678,
                385.972,
                219.659,
                0.12241
            ],
            "hand_right_keypoints_2d": [
                456.854,
                208.599,
                0.0221819,
                459.264,
                201.181,
                0.052441,
                444.615,
                211.937,
                0.0465415,
                447.582,
                197.658,
                0.0313708,
                443.687,
                208.414,
                0.0268744,
                459.079,
                210.453,
                0.0336946,
                444.8,
                210.639,
                0.0509244,
                442.946,
                211.566,
                0.0460974,
                459.079,
                214.348,
                0.0487933,
                451.105,
                207.486,
                0.0138058,
                449.251,
                211.937,
                0.0211669,
                445.171,
                214.533,
                0.0292229,
                459.45,
                214.533,
                0.0202522,
                451.661,
                206.559,
                0.0142868,
                449.622,
                212.122,
                0.0158703,
                444.244,
                211.381,
                0.0136197,
                444.615,
                215.275,
                0.0150688,
                453.701,
                203.777,
                0.0123652,
                444.615,
                210.824,
                0.0106012,
                444.244,
                211.381,
                0.0117981,
                442.575,
                209.341,
                0.00996535
            ],
            "pose_keypoints_3d": [],
            "face_keypoints_3d": [],
            "hand_left_keypoints_3d": [],
            "hand_right_keypoints_3d": []
        }
    ]
}