{
    "version": 1.3,
    "people": [
        {
            "person_id": [
                -1
            ],
            "pose_keypoints_2d": [
                402.573,
                74.8464,
                0.0782731,
                426.988,
                104.172,
                0.862689,
                450.499,
                105.136,
                0.804629,
                459.294,
                153.081,
                0.814078,
                458.345,
                186.376,
                0.639314,
                402.555,
                103.187,
                0.784858,
                395.707,
                149.181,
                0.853635,
                390.8,
                191.256,
                0.811057,
                433.791,
                183.406,
                0.628537,
                448.501,
                182.451,
                0.60035,
                450.507,
                261.69,
                0.847112,
                452.456,
                330.161,
                0.72804,
                418.152,
                183.414,
                0.622515,
                389.833,
                244.073,
                0.801361,
                414.293,
                306.679,
                0.763365,
                0,
                0,
                0,
                403.549,
                71.9208,
                0.246494,
                432.831,
                74.8639,
                0.281906,
                411.306,
                73.8568,
                0.948462,
                397.65,
                323.31,
                0.69528,
                402.528,
                323.276,
                0.729047,
                421.14,
                310.598,
                0.734301,
                431.875,
                332.124,
                0.618945,
                434.792,
                332.077,
                0.553371,
                457.342,
                338.939,
                0.658246
            ],
            "face_keypoints_2d": [
                0,
                0,
                0,
                0,
                0,
                0,
                0,
                0,
                0,
                0,
                0,
                0,
                0,
                0,
                0,
                0,
                0,
                0,
                0,
                0,
                0,
                0,
                0,
                0,
                0,
                0,
                0,
                0,
                0,
                0,
                0,
                0,
                0,
                0,
                0,
                0,
                0,
                0,
                0,
                0,
                0,
                0,
                0,
                0,
                0,
                0,
                0,
                0,
                0,
                0,
                0,
                0,
                0,
                0,
                0,
                0,
                0,
                0,
                0,
                0,
                0,
                0,
                0,
                0,
                0,
                0,
                0,
                0,
                0,
                0,
                0,
                0,
                0,
                0,
                0,
                0,
                0,
                0,
                0,
                0,
                0,
                0,
                0,
                0,
                0,
                0,
                0,
                0,
                0,
                0,
                0,
                0,
                0,
                0,
                0,
                0,
                0,
                0,
                0,
                0,
                0,
                0,
                0,
                0,
                0,
                0,
                0,
                0,
                0,
                0,
                0,
                0,
                0,
                0,
                0,
                0,
                0,
                0,
                0,
                0,
                0,
                0,
                0,
                0,
                0,
                0,
                0,
                0,
                0,
                0,
                0,
                0,
                0,
                0,
                0,
                0,
                0,
                0,
                0,
                0,
                0,
                0,
                0,
                0,
                0,
                0,
                0,
                0,
                0,
                0,
                0,
                0,
                0,
                0,
                0,
                0,
                0,
                0,
                0,
                0,
                0,
                0,
                0,
                0,
                0,
                0,
                0,
                0,
                0,
                0,
                0,
                0,
                0,
                0,
                0,
                0,
                0,
                0,
                0,
                0,
                0,
                0,
                0,
                0,
                0,
                0,
                0,
                0,
                0,
                0,
                0,
                0,
                0,
                0,
                0,
                0,
                0,
                0,
                0,
                0,
                0,
                0,
                0,
                0,
                0,
                0,
                0,
                0,
                0,
                0
            ],
            "hand_left_keypoints_2d": [
                389.526,
                201.515,
                0.0852128,
                394.878,
                207.04,
                0.0525607,
                392.634,
                209.63,
                0.0430792,
                394.188,
                210.666,
                0.0696942,
                394.706,
                214.81,
                0.165984,
                391.598,
                207.04,
                0.034418,
                389.18,
                219.472,
                0.0574332,
                391.252,
                220.335,
                0.157745,
                394.015,
                224.824,
                0.190405,
                387.799,
                211.184,
                0.0162811,
                387.281,
                214.119,
                0.0328684,
                391.252,
                220.68,
                0.0732428,
                392.806,
                224.824,
                0.0437505,
                386.763,
                204.105,
                0.0174742,
                386.072,
                214.983,
                0.0216014,
                390.734,
                219.99,
                0.0383979,
                393.67,
                224.997,
                0.0341362,
                386.763,
                204.277,
                0.0118374,
                384.518,
                214.983,
                0.0116996,
                384.518,
                215.328,
                0.0196206,
                393.842,
                224.997,
                0.0164257
            ],
            "hand_right_keypoints_2d": [
                463.038,
                173.58,
                0.122603,
                461.608,
                179.839,
                0.159722,
                459.82,
                188.959,
                0.0795225,
                466.257,
                198.794,
                0.0426248,
                465.184,
                203.443,
                0.040793,
                461.608,
                190.747,
                0.151132,
                464.648,
                198.436,
                0.149459,
                464.827,
                202.191,
                0.202204,
                465.005,
                205.052,
                0.174233,
                466.794,
                189.316,
                0.101174,
                465.542,
                197.721,
                0.170404,
                467.509,
                202.37,
                0.101686,
                470.37,
                200.582,
                0.047753,
                471.443,
                189.853,
                0.0673997,
                468.403,
                196.827,
                0.0949897,
                470.012,
                199.509,
                0.106468,
                472.873,
                198.615,
                0.0552865,
                474.125,
                190.747,
                0.0825047,
                471.801,
                195.217,
                0.0949354,
                472.695,
                195.396,
                0.0804943,
                473.231,
                196.648,
                0.0609007
            ],
            "pose_keypoints_3d": [],
            "face_keypoints_3d": [],
            "hand_left_keypoints_3d": [],
            "hand_right_keypoints_3d": []
        }
    ]
}