{
    "version": 1.3,
    "people": [
        {
            "person_id": [
                -1
            ],
            "pose_keypoints_2d": [
                410.362,
                67.0744,
                0.128875,
                434.851,
                98.3216,
                0.880442,
                459.307,
                99.3027,
                0.770928,
                467.09,
                148.205,
                0.726372,
                465.174,
                190.243,
                0.74719,
                410.35,
                97.3568,
                0.782775,
                395.735,
                149.176,
                0.80239,
                386.871,
                192.216,
                0.761545,
                436.79,
                181.467,
                0.552746,
                451.442,
                180.495,
                0.562018,
                450.523,
                261.683,
                0.842551,
                451.466,
                330.137,
                0.731131,
                423.067,
                182.432,
                0.534381,
                427.966,
                258.759,
                0.770191,
                441.672,
                329.16,
                0.766523,
                0,
                0,
                0,
                411.357,
                65.0261,
                0.30639,
                441.67,
                68.008,
                0.158722,
                419.195,
                65.068,
                0.870096,
                419.19,
                336.007,
                0.713896,
                425.978,
                338.947,
                0.725291,
                446.558,
                335.049,
                0.59697,
                0,
                0,
                0,
                0,
                0,
                0,
                456.356,
                335.059,
                0.673888
            ],
            "face_keypoints_2d": [
                0,
                0,
                0,
                0,
                0,
                0,
                0,
                0,
                0,
                0,
                0,
                0,
                0,
                0,
                0,
                0,
                0,
                0,
                0,
                0,
                0,
                0,
                0,
                0,
                0,
                0,
                0,
                0,
                0,
                0,
                0,
                0,
                0,
                0,
                0,
                0,
                0,
                0,
                0,
                0,
                0,
                0,
                0,
                0,
                0,
                0,
                0,
                0,
                0,
                0,
                0,
                0,
                0,
                0,
                0,
                0,
                0,
                0,
                0,
                0,
                0,
                0,
                0,
                0,
                0,
                0,
                0,
                0,
                0,
                0,
                0,
                0,
                0,
                0,
                0,
                0,
                0,
                0,
                0,
                0,
                0,
                0,
                0,
                0,
                0,
                0,
                0,
                0,
                0,
                0,
                0,
                0,
                0,
                0,
                0,
                0,
                0,
                0,
                0,
                0,
                0,
                0,
                0,
                0,
                0,
                0,
                0,
                0,
                0,
                0,
                0,
                0,
                0,
                0,
                0,
                0,
                0,
                0,
                0,
                0,
                0,
                0,
                0,
                0,
                0,
                0,
                0,
                0,
                0,
                0,
                0,
                0,
                0,
                0,
                0,
                0,
                0,
                0,
                0,
                0,
                0,
                0,
                0,
                0,
                0,
                0,
                0,
                0,
                0,
                0,
                0,
                0,
                0,
                0,
                0,
                0,
                0,
                0,
                0,
                0,
                0,
                0,
                0,
                0,
                0,
                0,
                0,
                0,
                0,
                0,
                0,
                0,
                0,
                0,
                0,
                0,
                0,
                0,
                0,
                0,
                0,
                0,
                0,
                0,
                0,
                0,
                0,
                0,
                0,
                0,
                0,
                0,
                0,
                0,
                0,
                0,
                0,
                0,
                0,
                0,
                0,
                0,
                0,
                0,
                0,
                0,
                0,
                0,
                0,
                0
            ],
            "hand_left_keypoints_2d": [
                386.118,
                199.112,
                0.0189963,
                378.218,
                209.975,
                0.0238613,
                385.921,
                221.628,
                0.0296965,
                386.118,
                211.358,
                0.0172409,
                394.809,
                209.975,
                0.0163492,
                388.093,
                216.493,
                0.0173961,
                387.896,
                220.048,
                0.0274533,
                391.056,
                218.666,
                0.0414964,
                388.093,
                218.073,
                0.021924,
                386.316,
                214.123,
                0.0100477,
                386.908,
                219.851,
                0.0198194,
                393.426,
                211.95,
                0.0232096,
                393.031,
                211.16,
                0.0162959,
                386.513,
                213.135,
                0.0101381,
                388.883,
                219.653,
                0.0208708,
                391.451,
                216.098,
                0.0243391,
                388.093,
                218.468,
                0.0221862,
                386.316,
                219.851,
                0.0198702,
                388.883,
                220.838,
                0.0217429,
                392.439,
                218.666,
                0.0624318,
                388.488,
                217.085,
                0.0274151
            ],
            "hand_right_keypoints_2d": [
                451.463,
                215.196,
                0.033968,
                459.819,
                202.117,
                0.02823,
                458.003,
                197.394,
                0.01394,
                466.177,
                199.21,
                0.010875,
                447.467,
                197.575,
                0.0102042,
                448.375,
                196.667,
                0.0124067,
                446.195,
                207.93,
                0.00928976,
                446.377,
                207.748,
                0.0075552,
                458.911,
                210.473,
                0.00585623,
                459.274,
                202.662,
                0.00696852,
                454.914,
                204.478,
                0.00561992,
                454.733,
                204.66,
                0.00519333,
                459.456,
                210.291,
                0.0043943,
                459.456,
                201.935,
                0.00636081,
                450.918,
                208.838,
                0.0053708,
                445.287,
                207.748,
                0.00655928,
                459.637,
                210.473,
                0.00555018,
                459.456,
                201.208,
                0.00676146,
                446.013,
                207.748,
                0.00735086,
                445.65,
                207.748,
                0.00681887,
                459.456,
                210.654,
                0.00454212
            ],
            "pose_keypoints_3d": [],
            "face_keypoints_3d": [],
            "hand_left_keypoints_3d": [],
            "hand_right_keypoints_3d": []
        }
    ]
}