{
    "version": 1.3,
    "people": [
        {
            "person_id": [
                -1
            ],
            "pose_keypoints_2d": [
                291.027,
                191.212,
                0.169782,
                286.126,
                198.104,
                0.703981,
                285.152,
                198.087,
                0.799626,
                286.121,
                207.879,
                0.881771,
                294.003,
                213.761,
                0.845236,
                287.145,
                198.09,
                0.640904,
                292.012,
                206.899,
                0.107093,
                298.841,
                208.884,
                0.0772796,
                287.128,
                216.684,
                0.79594,
                286.125,
                216.69,
                0.882384,
                286.122,
                236.238,
                0.812778,
                284.189,
                253.823,
                0.747996,
                291.04,
                216.676,
                0.764158,
                293.989,
                235.261,
                0.751318,
                300.762,
                252.843,
                0.724541,
                288.109,
                189.305,
                0.156155,
                292.925,
                185.389,
                0.0502442,
                286.139,
                190.279,
                0.329917,
                0,
                0,
                0,
                303.738,
                253.843,
                0.491457,
                303.733,
                253.803,
                0.516778,
                298.834,
                253.829,
                0.598977,
                286.138,
                254.846,
                0.479502,
                284.169,
                254.84,
                0.476118,
                284.15,
                253.869,
                0.595332
            ],
            "face_keypoints_2d": [
                0,
                0,
                0,
                0,
                0,
                0,
                0,
                0,
                0,
                0,
                0,
                0,
                0,
                0,
                0,
                0,
                0,
                0,
                0,
                0,
                0,
                0,
                0,
                0,
                0,
                0,
                0,
                0,
                0,
                0,
                0,
                0,
                0,
                0,
                0,
                0,
                0,
                0,
                0,
                0,
                0,
                0,
                0,
                0,
                0,
                0,
                0,
                0,
                0,
                0,
                0,
                0,
                0,
                0,
                0,
                0,
                0,
                0,
                0,
                0,
                0,
                0,
                0,
                0,
                0,
                0,
                0,
                0,
                0,
                0,
                0,
                0,
                0,
                0,
                0,
                0,
                0,
                0,
                0,
                0,
                0,
                0,
                0,
                0,
                0,
                0,
                0,
                0,
                0,
                0,
                0,
                0,
                0,
                0,
                0,
                0,
                0,
                0,
                0,
                0,
                0,
                0,
                0,
                0,
                0,
                0,
                0,
                0,
                0,
                0,
                0,
                0,
                0,
                0,
                0,
                0,
                0,
                0,
                0,
                0,
                0,
                0,
                0,
                0,
                0,
                0,
                0,
                0,
                0,
                0,
                0,
                0,
                0,
                0,
                0,
                0,
                0,
                0,
                0,
                0,
                0,
                0,
                0,
                0,
                0,
                0,
                0,
                0,
                0,
                0,
                0,
                0,
                0,
                0,
                0,
                0,
                0,
                0,
                0,
                0,
                0,
                0,
                0,
                0,
                0,
                0,
                0,
                0,
                0,
                0,
                0,
                0,
                0,
                0,
                0,
                0,
                0,
                0,
                0,
                0,
                0,
                0,
                0,
                0,
                0,
                0,
                0,
                0,
                0,
                0,
                0,
                0,
                0,
                0,
                0,
                0,
                0,
                0,
                0,
                0,
                0,
                0,
                0,
                0,
                0,
                0,
                0,
                0,
                0,
                0
            ],
            "hand_left_keypoints_2d": [
                301.722,
                211.902,
                0.015518,
                302.571,
                210.61,
                0.0173719,
                298.953,
                209.909,
                0.0128188,
                298.843,
                209.872,
                0.0119803,
                297.624,
                209.134,
                0.00638083,
                300.467,
                208.801,
                0.0135374,
                300.282,
                208.728,
                0.0159115,
                300.393,
                209.06,
                0.00998062,
                300.799,
                209.872,
                0.0057746,
                300.91,
                209.208,
                0.0272789,
                300.467,
                209.134,
                0.0210487,
                300.652,
                209.651,
                0.0101629,
                302.756,
                211.164,
                0.00546131,
                300.836,
                209.798,
                0.0350129,
                300.725,
                209.798,
                0.0200209,
                300.799,
                210.315,
                0.0128312,
                302.534,
                211.349,
                0.0090214,
                300.947,
                210.241,
                0.0176465,
                300.688,
                211.275,
                0.0144336,
                300.984,
                210.573,
                0.0107207,
                302.239,
                211.386,
                0.00924179
            ],
            "hand_right_keypoints_2d": [
                298.608,
                216.023,
                0.0138453,
                297.646,
                216.424,
                0.0173863,
                298.207,
                216.544,
                0.0125814,
                298.408,
                216.504,
                0.011417,
                299.57,
                215.101,
                0.00671598,
                297.927,
                216.584,
                0.00968639,
                298.047,
                216.745,
                0.00896065,
                298.207,
                216.705,
                0.00729074,
                296.443,
                218.469,
                0.00395032,
                297.846,
                216.224,
                0.00894851,
                297.566,
                216.103,
                0.00576247,
                297.726,
                216.344,
                0.00541106,
                296.283,
                218.509,
                0.00189964,
                297.606,
                216.184,
                0.00856105,
                297.526,
                216.103,
                0.00713526,
                297.045,
                217.787,
                0.00646762,
                296.884,
                218.268,
                0.00314896,
                297.045,
                216.063,
                0.00961956,
                297.045,
                217.426,
                0.00684473,
                296.964,
                217.827,
                0.00597807,
                296.724,
                218.629,
                0.00363221
            ],
            "pose_keypoints_3d": [],
            "face_keypoints_3d": [],
            "hand_left_keypoints_3d": [],
            "hand_right_keypoints_3d": []
        }
    ]
}