{
    "version": 1.3,
    "people": [
        {
            "person_id": [
                -1
            ],
            "pose_keypoints_2d": [
                0,
                0,
                0,
                340.953,
                166.762,
                0.88236,
                359.482,
                166.783,
                0.825193,
                368.307,
                191.268,
                0.774269,
                365.389,
                205.905,
                0.484629,
                325.221,
                165.809,
                0.873438,
                313.542,
                189.286,
                0.786462,
                314.488,
                210.812,
                0.719402,
                340.942,
                208.86,
                0.786127,
                353.612,
                208.88,
                0.707804,
                348.76,
                251.904,
                0.775656,
                346.762,
                288.079,
                0.792236,
                332.066,
                208.862,
                0.756124,
                329.169,
                251.908,
                0.710588,
                340.924,
                246.033,
                0.664326,
                0,
                0,
                0,
                0,
                0,
                0,
                349.707,
                145.264,
                0.843792,
                334.069,
                145.283,
                0.833807,
                340.946,
                257.76,
                0.28563,
                339.945,
                254.861,
                0.336926,
                341.909,
                240.181,
                0.427796,
                342.882,
                293.015,
                0.619786,
                347.75,
                293.936,
                0.681038,
                344.811,
                292.964,
                0.800902
            ],
            "face_keypoints_2d": [
                0,
                0,
                0,
                0,
                0,
                0,
                0,
                0,
                0,
                0,
                0,
                0,
                0,
                0,
                0,
                0,
                0,
                0,
                0,
                0,
                0,
                0,
                0,
                0,
                0,
                0,
                0,
                0,
                0,
                0,
                0,
                0,
                0,
                0,
                0,
                0,
                0,
                0,
                0,
                0,
                0,
                0,
                0,
                0,
                0,
                0,
                0,
                0,
                0,
                0,
                0,
                0,
                0,
                0,
                0,
                0,
                0,
                0,
                0,
                0,
                0,
                0,
                0,
                0,
                0,
                0,
                0,
                0,
                0,
                0,
                0,
                0,
                0,
                0,
                0,
                0,
                0,
                0,
                0,
                0,
                0,
                0,
                0,
                0,
                0,
                0,
                0,
                0,
                0,
                0,
                0,
                0,
                0,
                0,
                0,
                0,
                0,
                0,
                0,
                0,
                0,
                0,
                0,
                0,
                0,
                0,
                0,
                0,
                0,
                0,
                0,
                0,
                0,
                0,
                0,
                0,
                0,
                0,
                0,
                0,
                0,
                0,
                0,
                0,
                0,
                0,
                0,
                0,
                0,
                0,
                0,
                0,
                0,
                0,
                0,
                0,
                0,
                0,
                0,
                0,
                0,
                0,
                0,
                0,
                0,
                0,
                0,
                0,
                0,
                0,
                0,
                0,
                0,
                0,
                0,
                0,
                0,
                0,
                0,
                0,
                0,
                0,
                0,
                0,
                0,
                0,
                0,
                0,
                0,
                0,
                0,
                0,
                0,
                0,
                0,
                0,
                0,
                0,
                0,
                0,
                0,
                0,
                0,
                0,
                0,
                0,
                0,
                0,
                0,
                0,
                0,
                0,
                0,
                0,
                0,
                0,
                0,
                0,
                0,
                0,
                0,
                0,
                0,
                0,
                0,
                0,
                0,
                0,
                0,
                0
            ],
            "hand_left_keypoints_2d": [
                312.395,
                218.974,
                0.0254964,
                310.856,
                218.204,
                0.0260873,
                319.802,
                216.377,
                0.0226665,
                320.86,
                217.435,
                0.0376167,
                321.341,
                220.609,
                0.0667843,
                319.129,
                221.667,
                0.0226595,
                319.802,
                223.399,
                0.0303369,
                320.572,
                223.11,
                0.0510675,
                322.014,
                222.918,
                0.0505538,
                318.167,
                223.495,
                0.0112252,
                319.225,
                224.746,
                0.020805,
                320.572,
                223.784,
                0.0301691,
                321.63,
                223.399,
                0.0145094,
                317.974,
                223.495,
                0.0101084,
                319.032,
                224.842,
                0.0135812,
                320.572,
                221.475,
                0.0121237,
                320.668,
                221.283,
                0.0119649,
                317.686,
                218.204,
                0.00946447,
                321.245,
                217.723,
                0.0080154,
                320.668,
                220.994,
                0.0100566,
                320.86,
                221.667,
                0.0100694
            ],
            "hand_right_keypoints_2d": [
                374.165,
                203.574,
                0.029801,
                360.988,
                199.66,
                0.0144411,
                364.33,
                200.042,
                0.0196066,
                370.059,
                208.253,
                0.023546,
                368.436,
                208.444,
                0.0194283,
                362.516,
                205.293,
                0.0214287,
                361.752,
                205.102,
                0.0284479,
                362.802,
                207.298,
                0.0265891,
                359.365,
                205.961,
                0.0150983,
                362.23,
                205.675,
                0.0123156,
                361.848,
                206.439,
                0.0267202,
                360.893,
                207.68,
                0.0314882,
                359.556,
                206.439,
                0.017375,
                359.461,
                206.821,
                0.0138745,
                360.415,
                207.203,
                0.0189705,
                360.511,
                207.966,
                0.0247314,
                360.415,
                207.966,
                0.0194612,
                358.792,
                207.394,
                0.0175268,
                359.461,
                207.871,
                0.0122684,
                359.365,
                208.157,
                0.0217305,
                359.556,
                207.585,
                0.0143352
            ],
            "pose_keypoints_3d": [],
            "face_keypoints_3d": [],
            "hand_left_keypoints_3d": [],
            "hand_right_keypoints_3d": []
        }
    ]
}