{
    "version": 1.3,
    "people": [
        {
            "person_id": [
                -1
            ],
            "pose_keypoints_2d": [
                340.885,
                190.267,
                0.42191,
                339.881,
                184.454,
                0.878995,
                331.117,
                187.35,
                0.801513,
                325.239,
                205.885,
                0.870649,
                324.271,
                219.611,
                0.61027,
                347.78,
                183.411,
                0.911512,
                357.551,
                177.583,
                0.773582,
                367.313,
                176.536,
                0.797669,
                339.933,
                206.933,
                0.898643,
                333.12,
                207.859,
                0.884281,
                333.093,
                224.533,
                0.77426,
                333.102,
                245.019,
                0.578153,
                345.789,
                206.898,
                0.800421,
                347.799,
                223.523,
                0.57158,
                347.734,
                240.162,
                0.458012,
                339.934,
                188.311,
                0.359939,
                340.954,
                187.334,
                0.325462,
                333.112,
                184.367,
                0.370857,
                341.899,
                184.391,
                0.139922,
                348.754,
                241.159,
                0.350862,
                349.748,
                241.149,
                0.345871,
                346.779,
                241.136,
                0.319265,
                0,
                0,
                0,
                0,
                0,
                0,
                333.104,
                246,
                0.470709
            ],
            "face_keypoints_2d": [
                0,
                0,
                0,
                0,
                0,
                0,
                0,
                0,
                0,
                0,
                0,
                0,
                0,
                0,
                0,
                0,
                0,
                0,
                0,
                0,
                0,
                0,
                0,
                0,
                0,
                0,
                0,
                0,
                0,
                0,
                0,
                0,
                0,
                0,
                0,
                0,
                0,
                0,
                0,
                0,
                0,
                0,
                0,
                0,
                0,
                0,
                0,
                0,
                0,
                0,
                0,
                0,
                0,
                0,
                0,
                0,
                0,
                0,
                0,
                0,
                0,
                0,
                0,
                0,
                0,
                0,
                0,
                0,
                0,
                0,
                0,
                0,
                0,
                0,
                0,
                0,
                0,
                0,
                0,
                0,
                0,
                0,
                0,
                0,
                0,
                0,
                0,
                0,
                0,
                0,
                0,
                0,
                0,
                0,
                0,
                0,
                0,
                0,
                0,
                0,
                0,
                0,
                0,
                0,
                0,
                0,
                0,
                0,
                0,
                0,
                0,
                0,
                0,
                0,
                0,
                0,
                0,
                0,
                0,
                0,
                0,
                0,
                0,
                0,
                0,
                0,
                0,
                0,
                0,
                0,
                0,
                0,
                0,
                0,
                0,
                0,
                0,
                0,
                0,
                0,
                0,
                0,
                0,
                0,
                0,
                0,
                0,
                0,
                0,
                0,
                0,
                0,
                0,
                0,
                0,
                0,
                0,
                0,
                0,
                0,
                0,
                0,
                0,
                0,
                0,
                0,
                0,
                0,
                0,
                0,
                0,
                0,
                0,
                0,
                0,
                0,
                0,
                0,
                0,
                0,
                0,
                0,
                0,
                0,
                0,
                0,
                0,
                0,
                0,
                0,
                0,
                0,
                0,
                0,
                0,
                0,
                0,
                0,
                0,
                0,
                0,
                0,
                0,
                0,
                0,
                0,
                0,
                0,
                0,
                0
            ],
            "hand_left_keypoints_2d": [
                371.369,
                177.651,
                0.0144375,
                371.411,
                176.774,
                0.0195052,
                368.74,
                175.647,
                0.0209643,
                369.574,
                175.898,
                0.0146528,
                370.242,
                176.858,
                0.00939295,
                370.284,
                176.148,
                0.0178122,
                370.576,
                176.232,
                0.0117614,
                370.159,
                178.068,
                0.010366,
                370.2,
                178.026,
                0.00822062,
                370.326,
                175.606,
                0.0126211,
                369.992,
                178.11,
                0.0117505,
                370.034,
                178.11,
                0.00911328,
                370.451,
                178.11,
                0.00846646,
                370.367,
                175.606,
                0.0132628,
                369.783,
                178.152,
                0.0132664,
                369.449,
                178.736,
                0.0115153,
                369.7,
                179.362,
                0.00926927,
                372.788,
                175.981,
                0.0147528,
                369.574,
                179.278,
                0.00982966,
                369.407,
                179.028,
                0.00983326,
                369.658,
                179.32,
                0.00799341
            ],
            "hand_right_keypoints_2d": [
                331.37,
                226.423,
                0.0145251,
                329.158,
                226.709,
                0.00765289,
                329.087,
                226.709,
                0.00591518,
                329.372,
                224.497,
                0.00418243,
                329.301,
                225.211,
                0.000976957,
                324.736,
                219.932,
                0.00286333,
                322.025,
                220.289,
                0.00305517,
                329.23,
                224.925,
                0.00292336,
                323.808,
                219.575,
                0.00140557,
                328.73,
                227.422,
                0.00253653,
                324.664,
                219.647,
                0.00106803,
                323.666,
                219.861,
                0.00192989,
                324.807,
                219.647,
                0.000163379,
                328.659,
                227.351,
                0.00254833,
                325.092,
                219.647,
                0.00169533,
                325.021,
                219.504,
                0.00229657,
                329.444,
                225.496,
                0.000917145,
                322.168,
                220.503,
                0.00308587,
                322.168,
                221.359,
                0.00306982,
                322.168,
                221.43,
                0.00268583,
                327.732,
                218.077,
                0.0013711
            ],
            "pose_keypoints_3d": [],
            "face_keypoints_3d": [],
            "hand_left_keypoints_3d": [],
            "hand_right_keypoints_3d": []
        }
    ]
}