{
    "version": 1.3,
    "people": [
        {
            "person_id": [
                -1
            ],
            "pose_keypoints_2d": [
                0,
                0,
                0,
                394.692,
                120.779,
                0.898817,
                417.186,
                119.845,
                0.811529,
                429.933,
                162.886,
                0.720891,
                427.996,
                197.122,
                0.621184,
                371.27,
                120.828,
                0.842959,
                369.284,
                162.872,
                0.805938,
                364.438,
                199.087,
                0.785564,
                402.565,
                185.371,
                0.663071,
                418.15,
                183.403,
                0.641704,
                432.853,
                253.836,
                0.832783,
                457.346,
                304.716,
                0.778061,
                387.881,
                187.337,
                0.632713,
                380.031,
                253.816,
                0.8609,
                387.829,
                313.537,
                0.824905,
                0,
                0,
                0,
                372.225,
                92.4721,
                0.131352,
                395.723,
                96.3299,
                0.405884,
                378.102,
                93.4344,
                0.866624,
                370.263,
                317.483,
                0.737645,
                372.244,
                320.36,
                0.77303,
                391.77,
                318.443,
                0.705767,
                450.473,
                332.103,
                0.685968,
                452.443,
                331.101,
                0.53545,
                465.105,
                308.647,
                0.628875
            ],
            "face_keypoints_2d": [
                0,
                0,
                0,
                0,
                0,
                0,
                0,
                0,
                0,
                0,
                0,
                0,
                0,
                0,
                0,
                0,
                0,
                0,
                0,
                0,
                0,
                0,
                0,
                0,
                0,
                0,
                0,
                0,
                0,
                0,
                0,
                0,
                0,
                0,
                0,
                0,
                0,
                0,
                0,
                0,
                0,
                0,
                0,
                0,
                0,
                0,
                0,
                0,
                0,
                0,
                0,
                0,
                0,
                0,
                0,
                0,
                0,
                0,
                0,
                0,
                0,
                0,
                0,
                0,
                0,
                0,
                0,
                0,
                0,
                0,
                0,
                0,
                0,
                0,
                0,
                0,
                0,
                0,
                0,
                0,
                0,
                0,
                0,
                0,
                0,
                0,
                0,
                0,
                0,
                0,
                0,
                0,
                0,
                0,
                0,
                0,
                0,
                0,
                0,
                0,
                0,
                0,
                0,
                0,
                0,
                0,
                0,
                0,
                0,
                0,
                0,
                0,
                0,
                0,
                0,
                0,
                0,
                0,
                0,
                0,
                0,
                0,
                0,
                0,
                0,
                0,
                0,
                0,
                0,
                0,
                0,
                0,
                0,
                0,
                0,
                0,
                0,
                0,
                0,
                0,
                0,
                0,
                0,
                0,
                0,
                0,
                0,
                0,
                0,
                0,
                0,
                0,
                0,
                0,
                0,
                0,
                0,
                0,
                0,
                0,
                0,
                0,
                0,
                0,
                0,
                0,
                0,
                0,
                0,
                0,
                0,
                0,
                0,
                0,
                0,
                0,
                0,
                0,
                0,
                0,
                0,
                0,
                0,
                0,
                0,
                0,
                0,
                0,
                0,
                0,
                0,
                0,
                0,
                0,
                0,
                0,
                0,
                0,
                0,
                0,
                0,
                0,
                0,
                0,
                0,
                0,
                0,
                0,
                0,
                0
            ],
            "hand_left_keypoints_2d": [
                369.787,
                211.81,
                0.0329816,
                366.235,
                205.787,
                0.0232387,
                370.559,
                222.155,
                0.0259973,
                369.632,
                225.552,
                0.033716,
                374.265,
                228.023,
                0.0753375,
                365.772,
                211.655,
                0.0449865,
                369.632,
                212.89,
                0.0179907,
                370.713,
                215.361,
                0.0135482,
                374.574,
                228.177,
                0.0113779,
                366.081,
                211.655,
                0.0201587,
                369.787,
                212.736,
                0.0262833,
                371.64,
                212.89,
                0.0155525,
                373.802,
                216.596,
                0.00937224,
                366.081,
                211.346,
                0.0150242,
                369.632,
                212.89,
                0.0184658,
                372.103,
                212.118,
                0.0101744,
                373.493,
                216.596,
                0.00823956,
                366.081,
                211.655,
                0.0114415,
                366.081,
                211.964,
                0.00849736,
                373.338,
                216.596,
                0.00897539,
                373.802,
                216.596,
                0.00702736
            ],
            "hand_right_keypoints_2d": [
                410.066,
                214.842,
                0.0173232,
                425.216,
                210.396,
                0.0202238,
                427.851,
                213.03,
                0.023675,
                432.791,
                215.994,
                0.0128366,
                439.872,
                201.174,
                0.0126768,
                413.524,
                211.384,
                0.0148367,
                443.989,
                207.925,
                0.0237196,
                442.177,
                211.713,
                0.0183515,
                434.602,
                211.878,
                0.0207932,
                438.39,
                217.806,
                0.0125322,
                441.354,
                211.548,
                0.0424269,
                440.86,
                213.36,
                0.0881714,
                439.707,
                212.536,
                0.0814464,
                437.237,
                216.324,
                0.0469679,
                437.072,
                214.018,
                0.104487,
                436.249,
                214.183,
                0.134767,
                436.249,
                213.03,
                0.143593,
                434.438,
                216.324,
                0.103326,
                433.12,
                215.5,
                0.133866,
                432.791,
                214.348,
                0.214618,
                433.45,
                212.866,
                0.209129
            ],
            "pose_keypoints_3d": [],
            "face_keypoints_3d": [],
            "hand_left_keypoints_3d": [],
            "hand_right_keypoints_3d": []
        }
    ]
}