{
    "version": 1.3,
    "people": [
        {
            "person_id": [
                -1
            ],
            "pose_keypoints_2d": [
                0,
                0,
                0,
                434.797,
                98.3736,
                0.875964,
                458.335,
                100.296,
                0.776509,
                467.089,
                152.099,
                0.686596,
                465.098,
                190.241,
                0.677854,
                409.366,
                98.3212,
                0.774959,
                396.663,
                150.177,
                0.801181,
                387.851,
                192.247,
                0.835596,
                435.829,
                182.438,
                0.559852,
                450.506,
                181.471,
                0.559301,
                450.525,
                263.631,
                0.828473,
                451.46,
                331.121,
                0.735696,
                422.091,
                183.405,
                0.518028,
                424.04,
                264.606,
                0.706141,
                441.655,
                325.278,
                0.772032,
                0,
                0,
                0,
                411.34,
                66.0214,
                0.175807,
                441.624,
                70.917,
                0.258533,
                418.17,
                66.9948,
                0.912767,
                420.155,
                335.046,
                0.707252,
                425.045,
                337.966,
                0.715946,
                444.624,
                333.089,
                0.545312,
                433.803,
                335.035,
                0.0597316,
                0,
                0,
                0,
                456.315,
                337.001,
                0.640415
            ],
            "face_keypoints_2d": [
                0,
                0,
                0,
                0,
                0,
                0,
                0,
                0,
                0,
                0,
                0,
                0,
                0,
                0,
                0,
                0,
                0,
                0,
                0,
                0,
                0,
                0,
                0,
                0,
                0,
                0,
                0,
                0,
                0,
                0,
                0,
                0,
                0,
                0,
                0,
                0,
                0,
                0,
                0,
                0,
                0,
                0,
                0,
                0,
                0,
                0,
                0,
                0,
                0,
                0,
                0,
                0,
                0,
                0,
                0,
                0,
                0,
                0,
                0,
                0,
                0,
                0,
                0,
                0,
                0,
                0,
                0,
                0,
                0,
                0,
                0,
                0,
                0,
                0,
                0,
                0,
                0,
                0,
                0,
                0,
                0,
                0,
                0,
                0,
                0,
                0,
                0,
                0,
                0,
                0,
                0,
                0,
                0,
                0,
                0,
                0,
                0,
                0,
                0,
                0,
                0,
                0,
                0,
                0,
                0,
                0,
                0,
                0,
                0,
                0,
                0,
                0,
                0,
                0,
                0,
                0,
                0,
                0,
                0,
                0,
                0,
                0,
                0,
                0,
                0,
                0,
                0,
                0,
                0,
                0,
                0,
                0,
                0,
                0,
                0,
                0,
                0,
                0,
                0,
                0,
                0,
                0,
                0,
                0,
                0,
                0,
                0,
                0,
                0,
                0,
                0,
                0,
                0,
                0,
                0,
                0,
                0,
                0,
                0,
                0,
                0,
                0,
                0,
                0,
                0,
                0,
                0,
                0,
                0,
                0,
                0,
                0,
                0,
                0,
                0,
                0,
                0,
                0,
                0,
                0,
                0,
                0,
                0,
                0,
                0,
                0,
                0,
                0,
                0,
                0,
                0,
                0,
                0,
                0,
                0,
                0,
                0,
                0,
                0,
                0,
                0,
                0,
                0,
                0,
                0,
                0,
                0,
                0,
                0,
                0
            ],
            "hand_left_keypoints_2d": [
                395.519,
                212.789,
                0.0267849,
                388.86,
                195.75,
                0.0210252,
                374.367,
                208.481,
                0.0191885,
                385.531,
                214.552,
                0.0363337,
                387.293,
                219.253,
                0.0257144,
                385.335,
                206.13,
                0.0274874,
                384.356,
                210.831,
                0.0398525,
                384.356,
                216.511,
                0.03736,
                386.314,
                220.624,
                0.0199988,
                386.706,
                206.718,
                0.0146339,
                386.118,
                212.006,
                0.0248866,
                389.056,
                219.057,
                0.0200249,
                388.86,
                221.015,
                0.0219185,
                385.531,
                205.543,
                0.014275,
                390.035,
                215.923,
                0.0207127,
                390.427,
                218.078,
                0.0351168,
                388.86,
                221.211,
                0.0433756,
                384.16,
                205.935,
                0.0126296,
                383.18,
                213.965,
                0.0201218,
                384.551,
                217.294,
                0.0476641,
                386.118,
                220.624,
                0.0412357
            ],
            "hand_right_keypoints_2d": [
                468.681,
                197.431,
                0.030523,
                460.008,
                199.937,
                0.0763016,
                454.033,
                197.238,
                0.040687,
                446.902,
                198.202,
                0.0522825,
                443.818,
                208.031,
                0.121698,
                445.746,
                198.973,
                0.0243661,
                445.36,
                209.766,
                0.0353806,
                444.975,
                210.537,
                0.0372503,
                443.626,
                212.657,
                0.0170727,
                455.19,
                207.068,
                0.0146976,
                450.371,
                210.922,
                0.0183949,
                444.589,
                214.199,
                0.0210834,
                443.818,
                214.006,
                0.0162728,
                451.72,
                206.875,
                0.0150068,
                451.335,
                210.922,
                0.0148458,
                445.746,
                209.766,
                0.0121441,
                443.626,
                212.85,
                0.0139123,
                446.709,
                209.766,
                0.0113902,
                446.131,
                209.381,
                0.0107763,
                445.553,
                209.766,
                0.0118538,
                444.975,
                210.537,
                0.00998595
            ],
            "pose_keypoints_3d": [],
            "face_keypoints_3d": [],
            "hand_left_keypoints_3d": [],
            "hand_right_keypoints_3d": []
        }
    ]
}