{
    "version": 1.3,
    "people": [
        {
            "person_id": [
                -1
            ],
            "pose_keypoints_2d": [
                333.072,
                185.409,
                0.413552,
                332.131,
                186.347,
                0.89166,
                323.318,
                187.348,
                0.854236,
                318.429,
                199.104,
                0.916547,
                318.413,
                209.821,
                0.759444,
                339.971,
                185.359,
                0.887725,
                350.688,
                185.412,
                0.670282,
                362.423,
                184.373,
                0.528859,
                333.078,
                206.911,
                0.935143,
                329.164,
                206.916,
                0.842478,
                328.2,
                223.529,
                0.904753,
                325.242,
                242.114,
                0.829588,
                338.964,
                206.912,
                0.872074,
                339.891,
                223.576,
                0.872708,
                335.047,
                243.077,
                0.787268,
                332.1,
                184.399,
                0.391195,
                333.124,
                184.402,
                0.344709,
                327.214,
                183.428,
                0.390617,
                335.062,
                183.417,
                0.191982,
                338.956,
                246.97,
                0.645294,
                339.95,
                246.024,
                0.706289,
                333.109,
                245.034,
                0.605093,
                330.143,
                246.071,
                0.754675,
                325.253,
                246.055,
                0.757471,
                324.308,
                245.033,
                0.716849
            ],
            "face_keypoints_2d": [
                0,
                0,
                0,
                0,
                0,
                0,
                0,
                0,
                0,
                0,
                0,
                0,
                0,
                0,
                0,
                0,
                0,
                0,
                0,
                0,
                0,
                0,
                0,
                0,
                0,
                0,
                0,
                0,
                0,
                0,
                0,
                0,
                0,
                0,
                0,
                0,
                0,
                0,
                0,
                0,
                0,
                0,
                0,
                0,
                0,
                0,
                0,
                0,
                0,
                0,
                0,
                0,
                0,
                0,
                0,
                0,
                0,
                0,
                0,
                0,
                0,
                0,
                0,
                0,
                0,
                0,
                0,
                0,
                0,
                0,
                0,
                0,
                0,
                0,
                0,
                0,
                0,
                0,
                0,
                0,
                0,
                0,
                0,
                0,
                0,
                0,
                0,
                0,
                0,
                0,
                0,
                0,
                0,
                0,
                0,
                0,
                0,
                0,
                0,
                0,
                0,
                0,
                0,
                0,
                0,
                0,
                0,
                0,
                0,
                0,
                0,
                0,
                0,
                0,
                0,
                0,
                0,
                0,
                0,
                0,
                0,
                0,
                0,
                0,
                0,
                0,
                0,
                0,
                0,
                0,
                0,
                0,
                0,
                0,
                0,
                0,
                0,
                0,
                0,
                0,
                0,
                0,
                0,
                0,
                0,
                0,
                0,
                0,
                0,
                0,
                0,
                0,
                0,
                0,
                0,
                0,
                0,
                0,
                0,
                0,
                0,
                0,
                0,
                0,
                0,
                0,
                0,
                0,
                0,
                0,
                0,
                0,
                0,
                0,
                0,
                0,
                0,
                0,
                0,
                0,
                0,
                0,
                0,
                0,
                0,
                0,
                0,
                0,
                0,
                0,
                0,
                0,
                0,
                0,
                0,
                0,
                0,
                0,
                0,
                0,
                0,
                0,
                0,
                0,
                0,
                0,
                0,
                0,
                0,
                0
            ],
            "hand_left_keypoints_2d": [
                363.799,
                182.253,
                0.00533543,
                364.519,
                183.405,
                0.00460598,
                363.799,
                184.029,
                0.00704865,
                363.847,
                184.077,
                0.00611521,
                363.943,
                183.933,
                0.00166475,
                363.943,
                184.029,
                0.00657229,
                364.087,
                184.077,
                0.00643768,
                366.344,
                184.606,
                0.00506751,
                366.2,
                184.606,
                0.00283058,
                363.895,
                184.126,
                0.00582688,
                364.567,
                184.174,
                0.003949,
                364.375,
                184.174,
                0.00430622,
                366.488,
                184.606,
                0.00109434,
                363.943,
                184.126,
                0.00589223,
                364.567,
                184.174,
                0.00565714,
                364.423,
                184.27,
                0.00633283,
                365.816,
                184.99,
                0.00397806,
                363.991,
                183.549,
                0.00921475,
                364.183,
                184.174,
                0.0088105,
                364.471,
                184.366,
                0.00636568,
                365.383,
                184.894,
                0.00507249
            ],
            "hand_right_keypoints_2d": [
                319.528,
                214.385,
                0.0102781,
                317.567,
                214.619,
                0.0163503,
                319.061,
                214.479,
                0.0126958,
                320.182,
                215.133,
                0.0124647,
                320.836,
                215.413,
                0.00846328,
                319.201,
                213.825,
                0.010253,
                319.528,
                214.245,
                0.00938291,
                319.435,
                214.619,
                0.00873618,
                319.809,
                215.833,
                0.00542996,
                319.295,
                213.591,
                0.0108919,
                320.416,
                213.778,
                0.00901349,
                319.435,
                214.198,
                0.00708515,
                319.482,
                215.74,
                0.00356965,
                319.295,
                213.685,
                0.0105074,
                319.669,
                213.825,
                0.0109275,
                319.388,
                214.012,
                0.00836381,
                319.342,
                215.927,
                0.00397269,
                319.295,
                213.825,
                0.0108308,
                319.388,
                214.105,
                0.0076765,
                317.473,
                214.572,
                0.00685566,
                319.622,
                216.394,
                0.00400872
            ],
            "pose_keypoints_3d": [],
            "face_keypoints_3d": [],
            "hand_left_keypoints_3d": [],
            "hand_right_keypoints_3d": []
        }
    ]
}