{
    "version": 1.3,
    "people": [
        {
            "person_id": [
                -1
            ],
            "pose_keypoints_2d": [
                293.962,
                121.845,
                0.22683,
                312.534,
                127.654,
                0.286852,
                309.615,
                126.678,
                0.257873,
                0,
                0,
                0,
                0,
                0,
                0,
                315.469,
                124.722,
                0.326134,
                341.889,
                142.337,
                0.168728,
                363.409,
                160.905,
                0.0959797,
                331.111,
                136.445,
                0.206003,
                331.121,
                136.452,
                0.16369,
                341.882,
                144.278,
                0.139004,
                363.406,
                160.954,
                0.157052,
                332.075,
                135.485,
                0.207874,
                340.93,
                143.296,
                0.203542,
                364.396,
                160.956,
                0.377802,
                293.96,
                120.827,
                0.0822592,
                293.992,
                120.804,
                0.225437,
                0,
                0,
                0,
                300.807,
                118.875,
                0.270801,
                365.387,
                165.819,
                0.0776084,
                367.328,
                164.826,
                0.0911129,
                365.358,
                161.9,
                0.241243,
                0,
                0,
                0,
                0,
                0,
                0,
                364.413,
                161.896,
                0.134686
            ],
            "face_keypoints_2d": [
                0,
                0,
                0,
                0,
                0,
                0,
                0,
                0,
                0,
                0,
                0,
                0,
                0,
                0,
                0,
                0,
                0,
                0,
                0,
                0,
                0,
                0,
                0,
                0,
                0,
                0,
                0,
                0,
                0,
                0,
                0,
                0,
                0,
                0,
                0,
                0,
                0,
                0,
                0,
                0,
                0,
                0,
                0,
                0,
                0,
                0,
                0,
                0,
                0,
                0,
                0,
                0,
                0,
                0,
                0,
                0,
                0,
                0,
                0,
                0,
                0,
                0,
                0,
                0,
                0,
                0,
                0,
                0,
                0,
                0,
                0,
                0,
                0,
                0,
                0,
                0,
                0,
                0,
                0,
                0,
                0,
                0,
                0,
                0,
                0,
                0,
                0,
                0,
                0,
                0,
                0,
                0,
                0,
                0,
                0,
                0,
                0,
                0,
                0,
                0,
                0,
                0,
                0,
                0,
                0,
                0,
                0,
                0,
                0,
                0,
                0,
                0,
                0,
                0,
                0,
                0,
                0,
                0,
                0,
                0,
                0,
                0,
                0,
                0,
                0,
                0,
                0,
                0,
                0,
                0,
                0,
                0,
                0,
                0,
                0,
                0,
                0,
                0,
                0,
                0,
                0,
                0,
                0,
                0,
                0,
                0,
                0,
                0,
                0,
                0,
                0,
                0,
                0,
                0,
                0,
                0,
                0,
                0,
                0,
                0,
                0,
                0,
                0,
                0,
                0,
                0,
                0,
                0,
                0,
                0,
                0,
                0,
                0,
                0,
                0,
                0,
                0,
                0,
                0,
                0,
                0,
                0,
                0,
                0,
                0,
                0,
                0,
                0,
                0,
                0,
                0,
                0,
                0,
                0,
                0,
                0,
                0,
                0,
                0,
                0,
                0,
                0,
                0,
                0,
                0,
                0,
                0,
                0,
                0,
                0
            ],
            "hand_left_keypoints_2d": [
                366.666,
                156.315,
                0.0141034,
                361.424,
                156.199,
                0.00495514,
                372.025,
                148.86,
                0.00431113,
                372.025,
                148.86,
                0.00250736,
                375.053,
                170.643,
                0.000889272,
                370.627,
                155.733,
                0.00283282,
                370.394,
                157.014,
                0.00309451,
                374.937,
                170.294,
                0.00341604,
                375.519,
                170.76,
                0.00186705,
                370.86,
                156.199,
                0.00152835,
                374.82,
                170.41,
                0.00119311,
                370.161,
                157.247,
                0.00240075,
                369.811,
                157.83,
                0.000680138,
                370.044,
                160.858,
                0.00160981,
                370.277,
                160.858,
                0.00186285,
                370.277,
                157.014,
                0.00309823,
                370.86,
                155.616,
                0.00192012,
                375.17,
                170.993,
                0.00215069,
                374.937,
                170.76,
                0.00312899,
                374.82,
                170.876,
                0.00319398,
                370.976,
                155.5,
                0.00208779
            ],
            "hand_right_keypoints_2d": [
                0,
                0,
                0,
                0,
                0,
                0,
                0,
                0,
                0,
                0,
                0,
                0,
                0,
                0,
                0,
                0,
                0,
                0,
                0,
                0,
                0,
                0,
                0,
                0,
                0,
                0,
                0,
                0,
                0,
                0,
                0,
                0,
                0,
                0,
                0,
                0,
                0,
                0,
                0,
                0,
                0,
                0,
                0,
                0,
                0,
                0,
                0,
                0,
                0,
                0,
                0,
                0,
                0,
                0,
                0,
                0,
                0,
                0,
                0,
                0,
                0,
                0,
                0
            ],
            "pose_keypoints_3d": [],
            "face_keypoints_3d": [],
            "hand_left_keypoints_3d": [],
            "hand_right_keypoints_3d": []
        }
    ]
}