{
    "version": 1.3,
    "people": [
        {
            "person_id": [
                -1
            ],
            "pose_keypoints_2d": [
                0,
                0,
                0,
                362.398,
                139.426,
                0.821526,
                381.043,
                137.486,
                0.828759,
                405.48,
                164.837,
                0.814579,
                420.138,
                200.087,
                0.831855,
                339.904,
                143.316,
                0.830376,
                333.047,
                182.421,
                0.8594,
                325.291,
                206.873,
                0.618178,
                377.104,
                199.075,
                0.634085,
                387.857,
                195.178,
                0.627548,
                369.29,
                253.849,
                0.694187,
                356.589,
                293.001,
                0.789225,
                364.419,
                200.085,
                0.642627,
                372.252,
                262.665,
                0.775085,
                402.501,
                307.672,
                0.82148,
                0,
                0,
                0,
                0,
                0,
                0,
                364.428,
                119.81,
                0.701825,
                346.757,
                120.812,
                0.856358,
                388.846,
                324.284,
                0.764911,
                395.676,
                323.319,
                0.738695,
                407.446,
                309.62,
                0.744846,
                354.616,
                304.733,
                0.529431,
                356.566,
                302.774,
                0.585997,
                355.614,
                296.89,
                0.702718
            ],
            "face_keypoints_2d": [
                0,
                0,
                0,
                0,
                0,
                0,
                0,
                0,
                0,
                0,
                0,
                0,
                0,
                0,
                0,
                0,
                0,
                0,
                0,
                0,
                0,
                0,
                0,
                0,
                0,
                0,
                0,
                0,
                0,
                0,
                0,
                0,
                0,
                0,
                0,
                0,
                0,
                0,
                0,
                0,
                0,
                0,
                0,
                0,
                0,
                0,
                0,
                0,
                0,
                0,
                0,
                0,
                0,
                0,
                0,
                0,
                0,
                0,
                0,
                0,
                0,
                0,
                0,
                0,
                0,
                0,
                0,
                0,
                0,
                0,
                0,
                0,
                0,
                0,
                0,
                0,
                0,
                0,
                0,
                0,
                0,
                0,
                0,
                0,
                0,
                0,
                0,
                0,
                0,
                0,
                0,
                0,
                0,
                0,
                0,
                0,
                0,
                0,
                0,
                0,
                0,
                0,
                0,
                0,
                0,
                0,
                0,
                0,
                0,
                0,
                0,
                0,
                0,
                0,
                0,
                0,
                0,
                0,
                0,
                0,
                0,
                0,
                0,
                0,
                0,
                0,
                0,
                0,
                0,
                0,
                0,
                0,
                0,
                0,
                0,
                0,
                0,
                0,
                0,
                0,
                0,
                0,
                0,
                0,
                0,
                0,
                0,
                0,
                0,
                0,
                0,
                0,
                0,
                0,
                0,
                0,
                0,
                0,
                0,
                0,
                0,
                0,
                0,
                0,
                0,
                0,
                0,
                0,
                0,
                0,
                0,
                0,
                0,
                0,
                0,
                0,
                0,
                0,
                0,
                0,
                0,
                0,
                0,
                0,
                0,
                0,
                0,
                0,
                0,
                0,
                0,
                0,
                0,
                0,
                0,
                0,
                0,
                0,
                0,
                0,
                0,
                0,
                0,
                0,
                0,
                0,
                0,
                0,
                0,
                0
            ],
            "hand_left_keypoints_2d": [
                299.575,
                230.671,
                0.0263544,
                341.229,
                213.631,
                0.0100362,
                331.471,
                214.213,
                0.0193577,
                323.023,
                214.359,
                0.0244082,
                330.597,
                213.194,
                0.0198412,
                331.616,
                214.65,
                0.0361352,
                330.306,
                214.068,
                0.0901537,
                320.402,
                213.922,
                0.0487695,
                315.304,
                214.505,
                0.0310478,
                333.801,
                217.418,
                0.0161782,
                334.821,
                217.563,
                0.0400724,
                335.112,
                218.728,
                0.0294349,
                335.986,
                220.039,
                0.0105437,
                333.073,
                217.418,
                0.0133077,
                334.966,
                218.146,
                0.0256635,
                334.966,
                218.437,
                0.0201111,
                315.304,
                214.359,
                0.0113324,
                338.316,
                221.059,
                0.0139521,
                329.14,
                215.233,
                0.0157902,
                320.256,
                214.359,
                0.0265456,
                335.403,
                220.185,
                0.0120319
            ],
            "hand_right_keypoints_2d": [
                414.705,
                198.648,
                0.0320571,
                411.126,
                208.607,
                0.0385399,
                422.797,
                202.694,
                0.0389899,
                427.777,
                207.674,
                0.0317325,
                424.042,
                207.051,
                0.018814,
                412.994,
                208.607,
                0.0347002,
                428.866,
                216.388,
                0.0366443,
                427.932,
                213.742,
                0.0640878,
                425.443,
                212.031,
                0.015016,
                424.976,
                212.809,
                0.027346,
                425.131,
                214.832,
                0.0352596,
                424.509,
                217.321,
                0.0293283,
                429.177,
                208.918,
                0.0134532,
                421.708,
                212.031,
                0.019354,
                422.33,
                217.166,
                0.0216433,
                423.575,
                218.099,
                0.0202477,
                423.731,
                218.411,
                0.0154472,
                417.973,
                217.477,
                0.0163997,
                416.106,
                219.344,
                0.0108458,
                418.44,
                218.722,
                0.0112784,
                421.863,
                218.566,
                0.0105448
            ],
            "pose_keypoints_3d": [],
            "face_keypoints_3d": [],
            "hand_left_keypoints_3d": [],
            "hand_right_keypoints_3d": []
        }
    ]
}