{
    "version": 1.3,
    "people": [
        {
            "person_id": [
                -1
            ],
            "pose_keypoints_2d": [
                0,
                0,
                0,
                339.92,
                160.91,
                0.938644,
                357.53,
                160.885,
                0.889083,
                367.332,
                184.425,
                0.859985,
                365.402,
                207.933,
                0.862646,
                320.363,
                160.938,
                0.862622,
                315.469,
                188.302,
                0.812948,
                318.414,
                204.942,
                0.771941,
                340.871,
                205.917,
                0.833372,
                349.748,
                205.898,
                0.749853,
                345.78,
                246.05,
                0.768572,
                338.977,
                285.111,
                0.869874,
                331.137,
                205.927,
                0.781787,
                333.127,
                247.988,
                0.849257,
                347.755,
                253.816,
                0.612496,
                0,
                0,
                0,
                0,
                0,
                0,
                347.719,
                141.367,
                0.796967,
                332.086,
                141.374,
                0.815987,
                363.42,
                261.654,
                0.136814,
                0,
                0,
                0,
                350.692,
                249.942,
                0.440556,
                333.118,
                284.186,
                0.606549,
                338.956,
                285.149,
                0.553029,
                338.969,
                288.114,
                0.808153
            ],
            "face_keypoints_2d": [
                0,
                0,
                0,
                0,
                0,
                0,
                0,
                0,
                0,
                0,
                0,
                0,
                0,
                0,
                0,
                0,
                0,
                0,
                0,
                0,
                0,
                0,
                0,
                0,
                0,
                0,
                0,
                0,
                0,
                0,
                0,
                0,
                0,
                0,
                0,
                0,
                0,
                0,
                0,
                0,
                0,
                0,
                0,
                0,
                0,
                0,
                0,
                0,
                0,
                0,
                0,
                0,
                0,
                0,
                0,
                0,
                0,
                0,
                0,
                0,
                0,
                0,
                0,
                0,
                0,
                0,
                0,
                0,
                0,
                0,
                0,
                0,
                0,
                0,
                0,
                0,
                0,
                0,
                0,
                0,
                0,
                0,
                0,
                0,
                0,
                0,
                0,
                0,
                0,
                0,
                0,
                0,
                0,
                0,
                0,
                0,
                0,
                0,
                0,
                0,
                0,
                0,
                0,
                0,
                0,
                0,
                0,
                0,
                0,
                0,
                0,
                0,
                0,
                0,
                0,
                0,
                0,
                0,
                0,
                0,
                0,
                0,
                0,
                0,
                0,
                0,
                0,
                0,
                0,
                0,
                0,
                0,
                0,
                0,
                0,
                0,
                0,
                0,
                0,
                0,
                0,
                0,
                0,
                0,
                0,
                0,
                0,
                0,
                0,
                0,
                0,
                0,
                0,
                0,
                0,
                0,
                0,
                0,
                0,
                0,
                0,
                0,
                0,
                0,
                0,
                0,
                0,
                0,
                0,
                0,
                0,
                0,
                0,
                0,
                0,
                0,
                0,
                0,
                0,
                0,
                0,
                0,
                0,
                0,
                0,
                0,
                0,
                0,
                0,
                0,
                0,
                0,
                0,
                0,
                0,
                0,
                0,
                0,
                0,
                0,
                0,
                0,
                0,
                0,
                0,
                0,
                0,
                0,
                0,
                0
            ],
            "hand_left_keypoints_2d": [
                325.913,
                221.243,
                0.0191731,
                320.712,
                208.292,
                0.0173246,
                321.222,
                211.045,
                0.0178634,
                321.222,
                202.785,
                0.0146408,
                320.712,
                221.243,
                0.0131288,
                321.018,
                219.204,
                0.0213028,
                321.426,
                218.082,
                0.0204859,
                321.528,
                220.937,
                0.0121184,
                321.528,
                221.447,
                0.0120861,
                321.528,
                210.638,
                0.0125097,
                324.689,
                218.286,
                0.01861,
                324.179,
                220.427,
                0.0140593,
                321.528,
                221.753,
                0.00924094,
                321.63,
                210.638,
                0.0121394,
                324.893,
                218.694,
                0.015683,
                324.995,
                218.694,
                0.0115606,
                325.709,
                219.917,
                0.00738879,
                321.528,
                210.943,
                0.011181,
                326.729,
                221.447,
                0.0116112,
                324.179,
                197.789,
                0.0273201,
                324.077,
                197.891,
                0.0112987
            ],
            "hand_right_keypoints_2d": [
                364.188,
                213.191,
                0.0368472,
                367.072,
                214.056,
                0.0225088,
                369.764,
                220.882,
                0.016324,
                371.591,
                218.286,
                0.0138781,
                363.226,
                220.497,
                0.00976605,
                369.86,
                220.69,
                0.0180558,
                370.726,
                217.613,
                0.0109621,
                360.823,
                221.94,
                0.0224832,
                363.034,
                222.132,
                0.0164821,
                366.591,
                219.536,
                0.0100602,
                358.996,
                220.113,
                0.00906425,
                359.092,
                221.074,
                0.0198258,
                362.938,
                221.363,
                0.0178916,
                363.803,
                221.651,
                0.0153226,
                366.207,
                219.824,
                0.0100322,
                361.207,
                222.036,
                0.0161564,
                363.419,
                221.459,
                0.0218145,
                364.572,
                222.42,
                0.0222604,
                361.015,
                222.132,
                0.013691,
                360.919,
                222.228,
                0.047348,
                361.111,
                222.132,
                0.0195315
            ],
            "pose_keypoints_3d": [],
            "face_keypoints_3d": [],
            "hand_left_keypoints_3d": [],
            "hand_right_keypoints_3d": []
        }
    ]
}