{
    "version": 1.3,
    "people": [
        {
            "person_id": [
                -1
            ],
            "pose_keypoints_2d": [
                332.147,
                189.274,
                0.502335,
                333.068,
                184.456,
                0.920078,
                323.324,
                185.402,
                0.883272,
                318.452,
                199.043,
                0.858202,
                317.454,
                207.882,
                0.739039,
                340.96,
                184.391,
                0.89377,
                353.638,
                190.257,
                0.700499,
                356.593,
                193.208,
                0.454488,
                333.078,
                205.916,
                0.890273,
                328.186,
                205.924,
                0.817671,
                328.202,
                222.573,
                0.920022,
                324.306,
                241.12,
                0.841963,
                339.886,
                205.917,
                0.850586,
                339.888,
                223.498,
                0.901386,
                334.054,
                242.128,
                0.829874,
                331.138,
                186.346,
                0.420869,
                333.098,
                185.382,
                0.470102,
                325.264,
                184.396,
                0.28811,
                336.99,
                183.464,
                0.386014,
                337.958,
                246.971,
                0.647061,
                339.892,
                246.024,
                0.704607,
                333.056,
                245.041,
                0.636264,
                327.212,
                246.041,
                0.766876,
                324.281,
                246.011,
                0.767158,
                324.306,
                244.069,
                0.694195
            ],
            "face_keypoints_2d": [
                0,
                0,
                0,
                0,
                0,
                0,
                0,
                0,
                0,
                0,
                0,
                0,
                0,
                0,
                0,
                0,
                0,
                0,
                0,
                0,
                0,
                0,
                0,
                0,
                0,
                0,
                0,
                0,
                0,
                0,
                0,
                0,
                0,
                0,
                0,
                0,
                0,
                0,
                0,
                0,
                0,
                0,
                0,
                0,
                0,
                0,
                0,
                0,
                0,
                0,
                0,
                0,
                0,
                0,
                0,
                0,
                0,
                0,
                0,
                0,
                0,
                0,
                0,
                0,
                0,
                0,
                0,
                0,
                0,
                0,
                0,
                0,
                0,
                0,
                0,
                0,
                0,
                0,
                0,
                0,
                0,
                0,
                0,
                0,
                0,
                0,
                0,
                0,
                0,
                0,
                0,
                0,
                0,
                0,
                0,
                0,
                0,
                0,
                0,
                0,
                0,
                0,
                0,
                0,
                0,
                0,
                0,
                0,
                0,
                0,
                0,
                0,
                0,
                0,
                0,
                0,
                0,
                0,
                0,
                0,
                0,
                0,
                0,
                0,
                0,
                0,
                0,
                0,
                0,
                0,
                0,
                0,
                0,
                0,
                0,
                0,
                0,
                0,
                0,
                0,
                0,
                0,
                0,
                0,
                0,
                0,
                0,
                0,
                0,
                0,
                0,
                0,
                0,
                0,
                0,
                0,
                0,
                0,
                0,
                0,
                0,
                0,
                0,
                0,
                0,
                0,
                0,
                0,
                0,
                0,
                0,
                0,
                0,
                0,
                0,
                0,
                0,
                0,
                0,
                0,
                0,
                0,
                0,
                0,
                0,
                0,
                0,
                0,
                0,
                0,
                0,
                0,
                0,
                0,
                0,
                0,
                0,
                0,
                0,
                0,
                0,
                0,
                0,
                0,
                0,
                0,
                0,
                0,
                0,
                0
            ],
            "hand_left_keypoints_2d": [
                357.056,
                193.413,
                0.0081891,
                357.261,
                193.771,
                0.0107903,
                356.748,
                193.208,
                0.00993779,
                356.338,
                192.849,
                0.00975209,
                355.775,
                192.49,
                0.00603903,
                357.824,
                193.976,
                0.00829882,
                358.491,
                194.438,
                0.00917111,
                358.286,
                194.386,
                0.00738464,
                358.747,
                194.54,
                0.00352453,
                357.107,
                193.771,
                0.00688019,
                356.39,
                192.849,
                0.00553556,
                356.338,
                192.746,
                0.00513042,
                358.593,
                194.489,
                0.00154054,
                356.543,
                192.541,
                0.00672353,
                356.39,
                192.9,
                0.0069018,
                356.441,
                192.9,
                0.00602102,
                357.671,
                196.334,
                0.00308084,
                358.388,
                194.028,
                0.00791887,
                358.491,
                194.335,
                0.00651853,
                355.416,
                192.183,
                0.0054774,
                358.081,
                196.334,
                0.00336626
            ],
            "hand_right_keypoints_2d": [
                312.927,
                205.007,
                0.00956004,
                314.627,
                207.132,
                0.00445148,
                316.38,
                206.76,
                0.00650394,
                316.38,
                206.707,
                0.00627784,
                315.955,
                208.035,
                0.00325269,
                316.168,
                208.886,
                0.00923271,
                316.062,
                207.982,
                0.00664759,
                315.849,
                207.982,
                0.00559663,
                315.69,
                207.982,
                0.00436425,
                315.902,
                209.151,
                0.00473196,
                315.849,
                207.982,
                0.00251604,
                315.637,
                207.982,
                0.00416842,
                315.637,
                207.982,
                0.00144945,
                315.743,
                209.204,
                0.00474601,
                315.637,
                207.876,
                0.00372386,
                315.637,
                207.929,
                0.006762,
                315.583,
                207.876,
                0.00556327,
                315.318,
                209.257,
                0.00584302,
                315.69,
                207.876,
                0.00596223,
                315.637,
                207.876,
                0.00718043,
                315.583,
                207.876,
                0.00651932
            ],
            "pose_keypoints_3d": [],
            "face_keypoints_3d": [],
            "hand_left_keypoints_3d": [],
            "hand_right_keypoints_3d": []
        }
    ]
}