{
    "version": 1.3,
    "people": [
        {
            "person_id": [
                -1
            ],
            "pose_keypoints_2d": [
                410.344,
                72.852,
                0.0758306,
                433.859,
                100.296,
                0.844765,
                458.278,
                102.23,
                0.779515,
                466.122,
                153.069,
                0.667938,
                460.274,
                187.327,
                0.37179,
                408.415,
                100.289,
                0.7327,
                396.692,
                151.153,
                0.806308,
                387.895,
                192.201,
                0.822907,
                435.784,
                183.425,
                0.578086,
                450.504,
                182.458,
                0.571122,
                450.503,
                262.666,
                0.841133,
                453.395,
                330.145,
                0.728746,
                420.149,
                184.386,
                0.534283,
                410.382,
                254.852,
                0.841532,
                438.721,
                323.323,
                0.758448,
                0,
                0,
                0,
                410.397,
                67.0236,
                0.273997,
                438.742,
                72.8706,
                0.233597,
                417.207,
                68.0109,
                0.880275,
                419.19,
                335.054,
                0.778904,
                425.006,
                336.026,
                0.762466,
                442.627,
                329.171,
                0.628558,
                442.642,
                337.985,
                0.168465,
                445.59,
                337.012,
                0.096201,
                456.359,
                336.011,
                0.723273
            ],
            "face_keypoints_2d": [
                0,
                0,
                0,
                0,
                0,
                0,
                0,
                0,
                0,
                0,
                0,
                0,
                0,
                0,
                0,
                0,
                0,
                0,
                0,
                0,
                0,
                0,
                0,
                0,
                0,
                0,
                0,
                0,
                0,
                0,
                0,
                0,
                0,
                0,
                0,
                0,
                0,
                0,
                0,
                0,
                0,
                0,
                0,
                0,
                0,
                0,
                0,
                0,
                0,
                0,
                0,
                0,
                0,
                0,
                0,
                0,
                0,
                0,
                0,
                0,
                0,
                0,
                0,
                0,
                0,
                0,
                0,
                0,
                0,
                0,
                0,
                0,
                0,
                0,
                0,
                0,
                0,
                0,
                0,
                0,
                0,
                0,
                0,
                0,
                0,
                0,
                0,
                0,
                0,
                0,
                0,
                0,
                0,
                0,
                0,
                0,
                0,
                0,
                0,
                0,
                0,
                0,
                0,
                0,
                0,
                0,
                0,
                0,
                0,
                0,
                0,
                0,
                0,
                0,
                0,
                0,
                0,
                0,
                0,
                0,
                0,
                0,
                0,
                0,
                0,
                0,
                0,
                0,
                0,
                0,
                0,
                0,
                0,
                0,
                0,
                0,
                0,
                0,
                0,
                0,
                0,
                0,
                0,
                0,
                0,
                0,
                0,
                0,
                0,
                0,
                0,
                0,
                0,
                0,
                0,
                0,
                0,
                0,
                0,
                0,
                0,
                0,
                0,
                0,
                0,
                0,
                0,
                0,
                0,
                0,
                0,
                0,
                0,
                0,
                0,
                0,
                0,
                0,
                0,
                0,
                0,
                0,
                0,
                0,
                0,
                0,
                0,
                0,
                0,
                0,
                0,
                0,
                0,
                0,
                0,
                0,
                0,
                0,
                0,
                0,
                0,
                0,
                0,
                0,
                0,
                0,
                0,
                0,
                0,
                0
            ],
            "hand_left_keypoints_2d": [
                391.693,
                200.194,
                0.0275268,
                388.629,
                202.109,
                0.0268897,
                384.225,
                210.534,
                0.0227344,
                384.417,
                212.832,
                0.0166736,
                389.204,
                220.491,
                0.0158068,
                385.374,
                208.619,
                0.0303609,
                384.991,
                213.023,
                0.0593194,
                386.906,
                218.768,
                0.0389686,
                391.693,
                219.917,
                0.0189512,
                386.14,
                208.045,
                0.0227917,
                385.949,
                212.64,
                0.0372775,
                391.31,
                216.279,
                0.044961,
                392.076,
                218.193,
                0.0332425,
                382.885,
                207.853,
                0.0208569,
                385.757,
                213.023,
                0.052166,
                389.204,
                217.236,
                0.0708918,
                389.012,
                221.257,
                0.054486,
                382.119,
                210.726,
                0.0386681,
                383.459,
                214.172,
                0.0723246,
                384.8,
                218.385,
                0.0909953,
                385.949,
                219.917,
                0.10508
            ],
            "hand_right_keypoints_2d": [
                466.648,
                211.465,
                0.0252858,
                457.779,
                201.275,
                0.0405703,
                444.38,
                212.786,
                0.0308235,
                446.645,
                200.709,
                0.0292224,
                445.135,
                203.728,
                0.0256163,
                444.946,
                200.52,
                0.0246055,
                444.946,
                210.333,
                0.0366407,
                442.493,
                211.465,
                0.0398601,
                441.927,
                212.597,
                0.012002,
                448.532,
                204.294,
                0.0136264,
                445.512,
                208.257,
                0.0203677,
                443.437,
                214.296,
                0.0202436,
                442.682,
                213.918,
                0.0105759,
                449.853,
                204.105,
                0.014825,
                444.569,
                208.257,
                0.0131854,
                441.55,
                209.767,
                0.012549,
                443.625,
                213.541,
                0.00998044,
                452.117,
                203.917,
                0.0116445,
                444.946,
                211.276,
                0.00918513,
                441.172,
                211.088,
                0.0100534,
                440.417,
                209.767,
                0.00934421
            ],
            "pose_keypoints_3d": [],
            "face_keypoints_3d": [],
            "hand_left_keypoints_3d": [],
            "hand_right_keypoints_3d": []
        }
    ]
}