{
    "version": 1.3,
    "people": [
        {
            "person_id": [
                -1
            ],
            "pose_keypoints_2d": [
                395.646,
                85.6169,
                0.0755304,
                419.164,
                111.037,
                0.852821,
                442.618,
                112.945,
                0.837792,
                454.387,
                158.96,
                0.785757,
                449.471,
                188.3,
                0.581739,
                395.673,
                109.087,
                0.792759,
                393.704,
                152.097,
                0.856505,
                387.827,
                193.236,
                0.836211,
                426.97,
                184.397,
                0.652187,
                441.664,
                183.421,
                0.62784,
                450.468,
                260.679,
                0.829241,
                459.314,
                330.139,
                0.726195,
                411.375,
                185.376,
                0.618788,
                390.808,
                247.967,
                0.797485,
                387.834,
                309.61,
                0.872497,
                0,
                0,
                0,
                395.7,
                82.6456,
                0.253883,
                422.119,
                83.6344,
                0.336928,
                402.517,
                82.6429,
                0.944283,
                370.254,
                313.508,
                0.683202,
                372.234,
                315.486,
                0.792028,
                389.836,
                316.479,
                0.804569,
                435.793,
                333.095,
                0.648269,
                439.71,
                332.125,
                0.560476,
                465.151,
                337.978,
                0.675901
            ],
            "face_keypoints_2d": [
                0,
                0,
                0,
                0,
                0,
                0,
                0,
                0,
                0,
                0,
                0,
                0,
                0,
                0,
                0,
                0,
                0,
                0,
                0,
                0,
                0,
                0,
                0,
                0,
                0,
                0,
                0,
                0,
                0,
                0,
                0,
                0,
                0,
                0,
                0,
                0,
                0,
                0,
                0,
                0,
                0,
                0,
                0,
                0,
                0,
                0,
                0,
                0,
                0,
                0,
                0,
                0,
                0,
                0,
                0,
                0,
                0,
                0,
                0,
                0,
                0,
                0,
                0,
                0,
                0,
                0,
                0,
                0,
                0,
                0,
                0,
                0,
                0,
                0,
                0,
                0,
                0,
                0,
                0,
                0,
                0,
                0,
                0,
                0,
                0,
                0,
                0,
                0,
                0,
                0,
                0,
                0,
                0,
                0,
                0,
                0,
                0,
                0,
                0,
                0,
                0,
                0,
                0,
                0,
                0,
                0,
                0,
                0,
                0,
                0,
                0,
                0,
                0,
                0,
                0,
                0,
                0,
                0,
                0,
                0,
                0,
                0,
                0,
                0,
                0,
                0,
                0,
                0,
                0,
                0,
                0,
                0,
                0,
                0,
                0,
                0,
                0,
                0,
                0,
                0,
                0,
                0,
                0,
                0,
                0,
                0,
                0,
                0,
                0,
                0,
                0,
                0,
                0,
                0,
                0,
                0,
                0,
                0,
                0,
                0,
                0,
                0,
                0,
                0,
                0,
                0,
                0,
                0,
                0,
                0,
                0,
                0,
                0,
                0,
                0,
                0,
                0,
                0,
                0,
                0,
                0,
                0,
                0,
                0,
                0,
                0,
                0,
                0,
                0,
                0,
                0,
                0,
                0,
                0,
                0,
                0,
                0,
                0,
                0,
                0,
                0,
                0,
                0,
                0,
                0,
                0,
                0,
                0,
                0,
                0
            ],
            "hand_left_keypoints_2d": [
                387.074,
                194.616,
                0.154666,
                385.549,
                203.086,
                0.0614907,
                384.872,
                211.047,
                0.0296258,
                371.829,
                216.637,
                0.0268696,
                393.172,
                222.396,
                0.0179435,
                385.549,
                211.217,
                0.0360171,
                386.566,
                212.233,
                0.0280128,
                362.173,
                218.331,
                0.0549788,
                362.343,
                222.566,
                0.0703421,
                385.549,
                211.386,
                0.0152266,
                387.582,
                213.588,
                0.0159827,
                362.173,
                217.315,
                0.0148711,
                362.343,
                222.396,
                0.0189882,
                385.38,
                211.555,
                0.0113479,
                385.211,
                217.992,
                0.0116747,
                378.435,
                216.637,
                0.00895164,
                362.343,
                223.413,
                0.0131061,
                385.549,
                211.386,
                0.0102403,
                376.91,
                216.637,
                0.0114947,
                371.321,
                215.451,
                0.0274458,
                362.343,
                223.243,
                0.0130026
            ],
            "hand_right_keypoints_2d": [
                441.75,
                191.71,
                0.0189175,
                451.159,
                215.406,
                0.0182046,
                454.644,
                204.08,
                0.0124715,
                454.644,
                204.255,
                0.0121212,
                434.258,
                210.701,
                0.00799704,
                457.432,
                195.02,
                0.0111708,
                456.909,
                195.194,
                0.0156606,
                457.606,
                195.194,
                0.0100578,
                434.606,
                212.444,
                0.00731097,
                437.743,
                212.27,
                0.0115821,
                456.038,
                195.891,
                0.0168176,
                453.773,
                212.27,
                0.0106679,
                434.432,
                213.489,
                0.00524958,
                437.743,
                212.444,
                0.0144313,
                455.863,
                196.065,
                0.0134715,
                450.636,
                208.436,
                0.0102541,
                453.773,
                212.967,
                0.00689481,
                449.939,
                204.08,
                0.00996528,
                451.508,
                215.232,
                0.00927948,
                451.856,
                214.36,
                0.0164635,
                452.204,
                214.36,
                0.00872615
            ],
            "pose_keypoints_3d": [],
            "face_keypoints_3d": [],
            "hand_left_keypoints_3d": [],
            "hand_right_keypoints_3d": []
        }
    ]
}