{
    "version": 1.3,
    "people": [
        {
            "person_id": [
                -1
            ],
            "pose_keypoints_2d": [
                0,
                0,
                0,
                334.058,
                158.955,
                0.873412,
                354.573,
                158.959,
                0.843741,
                364.425,
                184.377,
                0.865188,
                363.406,
                209.821,
                0.770941,
                315.482,
                158.981,
                0.849327,
                307.672,
                185.392,
                0.844419,
                308.629,
                211.804,
                0.832307,
                337.969,
                201.999,
                0.699621,
                347.769,
                201.044,
                0.740943,
                340.91,
                246.017,
                0.794785,
                336.042,
                290.043,
                0.783051,
                326.231,
                202.983,
                0.723183,
                326.246,
                252.838,
                0.813538,
                347.763,
                244.067,
                0.788172,
                0,
                0,
                0,
                0,
                0,
                0,
                339.946,
                137.495,
                0.779991,
                324.319,
                138.458,
                0.874064,
                359.49,
                249.943,
                0.510414,
                357.552,
                247.993,
                0.529179,
                350.688,
                239.202,
                0.637283,
                333.114,
                292.943,
                0.565452,
                337.959,
                292.973,
                0.54871,
                335.069,
                293.94,
                0.782358
            ],
            "face_keypoints_2d": [
                0,
                0,
                0,
                0,
                0,
                0,
                0,
                0,
                0,
                0,
                0,
                0,
                0,
                0,
                0,
                0,
                0,
                0,
                0,
                0,
                0,
                0,
                0,
                0,
                0,
                0,
                0,
                0,
                0,
                0,
                0,
                0,
                0,
                0,
                0,
                0,
                0,
                0,
                0,
                0,
                0,
                0,
                0,
                0,
                0,
                0,
                0,
                0,
                0,
                0,
                0,
                0,
                0,
                0,
                0,
                0,
                0,
                0,
                0,
                0,
                0,
                0,
                0,
                0,
                0,
                0,
                0,
                0,
                0,
                0,
                0,
                0,
                0,
                0,
                0,
                0,
                0,
                0,
                0,
                0,
                0,
                0,
                0,
                0,
                0,
                0,
                0,
                0,
                0,
                0,
                0,
                0,
                0,
                0,
                0,
                0,
                0,
                0,
                0,
                0,
                0,
                0,
                0,
                0,
                0,
                0,
                0,
                0,
                0,
                0,
                0,
                0,
                0,
                0,
                0,
                0,
                0,
                0,
                0,
                0,
                0,
                0,
                0,
                0,
                0,
                0,
                0,
                0,
                0,
                0,
                0,
                0,
                0,
                0,
                0,
                0,
                0,
                0,
                0,
                0,
                0,
                0,
                0,
                0,
                0,
                0,
                0,
                0,
                0,
                0,
                0,
                0,
                0,
                0,
                0,
                0,
                0,
                0,
                0,
                0,
                0,
                0,
                0,
                0,
                0,
                0,
                0,
                0,
                0,
                0,
                0,
                0,
                0,
                0,
                0,
                0,
                0,
                0,
                0,
                0,
                0,
                0,
                0,
                0,
                0,
                0,
                0,
                0,
                0,
                0,
                0,
                0,
                0,
                0,
                0,
                0,
                0,
                0,
                0,
                0,
                0,
                0,
                0,
                0,
                0,
                0,
                0,
                0,
                0,
                0
            ],
            "hand_left_keypoints_2d": [
                310.237,
                218.796,
                0.0232974,
                305.066,
                222.459,
                0.0332013,
                313.362,
                224.829,
                0.0372259,
                315.947,
                222.459,
                0.0481737,
                316.594,
                221.813,
                0.0235364,
                316.055,
                221.813,
                0.0177809,
                313.146,
                213.302,
                0.0113268,
                317.132,
                224.183,
                0.0256067,
                317.994,
                226.122,
                0.018258,
                309.268,
                215.78,
                0.010117,
                310.992,
                214.272,
                0.00748037,
                315.839,
                229.892,
                0.014874,
                317.132,
                227.091,
                0.0120635,
                313.793,
                221.92,
                0.00933313,
                310.453,
                214.164,
                0.0064357,
                317.024,
                227.522,
                0.0104522,
                317.024,
                227.953,
                0.0105933,
                312.284,
                225.045,
                0.0107127,
                318.102,
                225.152,
                0.00897674,
                318.317,
                225.26,
                0.00978766,
                317.455,
                227.199,
                0.00899963
            ],
            "hand_right_keypoints_2d": [
                357.672,
                221.02,
                0.0123174,
                358.503,
                222.369,
                0.0160759,
                360.267,
                215.83,
                0.011486,
                360.475,
                215.207,
                0.0165444,
                356.946,
                211.886,
                0.011233,
                357.672,
                217.387,
                0.0178896,
                356.842,
                218.633,
                0.0181642,
                354.662,
                221.124,
                0.0179866,
                380.611,
                203.686,
                0.0120524,
                358.606,
                217.906,
                0.0102326,
                357.672,
                218.529,
                0.0137572,
                374.383,
                208.564,
                0.0132615,
                380.715,
                203.686,
                0.0249819,
                358.606,
                217.283,
                0.00937229,
                358.606,
                218.217,
                0.00980214,
                356.427,
                220.501,
                0.010199,
                380.092,
                203.686,
                0.0110412,
                358.503,
                216.868,
                0.00919319,
                355.804,
                220.605,
                0.00818523,
                379.988,
                208.045,
                0.0114232,
                355.285,
                220.293,
                0.00638118
            ],
            "pose_keypoints_3d": [],
            "face_keypoints_3d": [],
            "hand_left_keypoints_3d": [],
            "hand_right_keypoints_3d": []
        }
    ]
}