{
    "version": 1.3,
    "people": [
        {
            "person_id": [
                -1
            ],
            "pose_keypoints_2d": [
                0,
                0,
                0,
                402.577,
                120.786,
                0.910965,
                426.012,
                119.858,
                0.851345,
                438.741,
                166.781,
                0.800191,
                434.86,
                197.126,
                0.678141,
                380.009,
                120.832,
                0.826961,
                378.08,
                161.942,
                0.829348,
                375.134,
                200.05,
                0.804568,
                411.354,
                190.256,
                0.637206,
                426.042,
                187.337,
                0.612629,
                441.669,
                255.819,
                0.822031,
                464.175,
                318.41,
                0.77121,
                396.657,
                191.264,
                0.627393,
                382.021,
                251.874,
                0.775301,
                386.901,
                310.598,
                0.83274,
                0,
                0,
                0,
                380.016,
                94.4191,
                0.113659,
                406.46,
                96.3456,
                0.41061,
                385.91,
                94.4148,
                0.864989,
                371.235,
                315.465,
                0.757473,
                372.25,
                316.462,
                0.83377,
                389.812,
                317.433,
                0.811657,
                448.517,
                334.093,
                0.738345,
                449.52,
                333.082,
                0.693893,
                469.05,
                325.243,
                0.721261
            ],
            "face_keypoints_2d": [
                0,
                0,
                0,
                0,
                0,
                0,
                0,
                0,
                0,
                0,
                0,
                0,
                0,
                0,
                0,
                0,
                0,
                0,
                0,
                0,
                0,
                0,
                0,
                0,
                0,
                0,
                0,
                0,
                0,
                0,
                0,
                0,
                0,
                0,
                0,
                0,
                0,
                0,
                0,
                0,
                0,
                0,
                0,
                0,
                0,
                0,
                0,
                0,
                0,
                0,
                0,
                0,
                0,
                0,
                0,
                0,
                0,
                0,
                0,
                0,
                0,
                0,
                0,
                0,
                0,
                0,
                0,
                0,
                0,
                0,
                0,
                0,
                0,
                0,
                0,
                0,
                0,
                0,
                0,
                0,
                0,
                0,
                0,
                0,
                0,
                0,
                0,
                0,
                0,
                0,
                0,
                0,
                0,
                0,
                0,
                0,
                0,
                0,
                0,
                0,
                0,
                0,
                0,
                0,
                0,
                0,
                0,
                0,
                0,
                0,
                0,
                0,
                0,
                0,
                0,
                0,
                0,
                0,
                0,
                0,
                0,
                0,
                0,
                0,
                0,
                0,
                0,
                0,
                0,
                0,
                0,
                0,
                0,
                0,
                0,
                0,
                0,
                0,
                0,
                0,
                0,
                0,
                0,
                0,
                0,
                0,
                0,
                0,
                0,
                0,
                0,
                0,
                0,
                0,
                0,
                0,
                0,
                0,
                0,
                0,
                0,
                0,
                0,
                0,
                0,
                0,
                0,
                0,
                0,
                0,
                0,
                0,
                0,
                0,
                0,
                0,
                0,
                0,
                0,
                0,
                0,
                0,
                0,
                0,
                0,
                0,
                0,
                0,
                0,
                0,
                0,
                0,
                0,
                0,
                0,
                0,
                0,
                0,
                0,
                0,
                0,
                0,
                0,
                0,
                0,
                0,
                0,
                0,
                0,
                0
            ],
            "hand_left_keypoints_2d": [
                373.227,
                200.007,
                0.0385493,
                372.76,
                208.264,
                0.0623018,
                369.644,
                213.25,
                0.0474702,
                369.488,
                219.17,
                0.0582284,
                370.267,
                223.844,
                0.10516,
                378.213,
                211.536,
                0.0414446,
                379.304,
                212.315,
                0.0484096,
                378.836,
                222.13,
                0.0508877,
                369.956,
                224.155,
                0.0219089,
                375.876,
                212.626,
                0.0295019,
                378.057,
                217.3,
                0.0380261,
                379.459,
                218.547,
                0.0300154,
                381.017,
                217.612,
                0.016906,
                375.253,
                212.315,
                0.0168442,
                379.615,
                217.923,
                0.0242457,
                379.771,
                218.391,
                0.0170517,
                378.525,
                221.818,
                0.0151718,
                380.862,
                216.989,
                0.0127654,
                380.706,
                217.3,
                0.012882,
                379.615,
                219.481,
                0.0135665,
                378.992,
                221.818,
                0.0117428
            ],
            "hand_right_keypoints_2d": [
                429.656,
                204.821,
                0.027828,
                435.185,
                202.324,
                0.0313907,
                438.395,
                202.146,
                0.0265933,
                445.53,
                196.795,
                0.0536962,
                445.351,
                196.973,
                0.0202437,
                437.504,
                202.503,
                0.0224562,
                450.345,
                208.21,
                0.0115876,
                437.504,
                203.573,
                0.0116012,
                420.381,
                213.917,
                0.00709934,
                438.217,
                202.503,
                0.00945776,
                450.702,
                208.567,
                0.00982462,
                440.357,
                215.344,
                0.0132115,
                440.892,
                216.058,
                0.00569013,
                437.86,
                202.503,
                0.00842779,
                444.459,
                213.204,
                0.00840565,
                441.249,
                215.523,
                0.00931742,
                436.79,
                210.885,
                0.00815255,
                440.357,
                216.058,
                0.00856978,
                440.892,
                216.414,
                0.00837138,
                440.892,
                216.414,
                0.0122978,
                441.071,
                216.414,
                0.00878544
            ],
            "pose_keypoints_3d": [],
            "face_keypoints_3d": [],
            "hand_left_keypoints_3d": [],
            "hand_right_keypoints_3d": []
        }
    ]
}