{
    "version": 1.3,
    "people": [
        {
            "person_id": [
                -1
            ],
            "pose_keypoints_2d": [
                409.394,
                71.8915,
                0.089621,
                432.854,
                103.193,
                0.801592,
                457.291,
                104.156,
                0.772259,
                465.176,
                156.028,
                0.558707,
                457.33,
                189.294,
                0.248299,
                405.487,
                103.187,
                0.731727,
                396.698,
                151.153,
                0.80579,
                387.894,
                193.196,
                0.817011,
                434.863,
                183.442,
                0.588235,
                450.498,
                183.423,
                0.567096,
                450.524,
                262.706,
                0.83111,
                453.401,
                332.078,
                0.741406,
                420.132,
                184.398,
                0.545718,
                403.571,
                253.81,
                0.795799,
                434.801,
                316.411,
                0.776617,
                0,
                0,
                0,
                410.372,
                67.0169,
                0.28938,
                436.779,
                73.8291,
                0.183081,
                417.185,
                69.9416,
                0.836309,
                419.183,
                334.08,
                0.705382,
                421.114,
                333.13,
                0.697805,
                440.692,
                318.417,
                0.66032,
                442.619,
                334.096,
                0.306988,
                443.625,
                334.097,
                0.235209,
                457.279,
                337.983,
                0.690167
            ],
            "face_keypoints_2d": [
                0,
                0,
                0,
                0,
                0,
                0,
                0,
                0,
                0,
                0,
                0,
                0,
                0,
                0,
                0,
                0,
                0,
                0,
                0,
                0,
                0,
                0,
                0,
                0,
                0,
                0,
                0,
                0,
                0,
                0,
                0,
                0,
                0,
                0,
                0,
                0,
                0,
                0,
                0,
                0,
                0,
                0,
                0,
                0,
                0,
                0,
                0,
                0,
                0,
                0,
                0,
                0,
                0,
                0,
                0,
                0,
                0,
                0,
                0,
                0,
                0,
                0,
                0,
                0,
                0,
                0,
                0,
                0,
                0,
                0,
                0,
                0,
                0,
                0,
                0,
                0,
                0,
                0,
                0,
                0,
                0,
                0,
                0,
                0,
                0,
                0,
                0,
                0,
                0,
                0,
                0,
                0,
                0,
                0,
                0,
                0,
                0,
                0,
                0,
                0,
                0,
                0,
                0,
                0,
                0,
                0,
                0,
                0,
                0,
                0,
                0,
                0,
                0,
                0,
                0,
                0,
                0,
                0,
                0,
                0,
                0,
                0,
                0,
                0,
                0,
                0,
                0,
                0,
                0,
                0,
                0,
                0,
                0,
                0,
                0,
                0,
                0,
                0,
                0,
                0,
                0,
                0,
                0,
                0,
                0,
                0,
                0,
                0,
                0,
                0,
                0,
                0,
                0,
                0,
                0,
                0,
                0,
                0,
                0,
                0,
                0,
                0,
                0,
                0,
                0,
                0,
                0,
                0,
                0,
                0,
                0,
                0,
                0,
                0,
                0,
                0,
                0,
                0,
                0,
                0,
                0,
                0,
                0,
                0,
                0,
                0,
                0,
                0,
                0,
                0,
                0,
                0,
                0,
                0,
                0,
                0,
                0,
                0,
                0,
                0,
                0,
                0,
                0,
                0,
                0,
                0,
                0,
                0,
                0,
                0
            ],
            "hand_left_keypoints_2d": [
                387.493,
                204.208,
                0.0611003,
                390.177,
                201.704,
                0.0289832,
                391.071,
                200.452,
                0.0129484,
                391.429,
                200.273,
                0.0133135,
                391.25,
                218.877,
                0.0110909,
                392.144,
                200.809,
                0.0216779,
                389.282,
                209.575,
                0.013424,
                388.567,
                219.414,
                0.012415,
                355.83,
                222.634,
                0.0122828,
                385.704,
                206.355,
                0.0118758,
                386.778,
                212.258,
                0.0179073,
                387.135,
                217.983,
                0.0216211,
                355.83,
                222.097,
                0.0149641,
                385.704,
                205.818,
                0.00987692,
                385.704,
                212.079,
                0.0178338,
                389.819,
                220.308,
                0.0153211,
                389.998,
                218.877,
                0.0156462,
                393.754,
                212.079,
                0.00985258,
                383.021,
                212.616,
                0.0116291,
                384.452,
                216.909,
                0.0177782,
                384.989,
                217.804,
                0.0122592
            ],
            "hand_right_keypoints_2d": [
                453.585,
                190.648,
                0.0258738,
                456.858,
                197.192,
                0.0651579,
                451.276,
                197,
                0.0486085,
                445.694,
                199.502,
                0.0511358,
                444.731,
                205.277,
                0.0323288,
                444.731,
                201.042,
                0.0316392,
                443.962,
                212.206,
                0.0633077,
                442.037,
                212.591,
                0.0603478,
                441.844,
                216.055,
                0.0250719,
                447.619,
                212.976,
                0.0177508,
                440.689,
                210.281,
                0.0267927,
                443.769,
                215.67,
                0.0382526,
                443.192,
                216.44,
                0.0251668,
                452.046,
                209.896,
                0.019827,
                441.459,
                210.281,
                0.0209398,
                444.154,
                214.9,
                0.0215035,
                443.384,
                216.44,
                0.0226725,
                452.431,
                205.661,
                0.0149515,
                442.614,
                212.783,
                0.0133733,
                442.807,
                212.976,
                0.0147354,
                441.459,
                211.051,
                0.0125106
            ],
            "pose_keypoints_3d": [],
            "face_keypoints_3d": [],
            "hand_left_keypoints_3d": [],
            "hand_right_keypoints_3d": []
        }
    ]
}