{
    "version": 1.3,
    "people": [
        {
            "person_id": [
                -1
            ],
            "pose_keypoints_2d": [
                0,
                0,
                0,
                348.792,
                152.133,
                0.907141,
                372.184,
                152.113,
                0.854244,
                386.907,
                183.39,
                0.869708,
                387.825,
                211.795,
                0.786615,
                326.274,
                152.139,
                0.860316,
                324.313,
                188.312,
                0.857689,
                324.32,
                217.675,
                0.749309,
                363.383,
                204.938,
                0.713557,
                372.267,
                201.997,
                0.677134,
                361.452,
                254.867,
                0.741884,
                362.402,
                302.771,
                0.788023,
                350.71,
                205.932,
                0.673142,
                359.485,
                256.787,
                0.728681,
                386.842,
                287.15,
                0.813024,
                0,
                0,
                0,
                0,
                0,
                0,
                355.564,
                130.585,
                0.84146,
                337.013,
                130.588,
                0.816702,
                397.634,
                315.457,
                0.70297,
                401.53,
                310.59,
                0.644506,
                391.763,
                287.139,
                0.61139,
                349.739,
                306.654,
                0.548806,
                353.635,
                303.762,
                0.481403,
                363.409,
                308.656,
                0.798197
            ],
            "face_keypoints_2d": [
                0,
                0,
                0,
                0,
                0,
                0,
                0,
                0,
                0,
                0,
                0,
                0,
                0,
                0,
                0,
                0,
                0,
                0,
                0,
                0,
                0,
                0,
                0,
                0,
                0,
                0,
                0,
                0,
                0,
                0,
                0,
                0,
                0,
                0,
                0,
                0,
                0,
                0,
                0,
                0,
                0,
                0,
                0,
                0,
                0,
                0,
                0,
                0,
                0,
                0,
                0,
                0,
                0,
                0,
                0,
                0,
                0,
                0,
                0,
                0,
                0,
                0,
                0,
                0,
                0,
                0,
                0,
                0,
                0,
                0,
                0,
                0,
                0,
                0,
                0,
                0,
                0,
                0,
                0,
                0,
                0,
                0,
                0,
                0,
                0,
                0,
                0,
                0,
                0,
                0,
                0,
                0,
                0,
                0,
                0,
                0,
                0,
                0,
                0,
                0,
                0,
                0,
                0,
                0,
                0,
                0,
                0,
                0,
                0,
                0,
                0,
                0,
                0,
                0,
                0,
                0,
                0,
                0,
                0,
                0,
                0,
                0,
                0,
                0,
                0,
                0,
                0,
                0,
                0,
                0,
                0,
                0,
                0,
                0,
                0,
                0,
                0,
                0,
                0,
                0,
                0,
                0,
                0,
                0,
                0,
                0,
                0,
                0,
                0,
                0,
                0,
                0,
                0,
                0,
                0,
                0,
                0,
                0,
                0,
                0,
                0,
                0,
                0,
                0,
                0,
                0,
                0,
                0,
                0,
                0,
                0,
                0,
                0,
                0,
                0,
                0,
                0,
                0,
                0,
                0,
                0,
                0,
                0,
                0,
                0,
                0,
                0,
                0,
                0,
                0,
                0,
                0,
                0,
                0,
                0,
                0,
                0,
                0,
                0,
                0,
                0,
                0,
                0,
                0,
                0,
                0,
                0,
                0,
                0,
                0
            ],
            "hand_left_keypoints_2d": [
                314.621,
                230.82,
                0.0210111,
                321.93,
                236.136,
                0.0216662,
                325.518,
                236.534,
                0.0384543,
                327.645,
                237.199,
                0.0131966,
                329.904,
                237.332,
                0.00862175,
                326.449,
                226.7,
                0.0111535,
                327.911,
                228.029,
                0.0119575,
                329.107,
                229.89,
                0.0107121,
                330.701,
                234.142,
                0.00648351,
                329.107,
                228.826,
                0.00691085,
                327.379,
                228.029,
                0.00644486,
                329.239,
                230.022,
                0.0066503,
                330.701,
                235.737,
                0.00325735,
                326.05,
                234.807,
                0.00669497,
                329.239,
                234.94,
                0.0044257,
                330.037,
                235.205,
                0.00731376,
                330.303,
                235.604,
                0.00523659,
                326.183,
                236.268,
                0.0116575,
                326.316,
                236.268,
                0.00905255,
                330.037,
                230.022,
                0.0154635,
                330.037,
                230.022,
                0.00612986
            ],
            "hand_right_keypoints_2d": [
                385.719,
                224.085,
                0.0226441,
                389.016,
                213.686,
                0.0225764,
                388.762,
                213.433,
                0.0315913,
                382.675,
                211.657,
                0.0474551,
                382.294,
                215.462,
                0.0687301,
                388.762,
                214.701,
                0.0167121,
                382.548,
                219.52,
                0.01581,
                381.407,
                218.505,
                0.0200933,
                382.421,
                215.588,
                0.0167742,
                383.689,
                220.027,
                0.0109678,
                382.168,
                219.773,
                0.0131894,
                381.407,
                219.647,
                0.0204766,
                381.914,
                219.393,
                0.01012,
                383.436,
                219.9,
                0.0095377,
                381.914,
                219.9,
                0.00882615,
                381.787,
                219.647,
                0.00995969,
                382.294,
                215.462,
                0.00813428,
                387.748,
                213.306,
                0.00910701,
                381.28,
                230.933,
                0.00816003,
                382.675,
                213.559,
                0.0179308,
                381.787,
                214.574,
                0.00916246
            ],
            "pose_keypoints_3d": [],
            "face_keypoints_3d": [],
            "hand_left_keypoints_3d": [],
            "hand_right_keypoints_3d": []
        }
    ]
}