{
    "version": 1.3,
    "people": [
        {
            "person_id": [
                -1
            ],
            "pose_keypoints_2d": [
                0,
                0,
                0,
                320.388,
                143.323,
                0.853686,
                332.085,
                140.39,
                0.850537,
                338.971,
                158.005,
                0.761517,
                340.889,
                168.769,
                0.372138,
                309.616,
                144.334,
                0.895599,
                308.623,
                160.897,
                0.797774,
                308.617,
                170.691,
                0.598752,
                327.237,
                172.666,
                0.754099,
                334.087,
                170.715,
                0.749622,
                339.885,
                202.981,
                0.827574,
                340.927,
                231.374,
                0.826639,
                322.3,
                174.597,
                0.75422,
                325.263,
                205.93,
                0.871268,
                331.1,
                236.234,
                0.735342,
                0,
                0,
                0,
                0,
                0,
                0,
                322.31,
                130.589,
                0.633996,
                312.548,
                133.539,
                0.60077,
                332.066,
                243.106,
                0.417838,
                329.163,
                242.127,
                0.449823,
                332.066,
                240.163,
                0.672934,
                341.908,
                238.177,
                0.337542,
                345.793,
                237.224,
                0.398746,
                340.924,
                236.251,
                0.682241
            ],
            "face_keypoints_2d": [
                0,
                0,
                0,
                0,
                0,
                0,
                0,
                0,
                0,
                0,
                0,
                0,
                0,
                0,
                0,
                0,
                0,
                0,
                0,
                0,
                0,
                0,
                0,
                0,
                0,
                0,
                0,
                0,
                0,
                0,
                0,
                0,
                0,
                0,
                0,
                0,
                0,
                0,
                0,
                0,
                0,
                0,
                0,
                0,
                0,
                0,
                0,
                0,
                0,
                0,
                0,
                0,
                0,
                0,
                0,
                0,
                0,
                0,
                0,
                0,
                0,
                0,
                0,
                0,
                0,
                0,
                0,
                0,
                0,
                0,
                0,
                0,
                0,
                0,
                0,
                0,
                0,
                0,
                0,
                0,
                0,
                0,
                0,
                0,
                0,
                0,
                0,
                0,
                0,
                0,
                0,
                0,
                0,
                0,
                0,
                0,
                0,
                0,
                0,
                0,
                0,
                0,
                0,
                0,
                0,
                0,
                0,
                0,
                0,
                0,
                0,
                0,
                0,
                0,
                0,
                0,
                0,
                0,
                0,
                0,
                0,
                0,
                0,
                0,
                0,
                0,
                0,
                0,
                0,
                0,
                0,
                0,
                0,
                0,
                0,
                0,
                0,
                0,
                0,
                0,
                0,
                0,
                0,
                0,
                0,
                0,
                0,
                0,
                0,
                0,
                0,
                0,
                0,
                0,
                0,
                0,
                0,
                0,
                0,
                0,
                0,
                0,
                0,
                0,
                0,
                0,
                0,
                0,
                0,
                0,
                0,
                0,
                0,
                0,
                0,
                0,
                0,
                0,
                0,
                0,
                0,
                0,
                0,
                0,
                0,
                0,
                0,
                0,
                0,
                0,
                0,
                0,
                0,
                0,
                0,
                0,
                0,
                0,
                0,
                0,
                0,
                0,
                0,
                0,
                0,
                0,
                0,
                0,
                0,
                0
            ],
            "hand_left_keypoints_2d": [
                302.65,
                173.011,
                0.0324106,
                302.407,
                175.932,
                0.0176723,
                300.702,
                175.384,
                0.0210594,
                305.328,
                171.854,
                0.0105018,
                300.763,
                174.167,
                0.003303,
                305.146,
                171.793,
                0.0144846,
                305.45,
                171.854,
                0.0113645,
                305.511,
                171.854,
                0.00826655,
                309.894,
                172.158,
                0.00456077,
                305.207,
                171.915,
                0.00875596,
                307.702,
                171.732,
                0.00663701,
                304.05,
                172.767,
                0.00720192,
                309.894,
                172.402,
                0.00358394,
                305.389,
                171.854,
                0.00810641,
                307.581,
                171.671,
                0.00831597,
                307.033,
                173.558,
                0.00800674,
                306.972,
                173.802,
                0.00817978,
                305.694,
                171.793,
                0.0095267,
                305.633,
                171.793,
                0.00771038,
                307.276,
                173.619,
                0.00802861,
                307.276,
                173.741,
                0.00848816
            ],
            "hand_right_keypoints_2d": [
                336.179,
                164.412,
                0.0328976,
                341.244,
                175.582,
                0.0214958,
                342.077,
                168.575,
                0.0187307,
                340.759,
                168.228,
                0.0344419,
                340.828,
                168.366,
                0.0312006,
                341.661,
                175.374,
                0.0282316,
                342.285,
                171.558,
                0.0337349,
                341.244,
                170.309,
                0.0544913,
                341.591,
                168.575,
                0.0368533,
                340.759,
                171.974,
                0.0140397,
                340.62,
                172.529,
                0.0230403,
                340.967,
                170.309,
                0.0250061,
                340.967,
                168.228,
                0.0191079,
                340.551,
                172.46,
                0.0113198,
                340.204,
                172.876,
                0.0161742,
                339.995,
                172.946,
                0.00977373,
                340.134,
                167.742,
                0.00807524,
                341.452,
                174.958,
                0.011255,
                342.771,
                168.713,
                0.0101526,
                342.771,
                168.713,
                0.00908005,
                340.828,
                167.673,
                0.00688209
            ],
            "pose_keypoints_3d": [],
            "face_keypoints_3d": [],
            "hand_left_keypoints_3d": [],
            "hand_right_keypoints_3d": []
        }
    ]
}