{
    "version": 1.3,
    "people": [
        {
            "person_id": [
                -1
            ],
            "pose_keypoints_2d": [
                294.977,
                191.243,
                0.157772,
                294.917,
                199.035,
                0.749143,
                292.99,
                198.107,
                0.852064,
                293.911,
                207.845,
                0.917979,
                301.803,
                210.8,
                0.835287,
                298.829,
                199.046,
                0.688563,
                301.82,
                206.9,
                0.19104,
                308.58,
                208.879,
                0.136226,
                297.891,
                217.664,
                0.778844,
                294.008,
                217.662,
                0.851664,
                292.973,
                236.229,
                0.797907,
                287.126,
                250.935,
                0.6411,
                300.824,
                217.662,
                0.813973,
                301.834,
                236.25,
                0.78282,
                308.586,
                251.896,
                0.687149,
                294.024,
                190.271,
                0.152041,
                0,
                0,
                0,
                293.96,
                191.219,
                0.353832,
                0,
                0,
                0,
                309.618,
                253.81,
                0.437953,
                309.644,
                252.882,
                0.467458,
                307.625,
                252.89,
                0.554353,
                291.023,
                253.855,
                0.422247,
                286.178,
                253.832,
                0.445753,
                287.134,
                251.911,
                0.545615
            ],
            "face_keypoints_2d": [
                0,
                0,
                0,
                0,
                0,
                0,
                0,
                0,
                0,
                0,
                0,
                0,
                0,
                0,
                0,
                0,
                0,
                0,
                0,
                0,
                0,
                0,
                0,
                0,
                0,
                0,
                0,
                0,
                0,
                0,
                0,
                0,
                0,
                0,
                0,
                0,
                0,
                0,
                0,
                0,
                0,
                0,
                0,
                0,
                0,
                0,
                0,
                0,
                0,
                0,
                0,
                0,
                0,
                0,
                0,
                0,
                0,
                0,
                0,
                0,
                0,
                0,
                0,
                0,
                0,
                0,
                0,
                0,
                0,
                0,
                0,
                0,
                0,
                0,
                0,
                0,
                0,
                0,
                0,
                0,
                0,
                0,
                0,
                0,
                0,
                0,
                0,
                0,
                0,
                0,
                0,
                0,
                0,
                0,
                0,
                0,
                0,
                0,
                0,
                0,
                0,
                0,
                0,
                0,
                0,
                0,
                0,
                0,
                0,
                0,
                0,
                0,
                0,
                0,
                0,
                0,
                0,
                0,
                0,
                0,
                0,
                0,
                0,
                0,
                0,
                0,
                0,
                0,
                0,
                0,
                0,
                0,
                0,
                0,
                0,
                0,
                0,
                0,
                0,
                0,
                0,
                0,
                0,
                0,
                0,
                0,
                0,
                0,
                0,
                0,
                0,
                0,
                0,
                0,
                0,
                0,
                0,
                0,
                0,
                0,
                0,
                0,
                0,
                0,
                0,
                0,
                0,
                0,
                0,
                0,
                0,
                0,
                0,
                0,
                0,
                0,
                0,
                0,
                0,
                0,
                0,
                0,
                0,
                0,
                0,
                0,
                0,
                0,
                0,
                0,
                0,
                0,
                0,
                0,
                0,
                0,
                0,
                0,
                0,
                0,
                0,
                0,
                0,
                0,
                0,
                0,
                0,
                0,
                0,
                0
            ],
            "hand_left_keypoints_2d": [
                311.119,
                211.567,
                0.00942829,
                311.951,
                210.704,
                0.0139038,
                311.612,
                209.903,
                0.0127141,
                309.485,
                209.687,
                0.0116451,
                308.961,
                207.96,
                0.00657221,
                309.269,
                209.964,
                0.0139874,
                309.947,
                210.118,
                0.0145932,
                310.225,
                210.458,
                0.0101359,
                310.533,
                210.858,
                0.0056867,
                310.749,
                210.149,
                0.0223491,
                310.379,
                210.55,
                0.0186906,
                310.502,
                210.704,
                0.0100946,
                310.903,
                211.136,
                0.00407327,
                310.811,
                210.365,
                0.0303374,
                310.656,
                210.858,
                0.019791,
                310.656,
                211.043,
                0.0129989,
                311.489,
                211.567,
                0.00769664,
                310.995,
                210.612,
                0.0168903,
                310.78,
                211.29,
                0.0127669,
                310.841,
                210.92,
                0.0106471,
                311.427,
                211.567,
                0.00865086
            ],
            "hand_right_keypoints_2d": [
                304.121,
                214.072,
                0.0107004,
                303.008,
                212.816,
                0.0168434,
                306.13,
                210.986,
                0.0133797,
                306.238,
                211.022,
                0.0125653,
                307.565,
                213.498,
                0.00653387,
                305.305,
                211.991,
                0.0130431,
                305.771,
                212.206,
                0.0145309,
                305.52,
                212.422,
                0.00974579,
                303.331,
                213.893,
                0.00549909,
                304.802,
                212.17,
                0.0235686,
                305.52,
                212.529,
                0.0187908,
                305.197,
                212.816,
                0.00967859,
                303.331,
                213.965,
                0.00598904,
                304.659,
                212.493,
                0.0311092,
                304.946,
                213.103,
                0.0189324,
                304.874,
                213.067,
                0.0121237,
                303.331,
                213.857,
                0.00914401,
                304.551,
                212.78,
                0.0164361,
                305.52,
                213.642,
                0.011873,
                303.439,
                213.57,
                0.0105565,
                303.403,
                213.821,
                0.00895133
            ],
            "pose_keypoints_3d": [],
            "face_keypoints_3d": [],
            "hand_left_keypoints_3d": [],
            "hand_right_keypoints_3d": []
        }
    ]
}