{
    "version": 1.3,
    "people": [
        {
            "person_id": [
                -1
            ],
            "pose_keypoints_2d": [
                323.287,
                145.255,
                0.179696,
                323.269,
                152.151,
                0.707514,
                309.648,
                153.142,
                0.486465,
                308.659,
                173.647,
                0.313196,
                317.472,
                176.567,
                0.225018,
                332.105,
                151.11,
                0.425933,
                339.885,
                164.824,
                0.23487,
                336.029,
                173.654,
                0.153607,
                327.245,
                185.4,
                0.658823,
                331.125,
                185.386,
                0.445423,
                325.285,
                222.513,
                0.601579,
                325.3,
                252.877,
                0.607744,
                325.265,
                186.358,
                0.474219,
                330.157,
                221.568,
                0.520896,
                331.109,
                251.889,
                0.539612,
                321.351,
                143.311,
                0.158411,
                323.282,
                142.33,
                0.13244,
                319.402,
                140.372,
                0.293026,
                318.419,
                139.399,
                0.208467,
                327.223,
                255.819,
                0.3132,
                332.078,
                255.804,
                0.320634,
                331.104,
                253.89,
                0.409011,
                325.236,
                258.727,
                0.384522,
                323.301,
                256.787,
                0.383957,
                326.246,
                254.832,
                0.458066
            ],
            "face_keypoints_2d": [
                0,
                0,
                0,
                0,
                0,
                0,
                0,
                0,
                0,
                0,
                0,
                0,
                0,
                0,
                0,
                0,
                0,
                0,
                0,
                0,
                0,
                0,
                0,
                0,
                0,
                0,
                0,
                0,
                0,
                0,
                0,
                0,
                0,
                0,
                0,
                0,
                0,
                0,
                0,
                0,
                0,
                0,
                0,
                0,
                0,
                0,
                0,
                0,
                0,
                0,
                0,
                0,
                0,
                0,
                0,
                0,
                0,
                0,
                0,
                0,
                0,
                0,
                0,
                0,
                0,
                0,
                0,
                0,
                0,
                0,
                0,
                0,
                0,
                0,
                0,
                0,
                0,
                0,
                0,
                0,
                0,
                0,
                0,
                0,
                0,
                0,
                0,
                0,
                0,
                0,
                0,
                0,
                0,
                0,
                0,
                0,
                0,
                0,
                0,
                0,
                0,
                0,
                0,
                0,
                0,
                0,
                0,
                0,
                0,
                0,
                0,
                0,
                0,
                0,
                0,
                0,
                0,
                0,
                0,
                0,
                0,
                0,
                0,
                0,
                0,
                0,
                0,
                0,
                0,
                0,
                0,
                0,
                0,
                0,
                0,
                0,
                0,
                0,
                0,
                0,
                0,
                0,
                0,
                0,
                0,
                0,
                0,
                0,
                0,
                0,
                0,
                0,
                0,
                0,
                0,
                0,
                0,
                0,
                0,
                0,
                0,
                0,
                0,
                0,
                0,
                0,
                0,
                0,
                0,
                0,
                0,
                0,
                0,
                0,
                0,
                0,
                0,
                0,
                0,
                0,
                0,
                0,
                0,
                0,
                0,
                0,
                0,
                0,
                0,
                0,
                0,
                0,
                0,
                0,
                0,
                0,
                0,
                0,
                0,
                0,
                0,
                0,
                0,
                0,
                0,
                0,
                0,
                0,
                0,
                0
            ],
            "hand_left_keypoints_2d": [
                330.013,
                178.534,
                0.0331399,
                332.616,
                177.204,
                0.0263168,
                336.26,
                174.312,
                0.0181202,
                336.318,
                175.816,
                0.0115987,
                337.186,
                175.816,
                0.00785273,
                336.723,
                175.874,
                0.0194399,
                337.822,
                177.551,
                0.0152699,
                339.904,
                177.84,
                0.0102337,
                340.425,
                179.576,
                0.00778043,
                337.301,
                178.592,
                0.0132323,
                338.169,
                178.014,
                0.0203971,
                339.21,
                179.518,
                0.0187646,
                340.425,
                179.923,
                0.0105622,
                337.88,
                179.402,
                0.0128833,
                338.169,
                179.633,
                0.0163213,
                338.4,
                181.022,
                0.0140096,
                339.962,
                180.501,
                0.0116118,
                335.913,
                181.195,
                0.00963644,
                337.938,
                181.658,
                0.0105304,
                338.69,
                181.427,
                0.0198328,
                338.747,
                181.311,
                0.0115962
            ],
            "hand_right_keypoints_2d": [
                321.209,
                183.178,
                0.0227382,
                322.715,
                177.304,
                0.0297494,
                324.523,
                180.994,
                0.0246779,
                322.489,
                180.166,
                0.0183263,
                314.883,
                182.275,
                0.0118256,
                322.263,
                180.768,
                0.0242078,
                316.916,
                180.392,
                0.0208425,
                315.485,
                181.446,
                0.0326881,
                314.356,
                182.049,
                0.0116692,
                321.887,
                179.865,
                0.0146009,
                318.272,
                181.597,
                0.0200391,
                318.648,
                182.802,
                0.0183663,
                315.561,
                183.254,
                0.00883075,
                320.079,
                181.371,
                0.0123088,
                319.1,
                182.501,
                0.0160364,
                316.54,
                180.166,
                0.0118214,
                318.799,
                184.308,
                0.00928656,
                322.113,
                176.928,
                0.00993485,
                316.54,
                180.166,
                0.00996796,
                316.464,
                180.166,
                0.0105405,
                313.979,
                182.802,
                0.00866046
            ],
            "pose_keypoints_3d": [],
            "face_keypoints_3d": [],
            "hand_left_keypoints_3d": [],
            "hand_right_keypoints_3d": []
        }
    ]
}