{
    "version": 1.3,
    "people": [
        {
            "person_id": [
                -1
            ],
            "pose_keypoints_2d": [
                0,
                0,
                0,
                335.066,
                167.749,
                0.881565,
                351.679,
                167.763,
                0.853999,
                370.268,
                185.372,
                0.818425,
                380.086,
                200.09,
                0.782253,
                321.34,
                167.727,
                0.85428,
                309.616,
                190.284,
                0.815032,
                308.662,
                199.09,
                0.519095,
                337.008,
                208.853,
                0.744295,
                346.781,
                208.859,
                0.760885,
                342.873,
                242.132,
                0.69563,
                341.912,
                262.636,
                0.544122,
                326.282,
                208.873,
                0.748402,
                332.12,
                246.001,
                0.711068,
                337.99,
                263.663,
                0.413726,
                0,
                0,
                0,
                0,
                0,
                0,
                344.843,
                148.207,
                0.661006,
                331.108,
                147.254,
                0.736379,
                332.09,
                285.114,
                0.369344,
                331.114,
                284.167,
                0.352811,
                339.962,
                266.571,
                0.366883,
                346.783,
                270.516,
                0.328892,
                349.703,
                270.478,
                0.332827,
                343.834,
                263.648,
                0.455902
            ],
            "face_keypoints_2d": [
                0,
                0,
                0,
                0,
                0,
                0,
                0,
                0,
                0,
                0,
                0,
                0,
                0,
                0,
                0,
                0,
                0,
                0,
                0,
                0,
                0,
                0,
                0,
                0,
                0,
                0,
                0,
                0,
                0,
                0,
                0,
                0,
                0,
                0,
                0,
                0,
                0,
                0,
                0,
                0,
                0,
                0,
                0,
                0,
                0,
                0,
                0,
                0,
                0,
                0,
                0,
                0,
                0,
                0,
                0,
                0,
                0,
                0,
                0,
                0,
                0,
                0,
                0,
                0,
                0,
                0,
                0,
                0,
                0,
                0,
                0,
                0,
                0,
                0,
                0,
                0,
                0,
                0,
                0,
                0,
                0,
                0,
                0,
                0,
                0,
                0,
                0,
                0,
                0,
                0,
                0,
                0,
                0,
                0,
                0,
                0,
                0,
                0,
                0,
                0,
                0,
                0,
                0,
                0,
                0,
                0,
                0,
                0,
                0,
                0,
                0,
                0,
                0,
                0,
                0,
                0,
                0,
                0,
                0,
                0,
                0,
                0,
                0,
                0,
                0,
                0,
                0,
                0,
                0,
                0,
                0,
                0,
                0,
                0,
                0,
                0,
                0,
                0,
                0,
                0,
                0,
                0,
                0,
                0,
                0,
                0,
                0,
                0,
                0,
                0,
                0,
                0,
                0,
                0,
                0,
                0,
                0,
                0,
                0,
                0,
                0,
                0,
                0,
                0,
                0,
                0,
                0,
                0,
                0,
                0,
                0,
                0,
                0,
                0,
                0,
                0,
                0,
                0,
                0,
                0,
                0,
                0,
                0,
                0,
                0,
                0,
                0,
                0,
                0,
                0,
                0,
                0,
                0,
                0,
                0,
                0,
                0,
                0,
                0,
                0,
                0,
                0,
                0,
                0,
                0,
                0,
                0,
                0,
                0,
                0
            ],
            "hand_left_keypoints_2d": [
                304.058,
                200.317,
                0.0302116,
                313.57,
                206.752,
                0.0220545,
                313.197,
                201.902,
                0.0244049,
                315.622,
                208.431,
                0.0352824,
                316.368,
                210.576,
                0.0936657,
                315.529,
                205.073,
                0.0137326,
                300.327,
                198.638,
                0.00890285,
                299.488,
                213.373,
                0.032281,
                297.716,
                215.238,
                0.023181,
                302.566,
                203.301,
                0.00623541,
                300.7,
                212.068,
                0.00390208,
                300.514,
                212.534,
                0.0156181,
                301.353,
                203.954,
                0.00713951,
                302.566,
                208.057,
                0.00606897,
                302.006,
                208.151,
                0.0045131,
                301.633,
                208.244,
                0.00703792,
                301.82,
                205.073,
                0.00638104,
                302.845,
                208.337,
                0.00680926,
                303.312,
                212.068,
                0.00752924,
                299.861,
                213.467,
                0.0117431,
                322.71,
                198.732,
                0.00563573
            ],
            "hand_right_keypoints_2d": [
                376.938,
                195.93,
                0.0396344,
                381.071,
                198.56,
                0.0724785,
                378.911,
                201.002,
                0.0349847,
                376.093,
                204.665,
                0.0685832,
                375.529,
                205.041,
                0.0296661,
                376.093,
                205.98,
                0.0291751,
                375.248,
                206.92,
                0.0536073,
                374.402,
                207.483,
                0.0765712,
                373.369,
                208.235,
                0.109254,
                384.265,
                204.102,
                0.0107588,
                375.717,
                209.644,
                0.0185055,
                382.668,
                207.014,
                0.0185864,
                373.933,
                210.489,
                0.0151138,
                380.038,
                206.356,
                0.0104628,
                375.811,
                210.02,
                0.0144814,
                383.702,
                206.544,
                0.0122283,
                383.608,
                206.826,
                0.0141061,
                379.756,
                206.544,
                0.0109732,
                374.684,
                208.798,
                0.00916998,
                374.496,
                208.611,
                0.0103786,
                388.022,
                206.92,
                0.0110912
            ],
            "pose_keypoints_3d": [],
            "face_keypoints_3d": [],
            "hand_left_keypoints_3d": [],
            "hand_right_keypoints_3d": []
        }
    ]
}