{
    "version": 1.3,
    "people": [
        {
            "person_id": [
                -1
            ],
            "pose_keypoints_2d": [
                0,
                0,
                0,
                417.229,
                113.978,
                0.886414,
                440.67,
                114.956,
                0.798845,
                450.499,
                160.922,
                0.851524,
                448.5,
                192.251,
                0.619951,
                393.726,
                113.932,
                0.831094,
                387.883,
                155.068,
                0.860656,
                386.878,
                194.169,
                0.849017,
                425.022,
                186.365,
                0.602944,
                438.752,
                184.414,
                0.588387,
                450.456,
                258.746,
                0.809444,
                465.12,
                328.185,
                0.747411,
                410.312,
                188.306,
                0.614535,
                389.836,
                251.884,
                0.802427,
                386.841,
                309.605,
                0.873907,
                0,
                0,
                0,
                393.7,
                84.6399,
                0.10808,
                418.202,
                89.4744,
                0.469839,
                396.678,
                88.5016,
                0.871436,
                370.247,
                309.66,
                0.748695,
                371.267,
                313.521,
                0.809503,
                387.882,
                316.482,
                0.856329,
                441.681,
                334.057,
                0.674426,
                443.649,
                333.069,
                0.606121,
                468.103,
                335.073,
                0.675664
            ],
            "face_keypoints_2d": [
                0,
                0,
                0,
                0,
                0,
                0,
                0,
                0,
                0,
                0,
                0,
                0,
                0,
                0,
                0,
                0,
                0,
                0,
                0,
                0,
                0,
                0,
                0,
                0,
                0,
                0,
                0,
                0,
                0,
                0,
                0,
                0,
                0,
                0,
                0,
                0,
                0,
                0,
                0,
                0,
                0,
                0,
                0,
                0,
                0,
                0,
                0,
                0,
                0,
                0,
                0,
                0,
                0,
                0,
                0,
                0,
                0,
                0,
                0,
                0,
                0,
                0,
                0,
                0,
                0,
                0,
                0,
                0,
                0,
                0,
                0,
                0,
                0,
                0,
                0,
                0,
                0,
                0,
                0,
                0,
                0,
                0,
                0,
                0,
                0,
                0,
                0,
                0,
                0,
                0,
                0,
                0,
                0,
                0,
                0,
                0,
                0,
                0,
                0,
                0,
                0,
                0,
                0,
                0,
                0,
                0,
                0,
                0,
                0,
                0,
                0,
                0,
                0,
                0,
                0,
                0,
                0,
                0,
                0,
                0,
                0,
                0,
                0,
                0,
                0,
                0,
                0,
                0,
                0,
                0,
                0,
                0,
                0,
                0,
                0,
                0,
                0,
                0,
                0,
                0,
                0,
                0,
                0,
                0,
                0,
                0,
                0,
                0,
                0,
                0,
                0,
                0,
                0,
                0,
                0,
                0,
                0,
                0,
                0,
                0,
                0,
                0,
                0,
                0,
                0,
                0,
                0,
                0,
                0,
                0,
                0,
                0,
                0,
                0,
                0,
                0,
                0,
                0,
                0,
                0,
                0,
                0,
                0,
                0,
                0,
                0,
                0,
                0,
                0,
                0,
                0,
                0,
                0,
                0,
                0,
                0,
                0,
                0,
                0,
                0,
                0,
                0,
                0,
                0,
                0,
                0,
                0,
                0,
                0,
                0
            ],
            "hand_left_keypoints_2d": [
                388.46,
                209.304,
                0.0498754,
                384.952,
                208.666,
                0.0248371,
                379.532,
                209.144,
                0.0286913,
                375.068,
                216.797,
                0.0221877,
                367.096,
                223.174,
                0.017906,
                387.503,
                208.666,
                0.024433,
                380.01,
                217.116,
                0.0438749,
                374.589,
                215.362,
                0.0733722,
                366.458,
                222.855,
                0.0387921,
                381.445,
                216.318,
                0.0124006,
                381.604,
                216.797,
                0.0211083,
                376.184,
                214.724,
                0.0152834,
                366.299,
                222.855,
                0.0238456,
                381.604,
                216.318,
                0.0115625,
                381.126,
                216.637,
                0.0177088,
                381.445,
                216.637,
                0.011175,
                369.647,
                216.637,
                0.00785345,
                380.807,
                216.478,
                0.0135838,
                378.097,
                215.84,
                0.0426691,
                375.068,
                215.521,
                0.0636928,
                375.068,
                215.362,
                0.0184583
            ],
            "hand_right_keypoints_2d": [
                439.736,
                194.657,
                0.0669185,
                445.771,
                197.761,
                0.0415266,
                447.495,
                198.795,
                0.0245591,
                455.255,
                203.106,
                0.0391323,
                451.289,
                207.245,
                0.0326571,
                436.459,
                212.935,
                0.0227707,
                446.978,
                207.935,
                0.0360134,
                451.979,
                212.935,
                0.0549764,
                453.876,
                216.384,
                0.0479195,
                436.114,
                212.935,
                0.0378794,
                446.806,
                211.556,
                0.0418002,
                451.289,
                212.935,
                0.0753602,
                453.876,
                215.694,
                0.0537597,
                436.114,
                212.935,
                0.0257369,
                445.599,
                214.66,
                0.0318341,
                452.151,
                212.763,
                0.0573633,
                452.841,
                215.694,
                0.0679762,
                436.114,
                213.108,
                0.0102304,
                448.185,
                216.212,
                0.0150941,
                449.91,
                216.557,
                0.0328044,
                452.669,
                217.591,
                0.0348389
            ],
            "pose_keypoints_3d": [],
            "face_keypoints_3d": [],
            "hand_left_keypoints_3d": [],
            "hand_right_keypoints_3d": []
        }
    ]
}