{
    "version": 1.3,
    "people": [
        {
            "person_id": [
                -1
            ],
            "pose_keypoints_2d": [
                0,
                0,
                0,
                371.238,
                120.76,
                0.905193,
                394.684,
                118.858,
                0.80961,
                410.393,
                152.146,
                0.905266,
                419.143,
                188.318,
                0.820695,
                347.738,
                120.853,
                0.863183,
                341.894,
                162.875,
                0.837373,
                340.963,
                200.029,
                0.771053,
                381.994,
                184.399,
                0.646536,
                395.662,
                183.406,
                0.672012,
                389.843,
                244.055,
                0.801583,
                401.552,
                299.809,
                0.747556,
                370.26,
                186.346,
                0.636877,
                372.226,
                245.99,
                0.846158,
                389.83,
                301.824,
                0.782684,
                0,
                0,
                0,
                0,
                0,
                0,
                373.215,
                96.3432,
                0.717607,
                354.619,
                97.2913,
                0.892083,
                379.018,
                318.405,
                0.739988,
                381.046,
                318.413,
                0.755371,
                395.711,
                308.649,
                0.824274,
                399.608,
                316.409,
                0.16353,
                403.536,
                310.631,
                0.142268,
                403.537,
                305.71,
                0.710661
            ],
            "face_keypoints_2d": [
                0,
                0,
                0,
                0,
                0,
                0,
                0,
                0,
                0,
                0,
                0,
                0,
                0,
                0,
                0,
                0,
                0,
                0,
                0,
                0,
                0,
                0,
                0,
                0,
                0,
                0,
                0,
                0,
                0,
                0,
                0,
                0,
                0,
                0,
                0,
                0,
                0,
                0,
                0,
                0,
                0,
                0,
                0,
                0,
                0,
                0,
                0,
                0,
                0,
                0,
                0,
                0,
                0,
                0,
                0,
                0,
                0,
                0,
                0,
                0,
                0,
                0,
                0,
                0,
                0,
                0,
                0,
                0,
                0,
                0,
                0,
                0,
                0,
                0,
                0,
                0,
                0,
                0,
                0,
                0,
                0,
                0,
                0,
                0,
                0,
                0,
                0,
                0,
                0,
                0,
                0,
                0,
                0,
                0,
                0,
                0,
                0,
                0,
                0,
                0,
                0,
                0,
                0,
                0,
                0,
                0,
                0,
                0,
                0,
                0,
                0,
                0,
                0,
                0,
                0,
                0,
                0,
                0,
                0,
                0,
                0,
                0,
                0,
                0,
                0,
                0,
                0,
                0,
                0,
                0,
                0,
                0,
                0,
                0,
                0,
                0,
                0,
                0,
                0,
                0,
                0,
                0,
                0,
                0,
                0,
                0,
                0,
                0,
                0,
                0,
                0,
                0,
                0,
                0,
                0,
                0,
                0,
                0,
                0,
                0,
                0,
                0,
                0,
                0,
                0,
                0,
                0,
                0,
                0,
                0,
                0,
                0,
                0,
                0,
                0,
                0,
                0,
                0,
                0,
                0,
                0,
                0,
                0,
                0,
                0,
                0,
                0,
                0,
                0,
                0,
                0,
                0,
                0,
                0,
                0,
                0,
                0,
                0,
                0,
                0,
                0,
                0,
                0,
                0,
                0,
                0,
                0,
                0,
                0,
                0
            ],
            "hand_left_keypoints_2d": [
                347.348,
                214.158,
                0.0402836,
                347.504,
                211.979,
                0.0273861,
                339.41,
                216.803,
                0.0287552,
                332.873,
                210.422,
                0.0340468,
                335.052,
                215.091,
                0.0228571,
                336.92,
                215.558,
                0.0278785,
                324.158,
                214.313,
                0.0364573,
                337.698,
                214.624,
                0.0233742,
                324.002,
                214.936,
                0.0127371,
                332.562,
                216.337,
                0.0135459,
                334.897,
                216.959,
                0.0195009,
                335.831,
                218.671,
                0.0120494,
                334.118,
                216.492,
                0.0091303,
                332.406,
                216.492,
                0.0135708,
                334.741,
                216.803,
                0.0146934,
                332.562,
                215.87,
                0.0126443,
                335.052,
                214.002,
                0.00859407,
                333.807,
                217.115,
                0.0126461,
                333.34,
                210.267,
                0.0109854,
                332.873,
                210.733,
                0.0104006,
                335.052,
                213.846,
                0.00792289
            ],
            "hand_right_keypoints_2d": [
                418.541,
                199.041,
                0.0497828,
                413.991,
                198.283,
                0.034184,
                423.547,
                197.979,
                0.0264204,
                423.699,
                199.496,
                0.0175431,
                424.609,
                200.71,
                0.0100102,
                423.547,
                198.586,
                0.0250927,
                411.26,
                207.536,
                0.0116332,
                425.064,
                200.406,
                0.00935158,
                425.519,
                200.71,
                0.00804836,
                419.603,
                203.289,
                0.00911057,
                411.412,
                208.294,
                0.00925207,
                415.507,
                209.508,
                0.00963458,
                415.052,
                210.115,
                0.00610396,
                415.811,
                206.929,
                0.00815089,
                418.39,
                206.778,
                0.0101558,
                416.569,
                211.632,
                0.00944381,
                416.569,
                211.783,
                0.00903809,
                409.136,
                208.446,
                0.0144103,
                408.681,
                209.205,
                0.00840795,
                416.721,
                211.783,
                0.00793211,
                416.569,
                212.39,
                0.00759509
            ],
            "pose_keypoints_3d": [],
            "face_keypoints_3d": [],
            "hand_left_keypoints_3d": [],
            "hand_right_keypoints_3d": []
        }
    ]
}