{
    "version": 1.3,
    "people": [
        {
            "person_id": [
                -1
            ],
            "pose_keypoints_2d": [
                0,
                0,
                0,
                354.598,
                148.203,
                0.836671,
                375.137,
                147.221,
                0.796481,
                393.726,
                174.586,
                0.791186,
                402.497,
                206.923,
                0.820064,
                332.078,
                150.143,
                0.813247,
                325.283,
                189.306,
                0.865254,
                325.271,
                220.582,
                0.793753,
                367.337,
                205.907,
                0.669812,
                379.062,
                202.029,
                0.664843,
                357.544,
                253.814,
                0.806728,
                356.524,
                301.822,
                0.849877,
                356.584,
                206.91,
                0.678884,
                372.217,
                254.854,
                0.835615,
                396.665,
                294.928,
                0.808716,
                0,
                0,
                0,
                0,
                0,
                0,
                357.569,
                127.668,
                0.633696,
                339.927,
                128.588,
                0.907722,
                401.547,
                318.427,
                0.734484,
                405.491,
                316.447,
                0.708279,
                402.542,
                295.912,
                0.683461,
                344.829,
                303.743,
                0.57174,
                346.775,
                301.825,
                0.578788,
                357.555,
                308.614,
                0.767262
            ],
            "face_keypoints_2d": [
                0,
                0,
                0,
                0,
                0,
                0,
                0,
                0,
                0,
                0,
                0,
                0,
                0,
                0,
                0,
                0,
                0,
                0,
                0,
                0,
                0,
                0,
                0,
                0,
                0,
                0,
                0,
                0,
                0,
                0,
                0,
                0,
                0,
                0,
                0,
                0,
                0,
                0,
                0,
                0,
                0,
                0,
                0,
                0,
                0,
                0,
                0,
                0,
                0,
                0,
                0,
                0,
                0,
                0,
                0,
                0,
                0,
                0,
                0,
                0,
                0,
                0,
                0,
                0,
                0,
                0,
                0,
                0,
                0,
                0,
                0,
                0,
                0,
                0,
                0,
                0,
                0,
                0,
                0,
                0,
                0,
                0,
                0,
                0,
                0,
                0,
                0,
                0,
                0,
                0,
                0,
                0,
                0,
                0,
                0,
                0,
                0,
                0,
                0,
                0,
                0,
                0,
                0,
                0,
                0,
                0,
                0,
                0,
                0,
                0,
                0,
                0,
                0,
                0,
                0,
                0,
                0,
                0,
                0,
                0,
                0,
                0,
                0,
                0,
                0,
                0,
                0,
                0,
                0,
                0,
                0,
                0,
                0,
                0,
                0,
                0,
                0,
                0,
                0,
                0,
                0,
                0,
                0,
                0,
                0,
                0,
                0,
                0,
                0,
                0,
                0,
                0,
                0,
                0,
                0,
                0,
                0,
                0,
                0,
                0,
                0,
                0,
                0,
                0,
                0,
                0,
                0,
                0,
                0,
                0,
                0,
                0,
                0,
                0,
                0,
                0,
                0,
                0,
                0,
                0,
                0,
                0,
                0,
                0,
                0,
                0,
                0,
                0,
                0,
                0,
                0,
                0,
                0,
                0,
                0,
                0,
                0,
                0,
                0,
                0,
                0,
                0,
                0,
                0,
                0,
                0,
                0,
                0,
                0,
                0
            ],
            "hand_left_keypoints_2d": [
                308.353,
                230.757,
                0.0534932,
                335.329,
                226.965,
                0.015203,
                329.642,
                225.945,
                0.0204895,
                330.517,
                236.006,
                0.017307,
                334.308,
                234.839,
                0.0102855,
                329.642,
                227.986,
                0.0162473,
                333.142,
                235.131,
                0.0195567,
                334.308,
                235.86,
                0.0331041,
                337.516,
                238.339,
                0.0187688,
                331.392,
                234.402,
                0.00791561,
                332.85,
                234.839,
                0.0114773,
                334.892,
                236.152,
                0.00819723,
                337.516,
                239.068,
                0.00861113,
                331.246,
                234.694,
                0.00693095,
                331.975,
                234.694,
                0.00685991,
                335.767,
                236.298,
                0.0091698,
                338.537,
                238.922,
                0.010625,
                330.663,
                235.568,
                0.00651616,
                331.1,
                236.006,
                0.00758675,
                336.35,
                236.881,
                0.0108052,
                338.537,
                238.631,
                0.00972059
            ],
            "hand_right_keypoints_2d": [
                403.207,
                216.638,
                0.034512,
                409.079,
                215.682,
                0.018713,
                409.352,
                214.453,
                0.0127896,
                414.679,
                213.087,
                0.0182447,
                420.961,
                229.748,
                0.00662025,
                410.991,
                220.052,
                0.0293088,
                411.401,
                220.052,
                0.0144008,
                411.401,
                220.188,
                0.0179962,
                409.352,
                220.325,
                0.0118209,
                410.582,
                220.052,
                0.0440922,
                414.269,
                218.55,
                0.0172759,
                411.401,
                220.188,
                0.0175953,
                409.489,
                220.871,
                0.0128696,
                410.172,
                221.418,
                0.0444502,
                414.815,
                219.096,
                0.0151011,
                410.308,
                222.237,
                0.0128379,
                410.308,
                221.008,
                0.0110856,
                410.172,
                222.373,
                0.0497288,
                418.776,
                220.598,
                0.0127367,
                411.401,
                223.466,
                0.0141487,
                410.582,
                222.647,
                0.011894
            ],
            "pose_keypoints_3d": [],
            "face_keypoints_3d": [],
            "hand_left_keypoints_3d": [],
            "hand_right_keypoints_3d": []
        }
    ]
}