{
    "version": 1.3,
    "people": [
        {
            "person_id": [
                -1
            ],
            "pose_keypoints_2d": [
                346.789,
                174.6,
                0.265142,
                348.759,
                177.57,
                0.856729,
                340.936,
                177.552,
                0.819718,
                332.074,
                172.672,
                0.52683,
                324.275,
                168.782,
                0.263466,
                356.595,
                178.53,
                0.836209,
                366.35,
                190.276,
                0.735635,
                370.265,
                198.102,
                0.600603,
                349.737,
                203.955,
                0.835287,
                345.819,
                203.949,
                0.811151,
                346.74,
                222.582,
                0.88605,
                346.754,
                245.05,
                0.839092,
                356.532,
                203.965,
                0.850898,
                356.52,
                222.581,
                0.934705,
                355.584,
                243.103,
                0.856518,
                345.811,
                172.648,
                0.206716,
                347.755,
                170.717,
                0.249333,
                345.791,
                175.567,
                0.11685,
                350.695,
                172.662,
                0.276623,
                355.615,
                247.986,
                0.698292,
                357.572,
                246.997,
                0.704933,
                354.606,
                245.044,
                0.643139,
                347.73,
                249.928,
                0.743358,
                341.931,
                248.001,
                0.738458,
                347.713,
                246.052,
                0.73423
            ],
            "face_keypoints_2d": [
                0,
                0,
                0,
                0,
                0,
                0,
                0,
                0,
                0,
                0,
                0,
                0,
                0,
                0,
                0,
                0,
                0,
                0,
                0,
                0,
                0,
                0,
                0,
                0,
                0,
                0,
                0,
                0,
                0,
                0,
                0,
                0,
                0,
                0,
                0,
                0,
                0,
                0,
                0,
                0,
                0,
                0,
                0,
                0,
                0,
                0,
                0,
                0,
                0,
                0,
                0,
                0,
                0,
                0,
                0,
                0,
                0,
                0,
                0,
                0,
                0,
                0,
                0,
                0,
                0,
                0,
                0,
                0,
                0,
                0,
                0,
                0,
                0,
                0,
                0,
                0,
                0,
                0,
                0,
                0,
                0,
                0,
                0,
                0,
                0,
                0,
                0,
                0,
                0,
                0,
                0,
                0,
                0,
                0,
                0,
                0,
                0,
                0,
                0,
                0,
                0,
                0,
                0,
                0,
                0,
                0,
                0,
                0,
                0,
                0,
                0,
                0,
                0,
                0,
                0,
                0,
                0,
                0,
                0,
                0,
                0,
                0,
                0,
                0,
                0,
                0,
                0,
                0,
                0,
                0,
                0,
                0,
                0,
                0,
                0,
                0,
                0,
                0,
                0,
                0,
                0,
                0,
                0,
                0,
                0,
                0,
                0,
                0,
                0,
                0,
                0,
                0,
                0,
                0,
                0,
                0,
                0,
                0,
                0,
                0,
                0,
                0,
                0,
                0,
                0,
                0,
                0,
                0,
                0,
                0,
                0,
                0,
                0,
                0,
                0,
                0,
                0,
                0,
                0,
                0,
                0,
                0,
                0,
                0,
                0,
                0,
                0,
                0,
                0,
                0,
                0,
                0,
                0,
                0,
                0,
                0,
                0,
                0,
                0,
                0,
                0,
                0,
                0,
                0,
                0,
                0,
                0,
                0,
                0,
                0
            ],
            "hand_left_keypoints_2d": [
                364.052,
                201.301,
                0.0368352,
                373.014,
                200.74,
                0.00664226,
                372.958,
                200.684,
                0.00866389,
                372.678,
                200.516,
                0.00821723,
                371.95,
                200.852,
                0.00482425,
                372.958,
                200.964,
                0.00920516,
                373.406,
                201.076,
                0.00826955,
                373.518,
                201.132,
                0.00639984,
                371.389,
                202.141,
                0.00309875,
                373.294,
                201.188,
                0.00713533,
                373.238,
                201.245,
                0.00562183,
                373.182,
                201.301,
                0.00494937,
                371.726,
                201.973,
                0.00125294,
                373.294,
                201.132,
                0.0069891,
                373.238,
                201.245,
                0.00707825,
                373.126,
                201.413,
                0.00599425,
                370.773,
                203.205,
                0.0025036,
                373.462,
                201.02,
                0.00817025,
                373.574,
                201.076,
                0.00686788,
                373.798,
                201.357,
                0.00542672,
                370.717,
                203.317,
                0.00317845
            ],
            "hand_right_keypoints_2d": [
                322.518,
                169.688,
                0.0101214,
                320.291,
                168.834,
                0.0172677,
                323.334,
                166.645,
                0.0126912,
                323.52,
                166.83,
                0.0116929,
                324.633,
                169.131,
                0.00740418,
                322.704,
                167.313,
                0.0128024,
                322.815,
                167.35,
                0.0142789,
                322.481,
                167.907,
                0.0097077,
                322.295,
                168.315,
                0.00511817,
                321.85,
                167.61,
                0.0239229,
                322.629,
                167.573,
                0.0180881,
                322.295,
                168.092,
                0.00957112,
                322.035,
                168.241,
                0.00355568,
                321.85,
                168.129,
                0.0324603,
                321.998,
                168.204,
                0.0183738,
                321.887,
                168.315,
                0.0122898,
                321.701,
                168.352,
                0.0066366,
                321.627,
                168.463,
                0.017108,
                322.184,
                169.651,
                0.0118481,
                321.739,
                168.612,
                0.0100101,
                321.553,
                168.649,
                0.00715437
            ],
            "pose_keypoints_3d": [],
            "face_keypoints_3d": [],
            "hand_left_keypoints_3d": [],
            "hand_right_keypoints_3d": []
        }
    ]
}