{
    "version": 1.3,
    "people": [
        {
            "person_id": [
                -1
            ],
            "pose_keypoints_2d": [
                294.943,
                192.189,
                0.181516,
                294.94,
                199.045,
                0.711372,
                293.949,
                199.04,
                0.851453,
                294.95,
                207.847,
                0.856846,
                302.797,
                211.78,
                0.742024,
                296.913,
                199.048,
                0.622975,
                301.73,
                206.916,
                0.150291,
                303.738,
                211.793,
                0.0630887,
                299.813,
                217.657,
                0.759744,
                296.878,
                217.647,
                0.770668,
                294.022,
                234.292,
                0.690963,
                291.038,
                248.987,
                0.49808,
                300.817,
                217.654,
                0.781119,
                302.802,
                233.331,
                0.608687,
                308.668,
                248.971,
                0.574479,
                294.017,
                191.236,
                0.183738,
                294.045,
                191.223,
                0.0669571,
                293.967,
                191.245,
                0.341064,
                0,
                0,
                0,
                309.644,
                250.925,
                0.467388,
                310.578,
                250.91,
                0.454028,
                308.605,
                251.898,
                0.48215,
                292.996,
                252.88,
                0.445961,
                291.024,
                252.861,
                0.411113,
                290.042,
                250.918,
                0.419532
            ],
            "face_keypoints_2d": [
                0,
                0,
                0,
                0,
                0,
                0,
                0,
                0,
                0,
                0,
                0,
                0,
                0,
                0,
                0,
                0,
                0,
                0,
                0,
                0,
                0,
                0,
                0,
                0,
                0,
                0,
                0,
                0,
                0,
                0,
                0,
                0,
                0,
                0,
                0,
                0,
                0,
                0,
                0,
                0,
                0,
                0,
                0,
                0,
                0,
                0,
                0,
                0,
                0,
                0,
                0,
                0,
                0,
                0,
                0,
                0,
                0,
                0,
                0,
                0,
                0,
                0,
                0,
                0,
                0,
                0,
                0,
                0,
                0,
                0,
                0,
                0,
                0,
                0,
                0,
                0,
                0,
                0,
                0,
                0,
                0,
                0,
                0,
                0,
                0,
                0,
                0,
                0,
                0,
                0,
                0,
                0,
                0,
                0,
                0,
                0,
                0,
                0,
                0,
                0,
                0,
                0,
                0,
                0,
                0,
                0,
                0,
                0,
                0,
                0,
                0,
                0,
                0,
                0,
                0,
                0,
                0,
                0,
                0,
                0,
                0,
                0,
                0,
                0,
                0,
                0,
                0,
                0,
                0,
                0,
                0,
                0,
                0,
                0,
                0,
                0,
                0,
                0,
                0,
                0,
                0,
                0,
                0,
                0,
                0,
                0,
                0,
                0,
                0,
                0,
                0,
                0,
                0,
                0,
                0,
                0,
                0,
                0,
                0,
                0,
                0,
                0,
                0,
                0,
                0,
                0,
                0,
                0,
                0,
                0,
                0,
                0,
                0,
                0,
                0,
                0,
                0,
                0,
                0,
                0,
                0,
                0,
                0,
                0,
                0,
                0,
                0,
                0,
                0,
                0,
                0,
                0,
                0,
                0,
                0,
                0,
                0,
                0,
                0,
                0,
                0,
                0,
                0,
                0,
                0,
                0,
                0,
                0,
                0,
                0
            ],
            "hand_left_keypoints_2d": [
                303.284,
                214.181,
                0.0112449,
                305.01,
                214.283,
                0.0164557,
                302.573,
                213.2,
                0.0132741,
                301.151,
                214.046,
                0.014267,
                301.32,
                214.756,
                0.00830721,
                302.64,
                213.098,
                0.0141304,
                302.708,
                213.2,
                0.0119889,
                303.047,
                213.572,
                0.00849695,
                303.25,
                215.129,
                0.00424417,
                303.825,
                213.437,
                0.0125579,
                302.742,
                213.47,
                0.0116312,
                303.487,
                213.843,
                0.00719608,
                303.588,
                215.027,
                0.0028585,
                304.13,
                213.504,
                0.0140278,
                303.047,
                213.809,
                0.0119665,
                304.299,
                213.707,
                0.00908845,
                304.637,
                214.553,
                0.00469419,
                304.299,
                213.775,
                0.0127543,
                305.314,
                214.283,
                0.00959373,
                304.739,
                214.384,
                0.00824109,
                304.637,
                214.553,
                0.00565882
            ],
            "hand_right_keypoints_2d": [
                306.281,
                214.58,
                0.0105991,
                304.528,
                213.865,
                0.0170045,
                307.068,
                212.577,
                0.0132282,
                308.678,
                214.759,
                0.01263,
                308.535,
                214.33,
                0.00712254,
                306.46,
                213.507,
                0.0122055,
                306.711,
                213.543,
                0.0133809,
                306.21,
                214.437,
                0.00934525,
                305.566,
                214.795,
                0.00558149,
                305.888,
                213.507,
                0.0170057,
                306.639,
                213.829,
                0.0169273,
                306.353,
                214.223,
                0.00886469,
                305.208,
                215.153,
                0.00549619,
                305.852,
                213.722,
                0.0244066,
                306.317,
                214.151,
                0.0172423,
                305.423,
                214.545,
                0.0106932,
                304.886,
                214.974,
                0.0077347,
                303.455,
                213.686,
                0.0181784,
                306.567,
                214.545,
                0.010476,
                304.814,
                214.616,
                0.00977072,
                304.743,
                214.831,
                0.00767384
            ],
            "pose_keypoints_3d": [],
            "face_keypoints_3d": [],
            "hand_left_keypoints_3d": [],
            "hand_right_keypoints_3d": []
        }
    ]
}