{
    "version": 1.3,
    "people": [
        {
            "person_id": [
                -1
            ],
            "pose_keypoints_2d": [
                0,
                0,
                0,
                334.087,
                156.018,
                0.858745,
                353.616,
                157.018,
                0.828075,
                362.405,
                185.365,
                0.857746,
                347.75,
                192.28,
                0.537672,
                317.405,
                154.112,
                0.869087,
                307.649,
                179.53,
                0.719115,
                307.635,
                195.178,
                0.550853,
                337.977,
                200.037,
                0.763048,
                347.769,
                200.053,
                0.815246,
                351.693,
                244.056,
                0.807439,
                361.439,
                284.183,
                0.768678,
                326.243,
                200.064,
                0.748067,
                324.276,
                234.302,
                0.805017,
                327.23,
                267.552,
                0.771538,
                0,
                0,
                0,
                0,
                0,
                0,
                340.919,
                137.458,
                0.737528,
                325.285,
                137.436,
                0.934317,
                327.205,
                284.149,
                0.652541,
                324.283,
                280.274,
                0.700874,
                331.132,
                270.481,
                0.730994,
                355.612,
                294.933,
                0.743585,
                359.505,
                293.964,
                0.67688,
                362.437,
                288.096,
                0.75877
            ],
            "face_keypoints_2d": [
                0,
                0,
                0,
                0,
                0,
                0,
                0,
                0,
                0,
                0,
                0,
                0,
                0,
                0,
                0,
                0,
                0,
                0,
                0,
                0,
                0,
                0,
                0,
                0,
                0,
                0,
                0,
                0,
                0,
                0,
                0,
                0,
                0,
                0,
                0,
                0,
                0,
                0,
                0,
                0,
                0,
                0,
                0,
                0,
                0,
                0,
                0,
                0,
                0,
                0,
                0,
                0,
                0,
                0,
                0,
                0,
                0,
                0,
                0,
                0,
                0,
                0,
                0,
                0,
                0,
                0,
                0,
                0,
                0,
                0,
                0,
                0,
                0,
                0,
                0,
                0,
                0,
                0,
                0,
                0,
                0,
                0,
                0,
                0,
                0,
                0,
                0,
                0,
                0,
                0,
                0,
                0,
                0,
                0,
                0,
                0,
                0,
                0,
                0,
                0,
                0,
                0,
                0,
                0,
                0,
                0,
                0,
                0,
                0,
                0,
                0,
                0,
                0,
                0,
                0,
                0,
                0,
                0,
                0,
                0,
                0,
                0,
                0,
                0,
                0,
                0,
                0,
                0,
                0,
                0,
                0,
                0,
                0,
                0,
                0,
                0,
                0,
                0,
                0,
                0,
                0,
                0,
                0,
                0,
                0,
                0,
                0,
                0,
                0,
                0,
                0,
                0,
                0,
                0,
                0,
                0,
                0,
                0,
                0,
                0,
                0,
                0,
                0,
                0,
                0,
                0,
                0,
                0,
                0,
                0,
                0,
                0,
                0,
                0,
                0,
                0,
                0,
                0,
                0,
                0,
                0,
                0,
                0,
                0,
                0,
                0,
                0,
                0,
                0,
                0,
                0,
                0,
                0,
                0,
                0,
                0,
                0,
                0,
                0,
                0,
                0,
                0,
                0,
                0,
                0,
                0,
                0,
                0,
                0,
                0
            ],
            "hand_left_keypoints_2d": [
                303.236,
                207.034,
                0.0255493,
                302.337,
                203.139,
                0.0285813,
                309.128,
                202.24,
                0.0194922,
                307.93,
                201.541,
                0.0171199,
                311.226,
                205.336,
                0.0152555,
                304.934,
                194.45,
                0.0133153,
                307.53,
                198.245,
                0.0137502,
                308.929,
                200.842,
                0.0158301,
                310.327,
                203.938,
                0.00922473,
                307.43,
                199.643,
                0.00859959,
                308.729,
                198.045,
                0.00727116,
                308.829,
                201.341,
                0.0122237,
                310.127,
                203.838,
                0.00988031,
                303.735,
                197.346,
                0.00727551,
                309.728,
                198.245,
                0.00719467,
                309.228,
                199.244,
                0.00884731,
                309.828,
                203.738,
                0.00888936,
                311.625,
                204.038,
                0.00713275,
                307.73,
                198.345,
                0.00699792,
                309.628,
                200.342,
                0.00765092,
                310.027,
                203.838,
                0.00656085
            ],
            "hand_right_keypoints_2d": [
                337.253,
                192.819,
                0.0140366,
                346.943,
                187.92,
                0.0153206,
                350.209,
                192.602,
                0.018784,
                352.169,
                196.412,
                0.0557454,
                353.04,
                197.501,
                0.0212527,
                352.822,
                197.174,
                0.0248136,
                352.169,
                196.412,
                0.0476424,
                352.06,
                196.957,
                0.0671953,
                354.346,
                197.61,
                0.0342829,
                346.834,
                191.404,
                0.0276962,
                350.1,
                194.126,
                0.0272065,
                351.733,
                195.65,
                0.0203122,
                331.047,
                190.642,
                0.0133955,
                346.725,
                191.839,
                0.0232162,
                348.902,
                193.146,
                0.0217516,
                351.842,
                196.521,
                0.0132324,
                349.991,
                201.747,
                0.0110206,
                344.656,
                192.493,
                0.013497,
                350.753,
                194.235,
                0.0141245,
                352.169,
                196.957,
                0.0113835,
                350.1,
                201.856,
                0.00946964
            ],
            "pose_keypoints_3d": [],
            "face_keypoints_3d": [],
            "hand_left_keypoints_3d": [],
            "hand_right_keypoints_3d": []
        }
    ]
}