{
    "version": 1.3,
    "people": [
        {
            "person_id": [
                -1
            ],
            "pose_keypoints_2d": [
                0,
                0,
                0,
                334.098,
                165.816,
                0.840259,
                348.791,
                166.774,
                0.850389,
                372.23,
                170.702,
                0.745371,
                393.743,
                176.628,
                0.747226,
                320.367,
                164.824,
                0.793417,
                294.949,
                167.791,
                0.748098,
                272.442,
                167.723,
                0.764223,
                332.129,
                207.917,
                0.820099,
                340.869,
                208.878,
                0.78014,
                338.96,
                248.023,
                0.830652,
                335.061,
                284.145,
                0.757923,
                324.255,
                207.893,
                0.816798,
                321.36,
                234.275,
                0.70097,
                323.312,
                255.801,
                0.668463,
                0,
                0,
                0,
                0,
                0,
                0,
                340.943,
                150.152,
                0.651323,
                330.138,
                150.153,
                0.800706,
                323.285,
                267.559,
                0.455116,
                320.366,
                263.649,
                0.50133,
                323.3,
                260.68,
                0.549102,
                336.01,
                289.08,
                0.643397,
                339.918,
                289.064,
                0.701443,
                334.049,
                286.135,
                0.76287
            ],
            "face_keypoints_2d": [
                0,
                0,
                0,
                0,
                0,
                0,
                0,
                0,
                0,
                0,
                0,
                0,
                0,
                0,
                0,
                0,
                0,
                0,
                0,
                0,
                0,
                0,
                0,
                0,
                0,
                0,
                0,
                0,
                0,
                0,
                0,
                0,
                0,
                0,
                0,
                0,
                0,
                0,
                0,
                0,
                0,
                0,
                0,
                0,
                0,
                0,
                0,
                0,
                0,
                0,
                0,
                0,
                0,
                0,
                0,
                0,
                0,
                0,
                0,
                0,
                0,
                0,
                0,
                0,
                0,
                0,
                0,
                0,
                0,
                0,
                0,
                0,
                0,
                0,
                0,
                0,
                0,
                0,
                0,
                0,
                0,
                0,
                0,
                0,
                0,
                0,
                0,
                0,
                0,
                0,
                0,
                0,
                0,
                0,
                0,
                0,
                0,
                0,
                0,
                0,
                0,
                0,
                0,
                0,
                0,
                0,
                0,
                0,
                0,
                0,
                0,
                0,
                0,
                0,
                0,
                0,
                0,
                0,
                0,
                0,
                0,
                0,
                0,
                0,
                0,
                0,
                0,
                0,
                0,
                0,
                0,
                0,
                0,
                0,
                0,
                0,
                0,
                0,
                0,
                0,
                0,
                0,
                0,
                0,
                0,
                0,
                0,
                0,
                0,
                0,
                0,
                0,
                0,
                0,
                0,
                0,
                0,
                0,
                0,
                0,
                0,
                0,
                0,
                0,
                0,
                0,
                0,
                0,
                0,
                0,
                0,
                0,
                0,
                0,
                0,
                0,
                0,
                0,
                0,
                0,
                0,
                0,
                0,
                0,
                0,
                0,
                0,
                0,
                0,
                0,
                0,
                0,
                0,
                0,
                0,
                0,
                0,
                0,
                0,
                0,
                0,
                0,
                0,
                0,
                0,
                0,
                0,
                0,
                0,
                0
            ],
            "hand_left_keypoints_2d": [
                273.745,
                164.508,
                0.0263463,
                273.557,
                166.668,
                0.0475093,
                262.949,
                163.194,
                0.0242487,
                263.887,
                174.929,
                0.0388827,
                265.389,
                174.835,
                0.0191625,
                265.483,
                165.166,
                0.0174407,
                266.985,
                173.896,
                0.0296414,
                270.74,
                171.925,
                0.0317993,
                265.577,
                174.647,
                0.0142085,
                266.328,
                170.798,
                0.0115571,
                267.267,
                173.051,
                0.035566,
                268.675,
                173.333,
                0.0359992,
                267.361,
                174.741,
                0.0192002,
                266.141,
                170.798,
                0.00974131,
                267.079,
                173.051,
                0.0221719,
                264.451,
                174.647,
                0.017436,
                265.483,
                175.304,
                0.0154836,
                264.638,
                165.729,
                0.00759835,
                265.389,
                175.398,
                0.00906048,
                268.206,
                177.557,
                0.0223413,
                268.394,
                177.369,
                0.0137174
            ],
            "hand_right_keypoints_2d": [
                407.755,
                171.49,
                0.0112994,
                406.208,
                178.766,
                0.00382593,
                404.571,
                181.949,
                0.00714313,
                404.662,
                182.131,
                0.00674744,
                397.113,
                179.857,
                0.00321046,
                407.118,
                177.402,
                0.00768744,
                406.663,
                178.038,
                0.00649618,
                400.933,
                180.676,
                0.00519962,
                406.845,
                179.494,
                0.0024439,
                406.845,
                177.856,
                0.00569764,
                406.117,
                177.493,
                0.00297318,
                402.297,
                182.313,
                0.00401588,
                406.208,
                178.493,
                0.00123541,
                406.845,
                177.765,
                0.00561793,
                406.117,
                177.493,
                0.00399003,
                402.843,
                182.313,
                0.00561742,
                402.388,
                182.586,
                0.00329957,
                406.481,
                177.311,
                0.00791865,
                406.39,
                177.674,
                0.00650427,
                403.207,
                181.767,
                0.00595533,
                404.025,
                180.13,
                0.00422626
            ],
            "pose_keypoints_3d": [],
            "face_keypoints_3d": [],
            "hand_left_keypoints_3d": [],
            "hand_right_keypoints_3d": []
        }
    ]
}