{
    "version": 1.3,
    "people": [
        {
            "person_id": [
                -1
            ],
            "pose_keypoints_2d": [
                269.477,
                200.05,
                0.150786,
                267.534,
                204.937,
                0.326369,
                266.591,
                204.939,
                0.44002,
                269.474,
                214.673,
                0.599297,
                272.435,
                216.675,
                0.383526,
                267.573,
                204.927,
                0.296684,
                269.513,
                213.74,
                0.108641,
                270.462,
                216.684,
                0.0524539,
                269.535,
                222.572,
                0.517697,
                269.517,
                222.559,
                0.616713,
                269.55,
                239.176,
                0.474366,
                269.468,
                250.903,
                0.302547,
                269.55,
                222.557,
                0.449455,
                269.561,
                239.172,
                0.410636,
                269.458,
                249.959,
                0.25664,
                269.424,
                200.009,
                0.148221,
                269.471,
                200.02,
                0.0663764,
                267.566,
                199.079,
                0.189501,
                0,
                0,
                0,
                269.508,
                252.885,
                0.240192,
                269.513,
                253.804,
                0.204692,
                268.507,
                252.857,
                0.222895,
                270.451,
                252.849,
                0.311131,
                269.53,
                251.905,
                0.280253,
                268.529,
                252.852,
                0.243255
            ],
            "face_keypoints_2d": [
                0,
                0,
                0,
                0,
                0,
                0,
                0,
                0,
                0,
                0,
                0,
                0,
                0,
                0,
                0,
                0,
                0,
                0,
                0,
                0,
                0,
                0,
                0,
                0,
                0,
                0,
                0,
                0,
                0,
                0,
                0,
                0,
                0,
                0,
                0,
                0,
                0,
                0,
                0,
                0,
                0,
                0,
                0,
                0,
                0,
                0,
                0,
                0,
                0,
                0,
                0,
                0,
                0,
                0,
                0,
                0,
                0,
                0,
                0,
                0,
                0,
                0,
                0,
                0,
                0,
                0,
                0,
                0,
                0,
                0,
                0,
                0,
                0,
                0,
                0,
                0,
                0,
                0,
                0,
                0,
                0,
                0,
                0,
                0,
                0,
                0,
                0,
                0,
                0,
                0,
                0,
                0,
                0,
                0,
                0,
                0,
                0,
                0,
                0,
                0,
                0,
                0,
                0,
                0,
                0,
                0,
                0,
                0,
                0,
                0,
                0,
                0,
                0,
                0,
                0,
                0,
                0,
                0,
                0,
                0,
                0,
                0,
                0,
                0,
                0,
                0,
                0,
                0,
                0,
                0,
                0,
                0,
                0,
                0,
                0,
                0,
                0,
                0,
                0,
                0,
                0,
                0,
                0,
                0,
                0,
                0,
                0,
                0,
                0,
                0,
                0,
                0,
                0,
                0,
                0,
                0,
                0,
                0,
                0,
                0,
                0,
                0,
                0,
                0,
                0,
                0,
                0,
                0,
                0,
                0,
                0,
                0,
                0,
                0,
                0,
                0,
                0,
                0,
                0,
                0,
                0,
                0,
                0,
                0,
                0,
                0,
                0,
                0,
                0,
                0,
                0,
                0,
                0,
                0,
                0,
                0,
                0,
                0,
                0,
                0,
                0,
                0,
                0,
                0,
                0,
                0,
                0,
                0,
                0,
                0
            ],
            "hand_left_keypoints_2d": [
                269.848,
                218.285,
                0.0117228,
                272.032,
                218.384,
                0.0199934,
                269.152,
                217.226,
                0.0148485,
                269.02,
                217.192,
                0.0138496,
                268.557,
                215.438,
                0.00698739,
                269.119,
                217.788,
                0.0127977,
                268.921,
                218.384,
                0.0106678,
                269.947,
                219.146,
                0.00935159,
                270.146,
                219.377,
                0.00593759,
                270.377,
                218.086,
                0.0164154,
                270.311,
                219.079,
                0.0120351,
                270.245,
                219.146,
                0.0086728,
                270.443,
                219.708,
                0.00534811,
                270.51,
                218.252,
                0.0250547,
                270.344,
                219.079,
                0.0154533,
                270.443,
                219.112,
                0.0111725,
                270.642,
                219.675,
                0.00694924,
                270.609,
                218.417,
                0.0161468,
                270.675,
                218.947,
                0.0105447,
                270.675,
                219.179,
                0.00991614,
                270.708,
                219.344,
                0.00726309
            ],
            "hand_right_keypoints_2d": [
                273.002,
                219.682,
                0.0105673,
                271.997,
                218.676,
                0.0163588,
                272.332,
                217.932,
                0.0126696,
                275.311,
                216.926,
                0.0123347,
                276.54,
                216.777,
                0.00741611,
                274.008,
                217.373,
                0.0134944,
                274.38,
                217.261,
                0.0157276,
                274.306,
                217.671,
                0.0106526,
                273.859,
                219.235,
                0.00662423,
                273.375,
                217.634,
                0.0260797,
                274.045,
                217.671,
                0.0198174,
                273.896,
                218.118,
                0.00992517,
                272.034,
                219.533,
                0.00662035,
                273.3,
                217.932,
                0.0328088,
                273.524,
                218.453,
                0.0190517,
                273.486,
                219.198,
                0.0124301,
                271.997,
                219.458,
                0.0102291,
                270.842,
                218.043,
                0.0178312,
                273.524,
                219.57,
                0.0128119,
                271.922,
                219.086,
                0.010944,
                271.997,
                219.458,
                0.0100608
            ],
            "pose_keypoints_3d": [],
            "face_keypoints_3d": [],
            "hand_left_keypoints_3d": [],
            "hand_right_keypoints_3d": []
        }
    ]
}