{
    "version": 1.3,
    "people": [
        {
            "person_id": [
                -1
            ],
            "pose_keypoints_2d": [
                0,
                0,
                0,
                337.993,
                145.298,
                0.882778,
                355.601,
                146.236,
                0.867165,
                364.35,
                178.52,
                0.788568,
                357.556,
                191.242,
                0.150864,
                318.437,
                145.299,
                0.852576,
                317.4,
                174.601,
                0.822079,
                316.46,
                194.206,
                0.81629,
                341.913,
                192.203,
                0.729593,
                355.546,
                192.203,
                0.718751,
                363.381,
                237.241,
                0.856998,
                380.075,
                276.322,
                0.81438,
                332.091,
                192.235,
                0.716831,
                324.254,
                239.197,
                0.871729,
                326.283,
                282.23,
                0.804261,
                0,
                0,
                0,
                0,
                0,
                0,
                340.902,
                128.639,
                0.419939,
                324.328,
                128.594,
                0.894402,
                323.288,
                287.138,
                0.520499,
                321.353,
                288.083,
                0.634211,
                331.098,
                286.117,
                0.847314,
                379.038,
                299.801,
                0.744601,
                381.985,
                296.908,
                0.633895,
                384.931,
                278.298,
                0.645255
            ],
            "face_keypoints_2d": [
                0,
                0,
                0,
                0,
                0,
                0,
                0,
                0,
                0,
                0,
                0,
                0,
                0,
                0,
                0,
                0,
                0,
                0,
                0,
                0,
                0,
                0,
                0,
                0,
                0,
                0,
                0,
                0,
                0,
                0,
                0,
                0,
                0,
                0,
                0,
                0,
                0,
                0,
                0,
                0,
                0,
                0,
                0,
                0,
                0,
                0,
                0,
                0,
                0,
                0,
                0,
                0,
                0,
                0,
                0,
                0,
                0,
                0,
                0,
                0,
                0,
                0,
                0,
                0,
                0,
                0,
                0,
                0,
                0,
                0,
                0,
                0,
                0,
                0,
                0,
                0,
                0,
                0,
                0,
                0,
                0,
                0,
                0,
                0,
                0,
                0,
                0,
                0,
                0,
                0,
                0,
                0,
                0,
                0,
                0,
                0,
                0,
                0,
                0,
                0,
                0,
                0,
                0,
                0,
                0,
                0,
                0,
                0,
                0,
                0,
                0,
                0,
                0,
                0,
                0,
                0,
                0,
                0,
                0,
                0,
                0,
                0,
                0,
                0,
                0,
                0,
                0,
                0,
                0,
                0,
                0,
                0,
                0,
                0,
                0,
                0,
                0,
                0,
                0,
                0,
                0,
                0,
                0,
                0,
                0,
                0,
                0,
                0,
                0,
                0,
                0,
                0,
                0,
                0,
                0,
                0,
                0,
                0,
                0,
                0,
                0,
                0,
                0,
                0,
                0,
                0,
                0,
                0,
                0,
                0,
                0,
                0,
                0,
                0,
                0,
                0,
                0,
                0,
                0,
                0,
                0,
                0,
                0,
                0,
                0,
                0,
                0,
                0,
                0,
                0,
                0,
                0,
                0,
                0,
                0,
                0,
                0,
                0,
                0,
                0,
                0,
                0,
                0,
                0,
                0,
                0,
                0,
                0,
                0,
                0
            ],
            "hand_left_keypoints_2d": [
                307.437,
                211.216,
                0.0370066,
                305.178,
                211.647,
                0.0516711,
                301.521,
                211.216,
                0.049152,
                298.509,
                208.097,
                0.017995,
                319.161,
                208.527,
                0.0197705,
                296.573,
                207.236,
                0.0582377,
                297.649,
                207.236,
                0.171595,
                319.914,
                208.957,
                0.062639,
                317.548,
                208.527,
                0.0350726,
                300.876,
                207.344,
                0.0953025,
                300.876,
                207.774,
                0.26057,
                302.382,
                212.292,
                0.113996,
                297.864,
                214.12,
                0.0484478,
                306.899,
                206.376,
                0.12632,
                305.824,
                209.71,
                0.29832,
                306.361,
                213.152,
                0.265573,
                307.114,
                214.873,
                0.237484,
                310.879,
                208.42,
                0.138368,
                310.234,
                210.678,
                0.227776,
                309.373,
                212.937,
                0.152422,
                308.835,
                214.766,
                0.178564
            ],
            "hand_right_keypoints_2d": [
                368.443,
                192.986,
                0.0255306,
                364.517,
                202.312,
                0.0177787,
                364.272,
                201.207,
                0.0220819,
                362.676,
                201.453,
                0.0130282,
                347.707,
                206.729,
                0.0125605,
                362.922,
                200.594,
                0.0203672,
                360.345,
                199.122,
                0.0137197,
                358.873,
                200.226,
                0.00947142,
                347.829,
                206.606,
                0.0101999,
                363.167,
                201.085,
                0.0110431,
                360.1,
                199.122,
                0.0111179,
                359.732,
                200.839,
                0.00743254,
                346.48,
                205.87,
                0.00620772,
                363.045,
                200.962,
                0.010682,
                359.977,
                200.839,
                0.00955901,
                359.732,
                203.662,
                0.00990929,
                359.609,
                204.766,
                0.00809734,
                363.29,
                201.207,
                0.0117827,
                363.29,
                201.821,
                0.0112894,
                361.327,
                203.293,
                0.00845196,
                359.486,
                205.011,
                0.00676247
            ],
            "pose_keypoints_3d": [],
            "face_keypoints_3d": [],
            "hand_left_keypoints_3d": [],
            "hand_right_keypoints_3d": []
        }
    ]
}