{
    "version": 1.3,
    "people": [
        {
            "person_id": [
                -1
            ],
            "pose_keypoints_2d": [
                0,
                0,
                0,
                330.145,
                159.904,
                0.873181,
                347.744,
                158.006,
                0.856135,
                365.386,
                176.608,
                0.921346,
                368.314,
                206.892,
                0.812536,
                310.593,
                159.986,
                0.901933,
                308.597,
                191.206,
                0.810697,
                307.663,
                208.855,
                0.636238,
                338.956,
                204.949,
                0.725508,
                348.72,
                202.982,
                0.735949,
                342.86,
                246.033,
                0.830499,
                347.724,
                276.345,
                0.742514,
                327.21,
                206.87,
                0.720175,
                332.054,
                250.923,
                0.816728,
                344.819,
                288.094,
                0.688099,
                0,
                0,
                0,
                0,
                0,
                0,
                334.052,
                138.467,
                0.803383,
                318.422,
                139.41,
                0.827884,
                346.75,
                299.846,
                0.602296,
                341.916,
                298.868,
                0.608967,
                347.773,
                292.974,
                0.665142,
                347.722,
                293.008,
                0.228889,
                348.757,
                290.038,
                0.179222,
                348.723,
                277.35,
                0.581673
            ],
            "face_keypoints_2d": [
                0,
                0,
                0,
                0,
                0,
                0,
                0,
                0,
                0,
                0,
                0,
                0,
                0,
                0,
                0,
                0,
                0,
                0,
                0,
                0,
                0,
                0,
                0,
                0,
                0,
                0,
                0,
                0,
                0,
                0,
                0,
                0,
                0,
                0,
                0,
                0,
                0,
                0,
                0,
                0,
                0,
                0,
                0,
                0,
                0,
                0,
                0,
                0,
                0,
                0,
                0,
                0,
                0,
                0,
                0,
                0,
                0,
                0,
                0,
                0,
                0,
                0,
                0,
                0,
                0,
                0,
                0,
                0,
                0,
                0,
                0,
                0,
                0,
                0,
                0,
                0,
                0,
                0,
                0,
                0,
                0,
                0,
                0,
                0,
                0,
                0,
                0,
                0,
                0,
                0,
                0,
                0,
                0,
                0,
                0,
                0,
                0,
                0,
                0,
                0,
                0,
                0,
                0,
                0,
                0,
                0,
                0,
                0,
                0,
                0,
                0,
                0,
                0,
                0,
                0,
                0,
                0,
                0,
                0,
                0,
                0,
                0,
                0,
                0,
                0,
                0,
                0,
                0,
                0,
                0,
                0,
                0,
                0,
                0,
                0,
                0,
                0,
                0,
                0,
                0,
                0,
                0,
                0,
                0,
                0,
                0,
                0,
                0,
                0,
                0,
                0,
                0,
                0,
                0,
                0,
                0,
                0,
                0,
                0,
                0,
                0,
                0,
                0,
                0,
                0,
                0,
                0,
                0,
                0,
                0,
                0,
                0,
                0,
                0,
                0,
                0,
                0,
                0,
                0,
                0,
                0,
                0,
                0,
                0,
                0,
                0,
                0,
                0,
                0,
                0,
                0,
                0,
                0,
                0,
                0,
                0,
                0,
                0,
                0,
                0,
                0,
                0,
                0,
                0,
                0,
                0,
                0,
                0,
                0,
                0
            ],
            "hand_left_keypoints_2d": [
                294.845,
                227.074,
                0.0346463,
                311.83,
                204.121,
                0.0203304,
                311.715,
                204.121,
                0.0155686,
                315.962,
                209.63,
                0.0178241,
                315.962,
                210.204,
                0.0143197,
                315.617,
                210.433,
                0.0240572,
                315.732,
                210.433,
                0.0330338,
                315.962,
                210.663,
                0.0356366,
                313.093,
                217.549,
                0.0159535,
                313.093,
                215.024,
                0.010154,
                315.847,
                215.139,
                0.0214906,
                315.847,
                215.253,
                0.0319904,
                313.437,
                217.434,
                0.0219942,
                312.863,
                215.139,
                0.00922896,
                315.847,
                215.483,
                0.016191,
                314.24,
                218.811,
                0.0131694,
                313.896,
                218.237,
                0.0151332,
                314.929,
                220.532,
                0.00945633,
                316.306,
                220.647,
                0.0136326,
                317.109,
                221.451,
                0.0219325,
                316.995,
                221.451,
                0.0122687
            ],
            "hand_right_keypoints_2d": [
                369.032,
                215.769,
                0.0791551,
                367.792,
                218.249,
                0.0641711,
                363.575,
                219.986,
                0.0589316,
                359.111,
                221.598,
                0.0585565,
                357.87,
                222.218,
                0.030332,
                362.707,
                220.978,
                0.0168362,
                356.754,
                226.434,
                0.0384916,
                355.018,
                229.659,
                0.0412343,
                357.25,
                224.822,
                0.015433,
                362.955,
                226.31,
                0.0170544,
                357.87,
                228.171,
                0.0240825,
                355.762,
                230.775,
                0.0289063,
                360.971,
                226.93,
                0.0171998,
                364.691,
                228.419,
                0.0201117,
                359.855,
                230.155,
                0.017818,
                357.994,
                233.255,
                0.0170955,
                358.987,
                233.379,
                0.0144408,
                368.04,
                230.527,
                0.0186121,
                367.668,
                231.891,
                0.0228166,
                362.459,
                235.239,
                0.0204232,
                362.087,
                235.115,
                0.0125572
            ],
            "pose_keypoints_3d": [],
            "face_keypoints_3d": [],
            "hand_left_keypoints_3d": [],
            "hand_right_keypoints_3d": []
        }
    ]
}