{
    "version": 1.3,
    "people": [
        {
            "person_id": [
                -1
            ],
            "pose_keypoints_2d": [
                0,
                0,
                0,
                372.228,
                117.901,
                0.855121,
                395.688,
                114.987,
                0.811319,
                412.31,
                154.061,
                0.853914,
                418.227,
                189.277,
                0.827013,
                348.76,
                119.854,
                0.830597,
                346.775,
                160.937,
                0.809942,
                346.79,
                199.056,
                0.769596,
                382.988,
                183.408,
                0.622598,
                395.727,
                180.493,
                0.631906,
                395.719,
                245.046,
                0.864593,
                411.393,
                301.775,
                0.75664,
                371.202,
                184.411,
                0.623926,
                374.193,
                246.045,
                0.813407,
                388.886,
                307.623,
                0.790131,
                0,
                0,
                0,
                351.657,
                94.4023,
                0.0975747,
                376.139,
                92.4509,
                0.47402,
                356.561,
                93.4437,
                0.867902,
                379.038,
                318.426,
                0.718471,
                380.011,
                318.42,
                0.807744,
                394.748,
                310.599,
                0.801056,
                408.412,
                312.532,
                0.567799,
                413.307,
                309.665,
                0.514437,
                414.28,
                308.64,
                0.72911
            ],
            "face_keypoints_2d": [
                0,
                0,
                0,
                0,
                0,
                0,
                0,
                0,
                0,
                0,
                0,
                0,
                0,
                0,
                0,
                0,
                0,
                0,
                0,
                0,
                0,
                0,
                0,
                0,
                0,
                0,
                0,
                0,
                0,
                0,
                0,
                0,
                0,
                0,
                0,
                0,
                0,
                0,
                0,
                0,
                0,
                0,
                0,
                0,
                0,
                0,
                0,
                0,
                0,
                0,
                0,
                0,
                0,
                0,
                0,
                0,
                0,
                0,
                0,
                0,
                0,
                0,
                0,
                0,
                0,
                0,
                0,
                0,
                0,
                0,
                0,
                0,
                0,
                0,
                0,
                0,
                0,
                0,
                0,
                0,
                0,
                0,
                0,
                0,
                0,
                0,
                0,
                0,
                0,
                0,
                0,
                0,
                0,
                0,
                0,
                0,
                0,
                0,
                0,
                0,
                0,
                0,
                0,
                0,
                0,
                0,
                0,
                0,
                0,
                0,
                0,
                0,
                0,
                0,
                0,
                0,
                0,
                0,
                0,
                0,
                0,
                0,
                0,
                0,
                0,
                0,
                0,
                0,
                0,
                0,
                0,
                0,
                0,
                0,
                0,
                0,
                0,
                0,
                0,
                0,
                0,
                0,
                0,
                0,
                0,
                0,
                0,
                0,
                0,
                0,
                0,
                0,
                0,
                0,
                0,
                0,
                0,
                0,
                0,
                0,
                0,
                0,
                0,
                0,
                0,
                0,
                0,
                0,
                0,
                0,
                0,
                0,
                0,
                0,
                0,
                0,
                0,
                0,
                0,
                0,
                0,
                0,
                0,
                0,
                0,
                0,
                0,
                0,
                0,
                0,
                0,
                0,
                0,
                0,
                0,
                0,
                0,
                0,
                0,
                0,
                0,
                0,
                0,
                0,
                0,
                0,
                0,
                0,
                0,
                0
            ],
            "hand_left_keypoints_2d": [
                354.563,
                199.671,
                0.0285589,
                344.775,
                200.759,
                0.0235203,
                347.727,
                208.683,
                0.0228994,
                349.281,
                209.149,
                0.0277227,
                332.5,
                214.898,
                0.03266,
                344.309,
                217.695,
                0.0276799,
                331.568,
                218.472,
                0.0149916,
                344.93,
                217.229,
                0.0110142,
                332.345,
                214.743,
                0.0114469,
                332.5,
                218.317,
                0.0127776,
                331.878,
                218.627,
                0.0120824,
                333.743,
                222.201,
                0.0127524,
                333.898,
                222.512,
                0.00831071,
                344.619,
                217.229,
                0.00960148,
                332.189,
                220.958,
                0.00903027,
                350.99,
                219.404,
                0.00883647,
                351.611,
                219.715,
                0.00881675,
                344.464,
                216.607,
                0.0105122,
                324.731,
                213.5,
                0.014721,
                327.528,
                214.743,
                0.0173076,
                351.301,
                219.87,
                0.00698755
            ],
            "hand_right_keypoints_2d": [
                417.532,
                197.939,
                0.100605,
                422.049,
                199.652,
                0.133437,
                422.517,
                199.029,
                0.0742755,
                415.507,
                210.089,
                0.134528,
                415.663,
                212.737,
                0.112858,
                415.974,
                208.843,
                0.276198,
                416.441,
                215.074,
                0.430131,
                415.507,
                217.722,
                0.467574,
                414.261,
                219.591,
                0.378914,
                414.572,
                209.777,
                0.415628,
                415.195,
                215.853,
                0.567877,
                413.637,
                218.812,
                0.650405,
                411.924,
                220.37,
                0.543624,
                413.014,
                209.933,
                0.468042,
                413.637,
                215.385,
                0.516571,
                411.768,
                218.657,
                0.625528,
                409.587,
                220.059,
                0.49811,
                410.678,
                209.933,
                0.388686,
                410.678,
                215.074,
                0.59098,
                409.587,
                216.787,
                0.613442,
                408.185,
                217.722,
                0.621446
            ],
            "pose_keypoints_3d": [],
            "face_keypoints_3d": [],
            "hand_left_keypoints_3d": [],
            "hand_right_keypoints_3d": []
        }
    ]
}