{
    "version": 1.3,
    "people": [
        {
            "person_id": [
                -1
            ],
            "pose_keypoints_2d": [
                281.239,
                191.281,
                0.0941619,
                276.373,
                199.047,
                0.672888,
                275.35,
                199.045,
                0.815505,
                277.286,
                209.854,
                0.838357,
                286.159,
                215.704,
                0.90747,
                277.373,
                198.11,
                0.709703,
                281.239,
                207.906,
                0.0998475,
                290.049,
                214.723,
                0.115309,
                278.289,
                218.648,
                0.836831,
                277.315,
                219.605,
                0.85784,
                278.266,
                238.164,
                0.853711,
                277.32,
                253.896,
                0.798412,
                279.314,
                217.679,
                0.754025,
                285.112,
                237.209,
                0.782068,
                279.27,
                253.801,
                0.673296,
                280.256,
                190.277,
                0.0892087,
                0,
                0,
                0,
                278.279,
                190.277,
                0.343172,
                0,
                0,
                0,
                285.127,
                254.81,
                0.32825,
                285.126,
                253.878,
                0.363206,
                278.294,
                253.859,
                0.440208,
                279.296,
                255.842,
                0.464333,
                277.333,
                256.786,
                0.462191,
                277.286,
                254.864,
                0.574852
            ],
            "face_keypoints_2d": [
                0,
                0,
                0,
                0,
                0,
                0,
                0,
                0,
                0,
                0,
                0,
                0,
                0,
                0,
                0,
                0,
                0,
                0,
                0,
                0,
                0,
                0,
                0,
                0,
                0,
                0,
                0,
                0,
                0,
                0,
                0,
                0,
                0,
                0,
                0,
                0,
                0,
                0,
                0,
                0,
                0,
                0,
                0,
                0,
                0,
                0,
                0,
                0,
                0,
                0,
                0,
                0,
                0,
                0,
                0,
                0,
                0,
                0,
                0,
                0,
                0,
                0,
                0,
                0,
                0,
                0,
                0,
                0,
                0,
                0,
                0,
                0,
                0,
                0,
                0,
                0,
                0,
                0,
                0,
                0,
                0,
                0,
                0,
                0,
                0,
                0,
                0,
                0,
                0,
                0,
                0,
                0,
                0,
                0,
                0,
                0,
                0,
                0,
                0,
                0,
                0,
                0,
                0,
                0,
                0,
                0,
                0,
                0,
                0,
                0,
                0,
                0,
                0,
                0,
                0,
                0,
                0,
                0,
                0,
                0,
                0,
                0,
                0,
                0,
                0,
                0,
                0,
                0,
                0,
                0,
                0,
                0,
                0,
                0,
                0,
                0,
                0,
                0,
                0,
                0,
                0,
                0,
                0,
                0,
                0,
                0,
                0,
                0,
                0,
                0,
                0,
                0,
                0,
                0,
                0,
                0,
                0,
                0,
                0,
                0,
                0,
                0,
                0,
                0,
                0,
                0,
                0,
                0,
                0,
                0,
                0,
                0,
                0,
                0,
                0,
                0,
                0,
                0,
                0,
                0,
                0,
                0,
                0,
                0,
                0,
                0,
                0,
                0,
                0,
                0,
                0,
                0,
                0,
                0,
                0,
                0,
                0,
                0,
                0,
                0,
                0,
                0,
                0,
                0,
                0,
                0,
                0,
                0,
                0,
                0
            ],
            "hand_left_keypoints_2d": [
                291.595,
                215.292,
                0.0111065,
                292.139,
                216.745,
                0.0172429,
                290.868,
                217.381,
                0.012184,
                290.596,
                217.335,
                0.0125435,
                291.095,
                219.787,
                0.00832212,
                292.366,
                216.382,
                0.0102043,
                293.865,
                218.198,
                0.0116146,
                292.23,
                218.879,
                0.00918451,
                292.366,
                219.152,
                0.00640911,
                292.139,
                216.836,
                0.00951366,
                291.867,
                216.79,
                0.00968305,
                292.412,
                217.653,
                0.00693143,
                292.321,
                219.015,
                0.00414924,
                292.503,
                217.29,
                0.0090191,
                291.731,
                216.745,
                0.0103305,
                292.321,
                217.789,
                0.00859667,
                292.321,
                218.925,
                0.00479854,
                292.957,
                217.88,
                0.0105773,
                293.456,
                218.289,
                0.00859515,
                292.457,
                218.925,
                0.00802634,
                292.457,
                218.97,
                0.00536962
            ],
            "hand_right_keypoints_2d": [
                291.687,
                218.805,
                0.0186307,
                290.864,
                219.325,
                0.017748,
                291.037,
                218.501,
                0.00971581,
                290.95,
                218.198,
                0.00826435,
                293.29,
                217.635,
                0.00372524,
                292.64,
                216.725,
                0.00901794,
                291.037,
                219.281,
                0.00706497,
                290.561,
                217.202,
                0.00597883,
                290.257,
                216.595,
                0.00253938,
                290.994,
                218.718,
                0.00737781,
                291.08,
                219.065,
                0.00468853,
                290.994,
                218.891,
                0.00461103,
                287.181,
                220.581,
                0.00173452,
                291.037,
                218.805,
                0.00738856,
                291.08,
                219.108,
                0.00601637,
                290.994,
                218.978,
                0.00556646,
                290.994,
                218.718,
                0.00213814,
                290.994,
                219.065,
                0.0086648,
                290.907,
                219.628,
                0.00777239,
                291.817,
                216.509,
                0.00465853,
                290.82,
                219.758,
                0.00239125
            ],
            "pose_keypoints_3d": [],
            "face_keypoints_3d": [],
            "hand_left_keypoints_3d": [],
            "hand_right_keypoints_3d": []
        }
    ]
}