{
    "version": 1.3,
    "people": [
        {
            "person_id": [
                -1
            ],
            "pose_keypoints_2d": [
                248.983,
                200.031,
                0.135134,
                247.027,
                205.921,
                0.701469,
                246.969,
                205.928,
                0.869803,
                247.044,
                215.682,
                0.912563,
                254.885,
                215.763,
                0.800666,
                247.978,
                205.895,
                0.614063,
                250.908,
                215.665,
                0.0985559,
                254.823,
                217.648,
                0.0541091,
                248.973,
                225.5,
                0.718506,
                249.935,
                225.492,
                0.774396,
                253.895,
                242.122,
                0.740187,
                255.804,
                254.837,
                0.541839,
                248.947,
                225.483,
                0.696321,
                247.067,
                241.124,
                0.734452,
                239.189,
                253.854,
                0.582567,
                248.004,
                199.078,
                0.132109,
                0,
                0,
                0,
                247.983,
                199.046,
                0.362957,
                0,
                0,
                0,
                241.131,
                254.88,
                0.449397,
                240.165,
                254.854,
                0.451339,
                238.226,
                253.89,
                0.54576,
                258.748,
                255.795,
                0.407947,
                256.782,
                255.812,
                0.40733,
                255.812,
                255.831,
                0.458254
            ],
            "face_keypoints_2d": [
                0,
                0,
                0,
                0,
                0,
                0,
                0,
                0,
                0,
                0,
                0,
                0,
                0,
                0,
                0,
                0,
                0,
                0,
                0,
                0,
                0,
                0,
                0,
                0,
                0,
                0,
                0,
                0,
                0,
                0,
                0,
                0,
                0,
                0,
                0,
                0,
                0,
                0,
                0,
                0,
                0,
                0,
                0,
                0,
                0,
                0,
                0,
                0,
                0,
                0,
                0,
                0,
                0,
                0,
                0,
                0,
                0,
                0,
                0,
                0,
                0,
                0,
                0,
                0,
                0,
                0,
                0,
                0,
                0,
                0,
                0,
                0,
                0,
                0,
                0,
                0,
                0,
                0,
                0,
                0,
                0,
                0,
                0,
                0,
                0,
                0,
                0,
                0,
                0,
                0,
                0,
                0,
                0,
                0,
                0,
                0,
                0,
                0,
                0,
                0,
                0,
                0,
                0,
                0,
                0,
                0,
                0,
                0,
                0,
                0,
                0,
                0,
                0,
                0,
                0,
                0,
                0,
                0,
                0,
                0,
                0,
                0,
                0,
                0,
                0,
                0,
                0,
                0,
                0,
                0,
                0,
                0,
                0,
                0,
                0,
                0,
                0,
                0,
                0,
                0,
                0,
                0,
                0,
                0,
                0,
                0,
                0,
                0,
                0,
                0,
                0,
                0,
                0,
                0,
                0,
                0,
                0,
                0,
                0,
                0,
                0,
                0,
                0,
                0,
                0,
                0,
                0,
                0,
                0,
                0,
                0,
                0,
                0,
                0,
                0,
                0,
                0,
                0,
                0,
                0,
                0,
                0,
                0,
                0,
                0,
                0,
                0,
                0,
                0,
                0,
                0,
                0,
                0,
                0,
                0,
                0,
                0,
                0,
                0,
                0,
                0,
                0,
                0,
                0,
                0,
                0,
                0,
                0,
                0,
                0
            ],
            "hand_left_keypoints_2d": [
                255.142,
                219.724,
                0.0152875,
                254.955,
                219.163,
                0.0202875,
                254.244,
                218.415,
                0.0150096,
                253.982,
                218.565,
                0.0142188,
                253.084,
                219.388,
                0.0092179,
                254.356,
                218.49,
                0.014878,
                255.516,
                217.442,
                0.0122292,
                255.89,
                217.966,
                0.0090189,
                257.125,
                219.911,
                0.00466719,
                256.264,
                217.667,
                0.0181969,
                255.928,
                217.816,
                0.0145948,
                256.115,
                218.003,
                0.00875924,
                257.125,
                219.874,
                0.00500942,
                256.264,
                217.966,
                0.0276131,
                256.227,
                218.153,
                0.0165776,
                256.377,
                218.19,
                0.0111934,
                257.499,
                219.537,
                0.00864878,
                256.451,
                218.116,
                0.0160682,
                257.088,
                219.5,
                0.0103967,
                257.499,
                219.388,
                0.00999456,
                257.499,
                219.537,
                0.00880904
            ],
            "hand_right_keypoints_2d": [
                259.011,
                216.29,
                0.0101195,
                256.471,
                217.579,
                0.0154409,
                259.047,
                215.289,
                0.0134923,
                259.154,
                215.217,
                0.0125008,
                259.655,
                213.392,
                0.00676407,
                258.51,
                216.076,
                0.0118472,
                258.725,
                216.541,
                0.0117951,
                258.439,
                216.505,
                0.00924264,
                257.759,
                217.364,
                0.0044626,
                257.723,
                216.219,
                0.0179868,
                258.403,
                217.185,
                0.013197,
                257.938,
                217.221,
                0.00857215,
                257.079,
                218.33,
                0.00319504,
                257.544,
                216.577,
                0.0264602,
                257.616,
                217.221,
                0.0156655,
                257.473,
                217.292,
                0.0111543,
                256.256,
                217.793,
                0.00639513,
                257.509,
                216.899,
                0.0152406,
                257.33,
                217.4,
                0.0101007,
                257.258,
                217.507,
                0.00943243,
                256.22,
                217.65,
                0.0067831
            ],
            "pose_keypoints_3d": [],
            "face_keypoints_3d": [],
            "hand_left_keypoints_3d": [],
            "hand_right_keypoints_3d": []
        }
    ]
}