{
    "version": 1.3,
    "people": [
        {
            "person_id": [
                -1
            ],
            "pose_keypoints_2d": [
                332.089,
                183.437,
                0.415937,
                332.158,
                182.459,
                0.920756,
                323.318,
                183.378,
                0.865671,
                317.459,
                193.197,
                0.870317,
                317.395,
                205.926,
                0.775323,
                340.956,
                182.431,
                0.880425,
                348.713,
                191.214,
                0.800588,
                347.745,
                199.032,
                0.649441,
                332.119,
                200.082,
                0.928015,
                325.289,
                200.068,
                0.877062,
                327.206,
                219.621,
                0.839124,
                325.275,
                240.155,
                0.848468,
                338.929,
                200.094,
                0.864351,
                338.971,
                220.611,
                0.877364,
                333.128,
                240.167,
                0.848036,
                331.095,
                182.447,
                0.317072,
                333.069,
                182.458,
                0.370838,
                326.263,
                178.554,
                0.24864,
                336.019,
                178.538,
                0.395533,
                336.025,
                246.017,
                0.599553,
                338.948,
                245.052,
                0.627322,
                332.141,
                243.084,
                0.569349,
                329.175,
                246.014,
                0.668964,
                325.247,
                245.991,
                0.685817,
                325.266,
                243.085,
                0.652297
            ],
            "face_keypoints_2d": [
                0,
                0,
                0,
                0,
                0,
                0,
                0,
                0,
                0,
                0,
                0,
                0,
                0,
                0,
                0,
                0,
                0,
                0,
                0,
                0,
                0,
                0,
                0,
                0,
                0,
                0,
                0,
                0,
                0,
                0,
                0,
                0,
                0,
                0,
                0,
                0,
                0,
                0,
                0,
                0,
                0,
                0,
                0,
                0,
                0,
                0,
                0,
                0,
                0,
                0,
                0,
                0,
                0,
                0,
                0,
                0,
                0,
                0,
                0,
                0,
                0,
                0,
                0,
                0,
                0,
                0,
                0,
                0,
                0,
                0,
                0,
                0,
                0,
                0,
                0,
                0,
                0,
                0,
                0,
                0,
                0,
                0,
                0,
                0,
                0,
                0,
                0,
                0,
                0,
                0,
                0,
                0,
                0,
                0,
                0,
                0,
                0,
                0,
                0,
                0,
                0,
                0,
                0,
                0,
                0,
                0,
                0,
                0,
                0,
                0,
                0,
                0,
                0,
                0,
                0,
                0,
                0,
                0,
                0,
                0,
                0,
                0,
                0,
                0,
                0,
                0,
                0,
                0,
                0,
                0,
                0,
                0,
                0,
                0,
                0,
                0,
                0,
                0,
                0,
                0,
                0,
                0,
                0,
                0,
                0,
                0,
                0,
                0,
                0,
                0,
                0,
                0,
                0,
                0,
                0,
                0,
                0,
                0,
                0,
                0,
                0,
                0,
                0,
                0,
                0,
                0,
                0,
                0,
                0,
                0,
                0,
                0,
                0,
                0,
                0,
                0,
                0,
                0,
                0,
                0,
                0,
                0,
                0,
                0,
                0,
                0,
                0,
                0,
                0,
                0,
                0,
                0,
                0,
                0,
                0,
                0,
                0,
                0,
                0,
                0,
                0,
                0,
                0,
                0,
                0,
                0,
                0,
                0,
                0,
                0
            ],
            "hand_left_keypoints_2d": [
                349.919,
                201.225,
                0.0121541,
                348.672,
                199.419,
                0.00317153,
                345.577,
                201.741,
                0.00405605,
                345.405,
                201.612,
                0.00316625,
                345.233,
                199.548,
                0.00102665,
                345.233,
                202.213,
                0.00362807,
                345.319,
                201.741,
                0.00365658,
                345.319,
                200.021,
                0.00368119,
                345.62,
                198.001,
                0.00205263,
                345.061,
                202.385,
                0.00287133,
                345.319,
                201.569,
                0.00169247,
                345.276,
                200.666,
                0.00288376,
                345.362,
                200.408,
                0.000636205,
                345.104,
                202.256,
                0.00306178,
                345.319,
                201.612,
                0.00259825,
                345.448,
                201.612,
                0.00377941,
                344.847,
                199.677,
                0.00193233,
                344.976,
                202.385,
                0.00428577,
                345.061,
                201.913,
                0.00429419,
                345.018,
                199.72,
                0.00425705,
                344.847,
                199.548,
                0.00283647
            ],
            "hand_right_keypoints_2d": [
                319.657,
                211.424,
                0.00809708,
                317.738,
                210.905,
                0.00375017,
                323.134,
                204.264,
                0.00471119,
                323.082,
                204.212,
                0.00388412,
                323.341,
                204.16,
                0.000548924,
                317.115,
                212.514,
                0.00233729,
                316.544,
                209.141,
                0.00251442,
                316.907,
                209.401,
                0.00306116,
                316.337,
                208.363,
                0.0014971,
                317.011,
                212.618,
                0.00206023,
                317.063,
                209.505,
                0.00131542,
                317.167,
                209.556,
                0.00250724,
                317.271,
                210.802,
                9.87557e-05,
                316.907,
                212.41,
                0.00201033,
                317.219,
                209.505,
                0.00209238,
                317.478,
                209.608,
                0.00347601,
                317.582,
                209.556,
                0.00212401,
                316.752,
                212.203,
                0.00222124,
                317.167,
                209.193,
                0.00273319,
                317.478,
                209.453,
                0.00328992,
                317.582,
                209.401,
                0.00223997
            ],
            "pose_keypoints_3d": [],
            "face_keypoints_3d": [],
            "hand_left_keypoints_3d": [],
            "hand_right_keypoints_3d": []
        }
    ]
}