{
    "version": 1.3,
    "people": [
        {
            "person_id": [
                -1
            ],
            "pose_keypoints_2d": [
                0,
                0,
                0,
                332.067,
                152.158,
                0.922323,
                348.757,
                152.128,
                0.889322,
                365.383,
                168.754,
                0.877221,
                368.315,
                198.101,
                0.784583,
                312.556,
                153.089,
                0.864423,
                308.59,
                182.415,
                0.799665,
                309.603,
                200.061,
                0.647492,
                337.96,
                198.109,
                0.719328,
                347.72,
                197.117,
                0.722385,
                335.058,
                239.213,
                0.816565,
                331.109,
                277.314,
                0.83428,
                327.223,
                199.084,
                0.724274,
                338.95,
                239.185,
                0.881012,
                355.543,
                270.47,
                0.802804,
                0,
                0,
                0,
                0,
                0,
                0,
                337.959,
                136.438,
                0.789806,
                322.328,
                136.416,
                0.84453,
                359.492,
                287.103,
                0.667273,
                358.509,
                285.19,
                0.659585,
                357.565,
                273.416,
                0.572303,
                325.236,
                285.141,
                0.699559,
                328.212,
                285.121,
                0.661627,
                329.179,
                280.281,
                0.737595
            ],
            "face_keypoints_2d": [
                0,
                0,
                0,
                0,
                0,
                0,
                0,
                0,
                0,
                0,
                0,
                0,
                0,
                0,
                0,
                0,
                0,
                0,
                0,
                0,
                0,
                0,
                0,
                0,
                0,
                0,
                0,
                0,
                0,
                0,
                0,
                0,
                0,
                0,
                0,
                0,
                0,
                0,
                0,
                0,
                0,
                0,
                0,
                0,
                0,
                0,
                0,
                0,
                0,
                0,
                0,
                0,
                0,
                0,
                0,
                0,
                0,
                0,
                0,
                0,
                0,
                0,
                0,
                0,
                0,
                0,
                0,
                0,
                0,
                0,
                0,
                0,
                0,
                0,
                0,
                0,
                0,
                0,
                0,
                0,
                0,
                0,
                0,
                0,
                0,
                0,
                0,
                0,
                0,
                0,
                0,
                0,
                0,
                0,
                0,
                0,
                0,
                0,
                0,
                0,
                0,
                0,
                0,
                0,
                0,
                0,
                0,
                0,
                0,
                0,
                0,
                0,
                0,
                0,
                0,
                0,
                0,
                0,
                0,
                0,
                0,
                0,
                0,
                0,
                0,
                0,
                0,
                0,
                0,
                0,
                0,
                0,
                0,
                0,
                0,
                0,
                0,
                0,
                0,
                0,
                0,
                0,
                0,
                0,
                0,
                0,
                0,
                0,
                0,
                0,
                0,
                0,
                0,
                0,
                0,
                0,
                0,
                0,
                0,
                0,
                0,
                0,
                0,
                0,
                0,
                0,
                0,
                0,
                0,
                0,
                0,
                0,
                0,
                0,
                0,
                0,
                0,
                0,
                0,
                0,
                0,
                0,
                0,
                0,
                0,
                0,
                0,
                0,
                0,
                0,
                0,
                0,
                0,
                0,
                0,
                0,
                0,
                0,
                0,
                0,
                0,
                0,
                0,
                0,
                0,
                0,
                0,
                0,
                0,
                0
            ],
            "hand_left_keypoints_2d": [
                315.474,
                194.594,
                0.0184946,
                305.053,
                207.187,
                0.0145108,
                312.869,
                198.285,
                0.0131252,
                312.869,
                198.393,
                0.0180122,
                303.533,
                206.427,
                0.012161,
                313.629,
                197.199,
                0.0130872,
                312.76,
                197.416,
                0.00845631,
                312.326,
                197.416,
                0.0071519,
                312.543,
                189.057,
                0.00759002,
                312.218,
                197.851,
                0.00765298,
                301.036,
                208.055,
                0.00385155,
                312,
                197.959,
                0.00497565,
                312.218,
                189.057,
                0.00511669,
                312.218,
                198.068,
                0.0067812,
                301.036,
                208.164,
                0.00509422,
                312.76,
                204.038,
                0.0068633,
                312.76,
                189.709,
                0.00631867,
                302.99,
                207.947,
                0.00668488,
                299.516,
                212.506,
                0.00807384,
                312.76,
                204.364,
                0.00683958,
                312.869,
                189.709,
                0.00684778
            ],
            "hand_right_keypoints_2d": [
                367.84,
                203.097,
                0.0273918,
                365.195,
                199.611,
                0.0305772,
                366.277,
                199.13,
                0.0284925,
                366.878,
                201.054,
                0.0240222,
                369.042,
                203.097,
                0.0158767,
                365.075,
                204.66,
                0.0248544,
                364.233,
                207.305,
                0.0196009,
                372.648,
                204.179,
                0.0344787,
                371.566,
                204.179,
                0.0157977,
                364.834,
                205.502,
                0.0129834,
                364.594,
                209.349,
                0.0162757,
                360.987,
                212.835,
                0.0133252,
                361.829,
                211.392,
                0.00926655,
                362.911,
                210.791,
                0.0113692,
                362.911,
                210.911,
                0.0131797,
                362.069,
                211.032,
                0.0130922,
                361.949,
                211.152,
                0.00934241,
                362.43,
                210.911,
                0.0112616,
                362.189,
                211.152,
                0.0110834,
                362.069,
                211.152,
                0.0122188,
                361.949,
                211.152,
                0.0101265
            ],
            "pose_keypoints_3d": [],
            "face_keypoints_3d": [],
            "hand_left_keypoints_3d": [],
            "hand_right_keypoints_3d": []
        }
    ]
}