{
    "version": 1.3,
    "people": [
        {
            "person_id": [
                -1
            ],
            "pose_keypoints_2d": [
                0,
                0,
                0,
                324.32,
                179.525,
                0.880755,
                336.02,
                178.544,
                0.816749,
                342.887,
                192.204,
                0.477769,
                337.991,
                204.939,
                0.0694559,
                312.559,
                180.484,
                0.809381,
                303.737,
                198.095,
                0.749001,
                308.615,
                207.855,
                0.425046,
                325.225,
                213.719,
                0.835934,
                332.147,
                213.714,
                0.816984,
                332.06,
                238.211,
                0.849665,
                327.224,
                261.654,
                0.783638,
                317.435,
                213.731,
                0.836259,
                317.436,
                238.184,
                0.87777,
                317.459,
                261.668,
                0.881726,
                0,
                0,
                0,
                0,
                0,
                0,
                332.08,
                166.807,
                0.774597,
                319.404,
                166.813,
                0.623617,
                316.433,
                261.671,
                0.505783,
                313.537,
                261.707,
                0.563123,
                317.478,
                262.702,
                0.805531,
                326.252,
                261.673,
                0.337356,
                330.167,
                262.619,
                0.368917,
                327.212,
                262.679,
                0.687888
            ],
            "face_keypoints_2d": [
                0,
                0,
                0,
                0,
                0,
                0,
                0,
                0,
                0,
                0,
                0,
                0,
                0,
                0,
                0,
                0,
                0,
                0,
                0,
                0,
                0,
                0,
                0,
                0,
                0,
                0,
                0,
                0,
                0,
                0,
                0,
                0,
                0,
                0,
                0,
                0,
                0,
                0,
                0,
                0,
                0,
                0,
                0,
                0,
                0,
                0,
                0,
                0,
                0,
                0,
                0,
                0,
                0,
                0,
                0,
                0,
                0,
                0,
                0,
                0,
                0,
                0,
                0,
                0,
                0,
                0,
                0,
                0,
                0,
                0,
                0,
                0,
                0,
                0,
                0,
                0,
                0,
                0,
                0,
                0,
                0,
                0,
                0,
                0,
                0,
                0,
                0,
                0,
                0,
                0,
                0,
                0,
                0,
                0,
                0,
                0,
                0,
                0,
                0,
                0,
                0,
                0,
                0,
                0,
                0,
                0,
                0,
                0,
                0,
                0,
                0,
                0,
                0,
                0,
                0,
                0,
                0,
                0,
                0,
                0,
                0,
                0,
                0,
                0,
                0,
                0,
                0,
                0,
                0,
                0,
                0,
                0,
                0,
                0,
                0,
                0,
                0,
                0,
                0,
                0,
                0,
                0,
                0,
                0,
                0,
                0,
                0,
                0,
                0,
                0,
                0,
                0,
                0,
                0,
                0,
                0,
                0,
                0,
                0,
                0,
                0,
                0,
                0,
                0,
                0,
                0,
                0,
                0,
                0,
                0,
                0,
                0,
                0,
                0,
                0,
                0,
                0,
                0,
                0,
                0,
                0,
                0,
                0,
                0,
                0,
                0,
                0,
                0,
                0,
                0,
                0,
                0,
                0,
                0,
                0,
                0,
                0,
                0,
                0,
                0,
                0,
                0,
                0,
                0,
                0,
                0,
                0,
                0,
                0,
                0
            ],
            "hand_left_keypoints_2d": [
                315.283,
                207.391,
                0.030392,
                310.514,
                215.917,
                0.0212628,
                306.901,
                212.521,
                0.0219052,
                310.731,
                212.738,
                0.0159289,
                310.514,
                211.871,
                0.00664022,
                310.514,
                210.932,
                0.0266437,
                310.731,
                214.255,
                0.0241259,
                310.586,
                212.449,
                0.0249895,
                310.803,
                210.354,
                0.00790963,
                309.358,
                212.955,
                0.0167567,
                310.658,
                214.617,
                0.0214451,
                310.514,
                214.4,
                0.0101268,
                310.948,
                210.354,
                0.00444763,
                308.997,
                212.81,
                0.0188753,
                310.442,
                214.544,
                0.0151312,
                310.369,
                214.183,
                0.0107873,
                310.442,
                213.172,
                0.0045433,
                309.864,
                210.787,
                0.0183357,
                310.658,
                217.507,
                0.0120311,
                310.586,
                212.955,
                0.00960967,
                310.514,
                212.955,
                0.00515101
            ],
            "hand_right_keypoints_2d": [
                333.402,
                208.581,
                0.00936448,
                334.019,
                208.974,
                0.00617514,
                335.141,
                210.881,
                0.00880455,
                335.253,
                210.993,
                0.00802479,
                337.048,
                210.264,
                0.00435468,
                335.702,
                209.647,
                0.00799645,
                335.085,
                208.413,
                0.00843793,
                335.702,
                208.469,
                0.00682868,
                333.402,
                210.207,
                0.00367152,
                335.758,
                209.759,
                0.00701635,
                335.253,
                208.357,
                0.00722878,
                335.926,
                209.759,
                0.00547558,
                333.29,
                210.432,
                0.00156089,
                335.702,
                209.815,
                0.00704391,
                335.926,
                208.469,
                0.00863438,
                335.87,
                209.871,
                0.00753093,
                335.702,
                210.095,
                0.00431411,
                335.477,
                210.095,
                0.00853517,
                336.375,
                208.357,
                0.00933927,
                335.646,
                209.871,
                0.00743475,
                335.59,
                210.095,
                0.00530034
            ],
            "pose_keypoints_3d": [],
            "face_keypoints_3d": [],
            "hand_left_keypoints_3d": [],
            "hand_right_keypoints_3d": []
        }
    ]
}