{
    "version": 1.3,
    "people": [
        {
            "person_id": [
                -1
            ],
            "pose_keypoints_2d": [
                0,
                0,
                0,
                429.935,
                104.198,
                0.810591,
                454.382,
                105.164,
                0.783768,
                464.164,
                157.022,
                0.712096,
                458.292,
                189.282,
                0.43016,
                404.488,
                104.154,
                0.771168,
                396.693,
                152.068,
                0.837195,
                388.88,
                191.269,
                0.807269,
                434.793,
                183.436,
                0.635095,
                449.532,
                183.413,
                0.623708,
                451.455,
                262.646,
                0.824463,
                452.453,
                331.122,
                0.744013,
                419.162,
                184.384,
                0.600718,
                394.722,
                246.055,
                0.898594,
                425.999,
                307.667,
                0.770708,
                0,
                0,
                0,
                408.396,
                70.9174,
                0.149049,
                434.874,
                74.8013,
                0.239028,
                413.306,
                72.8659,
                0.856996,
                411.339,
                327.237,
                0.699321,
                416.245,
                327.218,
                0.697189,
                433.812,
                310.62,
                0.746426,
                432.845,
                333.116,
                0.483049,
                434.794,
                333.055,
                0.42539,
                457.331,
                338.954,
                0.691943
            ],
            "face_keypoints_2d": [
                0,
                0,
                0,
                0,
                0,
                0,
                0,
                0,
                0,
                0,
                0,
                0,
                0,
                0,
                0,
                0,
                0,
                0,
                0,
                0,
                0,
                0,
                0,
                0,
                0,
                0,
                0,
                0,
                0,
                0,
                0,
                0,
                0,
                0,
                0,
                0,
                0,
                0,
                0,
                0,
                0,
                0,
                0,
                0,
                0,
                0,
                0,
                0,
                0,
                0,
                0,
                0,
                0,
                0,
                0,
                0,
                0,
                0,
                0,
                0,
                0,
                0,
                0,
                0,
                0,
                0,
                0,
                0,
                0,
                0,
                0,
                0,
                0,
                0,
                0,
                0,
                0,
                0,
                0,
                0,
                0,
                0,
                0,
                0,
                0,
                0,
                0,
                0,
                0,
                0,
                0,
                0,
                0,
                0,
                0,
                0,
                0,
                0,
                0,
                0,
                0,
                0,
                0,
                0,
                0,
                0,
                0,
                0,
                0,
                0,
                0,
                0,
                0,
                0,
                0,
                0,
                0,
                0,
                0,
                0,
                0,
                0,
                0,
                0,
                0,
                0,
                0,
                0,
                0,
                0,
                0,
                0,
                0,
                0,
                0,
                0,
                0,
                0,
                0,
                0,
                0,
                0,
                0,
                0,
                0,
                0,
                0,
                0,
                0,
                0,
                0,
                0,
                0,
                0,
                0,
                0,
                0,
                0,
                0,
                0,
                0,
                0,
                0,
                0,
                0,
                0,
                0,
                0,
                0,
                0,
                0,
                0,
                0,
                0,
                0,
                0,
                0,
                0,
                0,
                0,
                0,
                0,
                0,
                0,
                0,
                0,
                0,
                0,
                0,
                0,
                0,
                0,
                0,
                0,
                0,
                0,
                0,
                0,
                0,
                0,
                0,
                0,
                0,
                0,
                0,
                0,
                0,
                0,
                0,
                0
            ],
            "hand_left_keypoints_2d": [
                387.548,
                201.713,
                0.0354234,
                392,
                194.411,
                0.0365127,
                393.781,
                193.521,
                0.0264156,
                384.877,
                213.644,
                0.0481796,
                388.438,
                220.589,
                0.035933,
                394.137,
                204.028,
                0.0226819,
                394.493,
                205.987,
                0.0304327,
                393.247,
                209.37,
                0.0397101,
                393.959,
                214.891,
                0.0326293,
                393.247,
                203.494,
                0.0120573,
                392.89,
                205.453,
                0.0194689,
                396.63,
                210.083,
                0.0334417,
                393.247,
                214.891,
                0.0320832,
                389.151,
                199.22,
                0.00998656,
                387.904,
                197.439,
                0.0136509,
                396.452,
                210.439,
                0.0160707,
                393.425,
                214.891,
                0.0321902,
                385.767,
                205.987,
                0.0107179,
                385.945,
                206.343,
                0.013355,
                396.096,
                213.466,
                0.0170945,
                394.315,
                214.713,
                0.0172981
            ],
            "hand_right_keypoints_2d": [
                450.933,
                188.505,
                0.0342182,
                457.128,
                194.7,
                0.047234,
                454.612,
                201.67,
                0.0275546,
                444.158,
                197.604,
                0.0259744,
                443.19,
                209.995,
                0.0266387,
                454.805,
                203.799,
                0.0276518,
                443.383,
                210.769,
                0.0402998,
                440.479,
                208.252,
                0.0286491,
                441.447,
                211.737,
                0.0140319,
                456.741,
                203.606,
                0.0141881,
                446.094,
                212.898,
                0.0153254,
                437.962,
                207.091,
                0.0121473,
                441.06,
                212.511,
                0.0111967,
                451.321,
                205.348,
                0.0143378,
                452.482,
                211.156,
                0.0116751,
                456.741,
                209.607,
                0.0102733,
                458.29,
                208.833,
                0.00736853,
                452.095,
                205.155,
                0.0123691,
                458.096,
                212.511,
                0.00854974,
                458.096,
                211.737,
                0.00860277,
                458.29,
                209.801,
                0.00645326
            ],
            "pose_keypoints_3d": [],
            "face_keypoints_3d": [],
            "hand_left_keypoints_3d": [],
            "hand_right_keypoints_3d": []
        }
    ]
}