{
    "version": 1.3,
    "people": [
        {
            "person_id": [
                -1
            ],
            "pose_keypoints_2d": [
                291.047,
                191.281,
                0.18141,
                288.116,
                198.115,
                0.600631,
                286.152,
                198.076,
                0.778117,
                286.186,
                206.929,
                0.87405,
                295.921,
                213.736,
                0.816139,
                292.938,
                198.11,
                0.594371,
                293.935,
                206.936,
                0.0783709,
                0,
                0,
                0,
                292.944,
                216.673,
                0.849714,
                289.08,
                216.663,
                0.815849,
                287.139,
                235.269,
                0.761186,
                285.169,
                252.869,
                0.771037,
                293.975,
                216.667,
                0.837608,
                300.801,
                235.274,
                0.790508,
                303.757,
                251.916,
                0.682183,
                289.081,
                191.232,
                0.194458,
                290.075,
                191.23,
                0.0656169,
                287.129,
                191.256,
                0.409193,
                0,
                0,
                0,
                310.6,
                253.86,
                0.559597,
                310.617,
                252.89,
                0.56587,
                301.833,
                253.826,
                0.570428,
                287.133,
                253.891,
                0.446752,
                285.145,
                254.793,
                0.467923,
                285.167,
                253.827,
                0.584365
            ],
            "face_keypoints_2d": [
                0,
                0,
                0,
                0,
                0,
                0,
                0,
                0,
                0,
                0,
                0,
                0,
                0,
                0,
                0,
                0,
                0,
                0,
                0,
                0,
                0,
                0,
                0,
                0,
                0,
                0,
                0,
                0,
                0,
                0,
                0,
                0,
                0,
                0,
                0,
                0,
                0,
                0,
                0,
                0,
                0,
                0,
                0,
                0,
                0,
                0,
                0,
                0,
                0,
                0,
                0,
                0,
                0,
                0,
                0,
                0,
                0,
                0,
                0,
                0,
                0,
                0,
                0,
                0,
                0,
                0,
                0,
                0,
                0,
                0,
                0,
                0,
                0,
                0,
                0,
                0,
                0,
                0,
                0,
                0,
                0,
                0,
                0,
                0,
                0,
                0,
                0,
                0,
                0,
                0,
                0,
                0,
                0,
                0,
                0,
                0,
                0,
                0,
                0,
                0,
                0,
                0,
                0,
                0,
                0,
                0,
                0,
                0,
                0,
                0,
                0,
                0,
                0,
                0,
                0,
                0,
                0,
                0,
                0,
                0,
                0,
                0,
                0,
                0,
                0,
                0,
                0,
                0,
                0,
                0,
                0,
                0,
                0,
                0,
                0,
                0,
                0,
                0,
                0,
                0,
                0,
                0,
                0,
                0,
                0,
                0,
                0,
                0,
                0,
                0,
                0,
                0,
                0,
                0,
                0,
                0,
                0,
                0,
                0,
                0,
                0,
                0,
                0,
                0,
                0,
                0,
                0,
                0,
                0,
                0,
                0,
                0,
                0,
                0,
                0,
                0,
                0,
                0,
                0,
                0,
                0,
                0,
                0,
                0,
                0,
                0,
                0,
                0,
                0,
                0,
                0,
                0,
                0,
                0,
                0,
                0,
                0,
                0,
                0,
                0,
                0,
                0,
                0,
                0,
                0,
                0,
                0,
                0,
                0,
                0
            ],
            "hand_left_keypoints_2d": [
                0,
                0,
                0,
                0,
                0,
                0,
                0,
                0,
                0,
                0,
                0,
                0,
                0,
                0,
                0,
                0,
                0,
                0,
                0,
                0,
                0,
                0,
                0,
                0,
                0,
                0,
                0,
                0,
                0,
                0,
                0,
                0,
                0,
                0,
                0,
                0,
                0,
                0,
                0,
                0,
                0,
                0,
                0,
                0,
                0,
                0,
                0,
                0,
                0,
                0,
                0,
                0,
                0,
                0,
                0,
                0,
                0,
                0,
                0,
                0,
                0,
                0,
                0
            ],
            "hand_right_keypoints_2d": [
                300.779,
                215.062,
                0.0106925,
                300.537,
                215.062,
                0.0145329,
                301.264,
                215.305,
                0.011563,
                301.36,
                215.353,
                0.0114201,
                302.329,
                213.562,
                0.00718798,
                300.876,
                215.256,
                0.0113401,
                300.925,
                215.401,
                0.0111094,
                301.021,
                215.353,
                0.00829696,
                299.714,
                216.805,
                0.00354468,
                300.828,
                215.014,
                0.00853843,
                301.167,
                215.595,
                0.00725536,
                301.264,
                215.498,
                0.00589951,
                301.699,
                215.74,
                0.00190384,
                300.925,
                215.111,
                0.00796936,
                301.506,
                215.886,
                0.00764678,
                301.312,
                215.692,
                0.00669343,
                300.876,
                214.336,
                0.00259041,
                300.973,
                215.305,
                0.00823852,
                300.876,
                215.692,
                0.00621535,
                300.44,
                216.37,
                0.00515716,
                303.926,
                216.467,
                0.00267156
            ],
            "pose_keypoints_3d": [],
            "face_keypoints_3d": [],
            "hand_left_keypoints_3d": [],
            "hand_right_keypoints_3d": []
        }
    ]
}