{
    "version": 1.3,
    "people": [
        {
            "person_id": [
                -1
            ],
            "pose_keypoints_2d": [
                0,
                0,
                0,
                334.1,
                160.897,
                0.906504,
                352.655,
                160.913,
                0.852592,
                363.365,
                176.577,
                0.763597,
                363.457,
                195.151,
                0.788725,
                317.43,
                159.983,
                0.900573,
                303.728,
                183.398,
                0.821146,
                301.803,
                206.886,
                0.840727,
                337.005,
                206.913,
                0.718029,
                347.77,
                206.917,
                0.750765,
                348.704,
                251.909,
                0.779908,
                348.761,
                292.007,
                0.856543,
                325.267,
                207.857,
                0.750882,
                319.403,
                245.04,
                0.713508,
                333.079,
                248.964,
                0.771565,
                0,
                0,
                0,
                0,
                0,
                0,
                340.884,
                143.279,
                0.623081,
                326.242,
                142.335,
                0.857297,
                334.102,
                269.536,
                0.701541,
                333.113,
                268.493,
                0.645977,
                335.057,
                246.051,
                0.617764,
                348.732,
                294.934,
                0.584517,
                353.623,
                294.969,
                0.624752,
                348.72,
                294.959,
                0.834662
            ],
            "face_keypoints_2d": [
                0,
                0,
                0,
                0,
                0,
                0,
                0,
                0,
                0,
                0,
                0,
                0,
                0,
                0,
                0,
                0,
                0,
                0,
                0,
                0,
                0,
                0,
                0,
                0,
                0,
                0,
                0,
                0,
                0,
                0,
                0,
                0,
                0,
                0,
                0,
                0,
                0,
                0,
                0,
                0,
                0,
                0,
                0,
                0,
                0,
                0,
                0,
                0,
                0,
                0,
                0,
                0,
                0,
                0,
                0,
                0,
                0,
                0,
                0,
                0,
                0,
                0,
                0,
                0,
                0,
                0,
                0,
                0,
                0,
                0,
                0,
                0,
                0,
                0,
                0,
                0,
                0,
                0,
                0,
                0,
                0,
                0,
                0,
                0,
                0,
                0,
                0,
                0,
                0,
                0,
                0,
                0,
                0,
                0,
                0,
                0,
                0,
                0,
                0,
                0,
                0,
                0,
                0,
                0,
                0,
                0,
                0,
                0,
                0,
                0,
                0,
                0,
                0,
                0,
                0,
                0,
                0,
                0,
                0,
                0,
                0,
                0,
                0,
                0,
                0,
                0,
                0,
                0,
                0,
                0,
                0,
                0,
                0,
                0,
                0,
                0,
                0,
                0,
                0,
                0,
                0,
                0,
                0,
                0,
                0,
                0,
                0,
                0,
                0,
                0,
                0,
                0,
                0,
                0,
                0,
                0,
                0,
                0,
                0,
                0,
                0,
                0,
                0,
                0,
                0,
                0,
                0,
                0,
                0,
                0,
                0,
                0,
                0,
                0,
                0,
                0,
                0,
                0,
                0,
                0,
                0,
                0,
                0,
                0,
                0,
                0,
                0,
                0,
                0,
                0,
                0,
                0,
                0,
                0,
                0,
                0,
                0,
                0,
                0,
                0,
                0,
                0,
                0,
                0,
                0,
                0,
                0,
                0,
                0,
                0
            ],
            "hand_left_keypoints_2d": [
                290.917,
                207.969,
                0.047841,
                292.211,
                206.178,
                0.00519922,
                304.651,
                209.064,
                0.00517246,
                304.651,
                208.964,
                0.00400175,
                301.864,
                208.765,
                0.00366432,
                307.836,
                205.58,
                0.0030319,
                307.736,
                205.381,
                0.00353491,
                307.736,
                205.381,
                0.00296783,
                305.547,
                200.604,
                0.00621044,
                305.646,
                208.467,
                0.00185861,
                305.447,
                208.367,
                0.00101986,
                305.348,
                208.467,
                0.00211164,
                305.646,
                200.604,
                0.00251329,
                305.646,
                208.566,
                0.0019778,
                305.348,
                208.566,
                0.00168725,
                305.348,
                208.566,
                0.00256118,
                298.58,
                213.244,
                0.00140608,
                285.742,
                209.462,
                0.00232847,
                307.139,
                219.514,
                0.0016876,
                296.988,
                210.159,
                0.00176001,
                298.879,
                213.045,
                0.00128953
            ],
            "hand_right_keypoints_2d": [
                359.021,
                207.413,
                0.235982,
                361.216,
                203.855,
                0.216447,
                366.819,
                201.584,
                0.0608928,
                372.346,
                202.492,
                0.0534427,
                373.633,
                203.325,
                0.0293739,
                369.62,
                203.249,
                0.605248,
                373.936,
                203.174,
                0.29782,
                375.223,
                202.795,
                0.119474,
                375.828,
                202.946,
                0.0208251,
                369.242,
                205.748,
                0.611295,
                373.784,
                205.899,
                0.292638,
                375.904,
                206.959,
                0.157773,
                377.267,
                207.792,
                0.065326,
                368.863,
                207.868,
                0.4308,
                373.33,
                207.868,
                0.152168,
                375.526,
                208.776,
                0.12971,
                377.267,
                209.003,
                0.0642876,
                368.636,
                209.988,
                0.367425,
                372.119,
                210.063,
                0.179129,
                373.784,
                210.518,
                0.129113,
                374.617,
                210.896,
                0.0838992
            ],
            "pose_keypoints_3d": [],
            "face_keypoints_3d": [],
            "hand_left_keypoints_3d": [],
            "hand_right_keypoints_3d": []
        }
    ]
}