{
    "version": 1.3,
    "people": [
        {
            "person_id": [
                -1
            ],
            "pose_keypoints_2d": [
                0,
                0,
                0,
                326.224,
                176.561,
                0.934511,
                339.961,
                176.573,
                0.92559,
                348.707,
                195.177,
                0.851114,
                347.78,
                209.847,
                0.829666,
                314.515,
                176.549,
                0.891307,
                306.658,
                193.225,
                0.791697,
                303.768,
                210.801,
                0.713258,
                325.302,
                207.913,
                0.847941,
                333.132,
                207.907,
                0.83997,
                332.098,
                232.33,
                0.853096,
                328.217,
                253.885,
                0.752212,
                317.476,
                208.85,
                0.83587,
                318.411,
                232.33,
                0.846921,
                319.377,
                253.86,
                0.818358,
                0,
                0,
                0,
                0,
                0,
                0,
                333.053,
                160.901,
                0.901703,
                320.381,
                160.968,
                0.792495,
                317.454,
                253.891,
                0.478472,
                316.469,
                254.817,
                0.523986,
                318.448,
                255.805,
                0.722765,
                329.175,
                254.851,
                0.381375,
                331.145,
                254.87,
                0.403338,
                328.189,
                255.831,
                0.632809
            ],
            "face_keypoints_2d": [
                0,
                0,
                0,
                0,
                0,
                0,
                0,
                0,
                0,
                0,
                0,
                0,
                0,
                0,
                0,
                0,
                0,
                0,
                0,
                0,
                0,
                0,
                0,
                0,
                0,
                0,
                0,
                0,
                0,
                0,
                0,
                0,
                0,
                0,
                0,
                0,
                0,
                0,
                0,
                0,
                0,
                0,
                0,
                0,
                0,
                0,
                0,
                0,
                0,
                0,
                0,
                0,
                0,
                0,
                0,
                0,
                0,
                0,
                0,
                0,
                0,
                0,
                0,
                0,
                0,
                0,
                0,
                0,
                0,
                0,
                0,
                0,
                0,
                0,
                0,
                0,
                0,
                0,
                0,
                0,
                0,
                0,
                0,
                0,
                0,
                0,
                0,
                0,
                0,
                0,
                0,
                0,
                0,
                0,
                0,
                0,
                0,
                0,
                0,
                0,
                0,
                0,
                0,
                0,
                0,
                0,
                0,
                0,
                0,
                0,
                0,
                0,
                0,
                0,
                0,
                0,
                0,
                0,
                0,
                0,
                0,
                0,
                0,
                0,
                0,
                0,
                0,
                0,
                0,
                0,
                0,
                0,
                0,
                0,
                0,
                0,
                0,
                0,
                0,
                0,
                0,
                0,
                0,
                0,
                0,
                0,
                0,
                0,
                0,
                0,
                0,
                0,
                0,
                0,
                0,
                0,
                0,
                0,
                0,
                0,
                0,
                0,
                0,
                0,
                0,
                0,
                0,
                0,
                0,
                0,
                0,
                0,
                0,
                0,
                0,
                0,
                0,
                0,
                0,
                0,
                0,
                0,
                0,
                0,
                0,
                0,
                0,
                0,
                0,
                0,
                0,
                0,
                0,
                0,
                0,
                0,
                0,
                0,
                0,
                0,
                0,
                0,
                0,
                0,
                0,
                0,
                0,
                0,
                0,
                0
            ],
            "hand_left_keypoints_2d": [
                307.316,
                214.205,
                0.0184843,
                307.606,
                216.674,
                0.0115933,
                306.154,
                217.254,
                0.0115375,
                306.662,
                217.617,
                0.0123999,
                308.768,
                216.819,
                0.0109429,
                306.735,
                218.198,
                0.0144143,
                307.824,
                217.109,
                0.0124492,
                308.332,
                217.4,
                0.0135177,
                308.405,
                217.254,
                0.00988512,
                306.59,
                218.053,
                0.00799708,
                307.897,
                217.254,
                0.0108372,
                308.26,
                217.545,
                0.015267,
                307.897,
                217.472,
                0.00734096,
                306.372,
                218.053,
                0.00719826,
                307.824,
                217.472,
                0.00817801,
                306.009,
                220.231,
                0.00896362,
                305.864,
                219.941,
                0.00915285,
                306.227,
                217.763,
                0.00687115,
                308.332,
                217.109,
                0.0071153,
                305.791,
                220.304,
                0.00923187,
                305.719,
                220.158,
                0.0094468
            ],
            "hand_right_keypoints_2d": [
                346.644,
                214.236,
                0.0129044,
                349.133,
                214.99,
                0.010804,
                350.49,
                212.803,
                0.00936353,
                351.923,
                215.97,
                0.00889753,
                352.828,
                216.725,
                0.00630374,
                353.054,
                214.99,
                0.0078953,
                351.697,
                214.839,
                0.00810991,
                350.49,
                210.164,
                0.00695342,
                349.359,
                216.197,
                0.00363102,
                351.093,
                212.049,
                0.00626377,
                351.32,
                214.99,
                0.00556388,
                351.32,
                215.065,
                0.00498921,
                349.208,
                216.348,
                0.0016546,
                351.093,
                212.2,
                0.0060219,
                351.32,
                214.99,
                0.00696841,
                349.811,
                215.216,
                0.0059406,
                349.887,
                214.839,
                0.0023797,
                351.169,
                214.462,
                0.0069949,
                349.661,
                215.744,
                0.00593529,
                349.661,
                215.82,
                0.00515502,
                351.848,
                217.931,
                0.00239065
            ],
            "pose_keypoints_3d": [],
            "face_keypoints_3d": [],
            "hand_left_keypoints_3d": [],
            "hand_right_keypoints_3d": []
        }
    ]
}