{
    "version": 1.3,
    "people": [
        {
            "person_id": [
                -1
            ],
            "pose_keypoints_2d": [
                408.39,
                73.8733,
                0.0942726,
                431.869,
                104.171,
                0.80297,
                456.314,
                104.198,
                0.791226,
                465.13,
                159.948,
                0.616627,
                458.292,
                186.355,
                0.177912,
                404.519,
                104.163,
                0.758569,
                397.648,
                151.131,
                0.806017,
                388.825,
                192.272,
                0.818487,
                434.815,
                184.383,
                0.624883,
                450.479,
                183.434,
                0.612786,
                451.451,
                262.663,
                0.819565,
                452.419,
                331.127,
                0.747303,
                419.156,
                184.399,
                0.598364,
                401.527,
                250.924,
                0.780464,
                429.942,
                309.619,
                0.781794,
                0,
                0,
                0,
                409.402,
                68.991,
                0.25367,
                435.801,
                73.9064,
                0.158286,
                416.231,
                72.8557,
                0.844591,
                417.199,
                331.133,
                0.731805,
                419.17,
                331.103,
                0.749198,
                435.828,
                314.516,
                0.71097,
                433.852,
                333.056,
                0.341054,
                434.849,
                332.14,
                0.269031,
                457.287,
                338.957,
                0.689608
            ],
            "face_keypoints_2d": [
                0,
                0,
                0,
                0,
                0,
                0,
                0,
                0,
                0,
                0,
                0,
                0,
                0,
                0,
                0,
                0,
                0,
                0,
                0,
                0,
                0,
                0,
                0,
                0,
                0,
                0,
                0,
                0,
                0,
                0,
                0,
                0,
                0,
                0,
                0,
                0,
                0,
                0,
                0,
                0,
                0,
                0,
                0,
                0,
                0,
                0,
                0,
                0,
                0,
                0,
                0,
                0,
                0,
                0,
                0,
                0,
                0,
                0,
                0,
                0,
                0,
                0,
                0,
                0,
                0,
                0,
                0,
                0,
                0,
                0,
                0,
                0,
                0,
                0,
                0,
                0,
                0,
                0,
                0,
                0,
                0,
                0,
                0,
                0,
                0,
                0,
                0,
                0,
                0,
                0,
                0,
                0,
                0,
                0,
                0,
                0,
                0,
                0,
                0,
                0,
                0,
                0,
                0,
                0,
                0,
                0,
                0,
                0,
                0,
                0,
                0,
                0,
                0,
                0,
                0,
                0,
                0,
                0,
                0,
                0,
                0,
                0,
                0,
                0,
                0,
                0,
                0,
                0,
                0,
                0,
                0,
                0,
                0,
                0,
                0,
                0,
                0,
                0,
                0,
                0,
                0,
                0,
                0,
                0,
                0,
                0,
                0,
                0,
                0,
                0,
                0,
                0,
                0,
                0,
                0,
                0,
                0,
                0,
                0,
                0,
                0,
                0,
                0,
                0,
                0,
                0,
                0,
                0,
                0,
                0,
                0,
                0,
                0,
                0,
                0,
                0,
                0,
                0,
                0,
                0,
                0,
                0,
                0,
                0,
                0,
                0,
                0,
                0,
                0,
                0,
                0,
                0,
                0,
                0,
                0,
                0,
                0,
                0,
                0,
                0,
                0,
                0,
                0,
                0,
                0,
                0,
                0,
                0,
                0,
                0
            ],
            "hand_left_keypoints_2d": [
                388.352,
                205.326,
                0.0961645,
                393.402,
                204.978,
                0.0529087,
                392.183,
                203.062,
                0.0305799,
                388.178,
                222.217,
                0.0194094,
                388.526,
                221.347,
                0.0103658,
                392.531,
                203.759,
                0.0366341,
                387.481,
                213.336,
                0.0167496,
                389.571,
                222.566,
                0.0415207,
                358.749,
                216.297,
                0.0173087,
                388.004,
                207.764,
                0.0159613,
                388.004,
                213.51,
                0.0209366,
                357.356,
                217.516,
                0.0201939,
                359.097,
                217.167,
                0.0135544,
                387.133,
                206.545,
                0.0129253,
                388.178,
                213.859,
                0.0142418,
                389.571,
                220.824,
                0.0171677,
                356.485,
                221.347,
                0.0179188,
                392.879,
                204.281,
                0.0101706,
                390.267,
                222.74,
                0.0117219,
                390.616,
                223.088,
                0.0339273,
                390.79,
                223.436,
                0.0166257
            ],
            "hand_right_keypoints_2d": [
                466.595,
                212.877,
                0.0225148,
                456.657,
                194.241,
                0.0526197,
                448.995,
                194.862,
                0.0429511,
                444.647,
                198.382,
                0.0662273,
                445.061,
                205.63,
                0.0309681,
                447.546,
                202.524,
                0.0354139,
                443.612,
                210.806,
                0.0588291,
                441.541,
                210.392,
                0.049228,
                441.127,
                215.568,
                0.0235848,
                448.167,
                202.524,
                0.0192703,
                446.925,
                210.599,
                0.0274068,
                444.026,
                215.154,
                0.0296513,
                442.991,
                214.947,
                0.0210972,
                450.859,
                203.973,
                0.0296412,
                448.167,
                210.599,
                0.0205401,
                444.44,
                214.326,
                0.0167155,
                443.198,
                214.947,
                0.0215044,
                451.894,
                203.145,
                0.0273345,
                450.652,
                210.185,
                0.0131568,
                442.369,
                212.048,
                0.0129261,
                443.405,
                213.912,
                0.0110023
            ],
            "pose_keypoints_3d": [],
            "face_keypoints_3d": [],
            "hand_left_keypoints_3d": [],
            "hand_right_keypoints_3d": []
        }
    ]
}