{
    "version": 1.3,
    "people": [
        {
            "person_id": [
                -1
            ],
            "pose_keypoints_2d": [
                301.743,
                191.281,
                0.0699986,
                299.806,
                198.111,
                0.676568,
                294.962,
                198.107,
                0.802913,
                295.942,
                206.915,
                0.839082,
                305.71,
                209.849,
                0.780409,
                301.742,
                198.087,
                0.646094,
                303.751,
                206.932,
                0.0992689,
                0,
                0,
                0,
                300.856,
                216.682,
                0.87542,
                299.845,
                216.682,
                0.856767,
                296.892,
                233.312,
                0.750462,
                292.967,
                248.984,
                0.684633,
                302.78,
                216.671,
                0.811399,
                308.603,
                233.331,
                0.777966,
                310.57,
                248.952,
                0.646069,
                301.75,
                190.27,
                0.0592314,
                0,
                0,
                0,
                300.751,
                191.21,
                0.222232,
                0,
                0,
                0,
                315.468,
                251.89,
                0.455714,
                315.475,
                249.958,
                0.456455,
                309.62,
                251.877,
                0.539367,
                293.994,
                252.855,
                0.487735,
                292.962,
                252.848,
                0.474452,
                292.961,
                250.919,
                0.522088
            ],
            "face_keypoints_2d": [
                0,
                0,
                0,
                0,
                0,
                0,
                0,
                0,
                0,
                0,
                0,
                0,
                0,
                0,
                0,
                0,
                0,
                0,
                0,
                0,
                0,
                0,
                0,
                0,
                0,
                0,
                0,
                0,
                0,
                0,
                0,
                0,
                0,
                0,
                0,
                0,
                0,
                0,
                0,
                0,
                0,
                0,
                0,
                0,
                0,
                0,
                0,
                0,
                0,
                0,
                0,
                0,
                0,
                0,
                0,
                0,
                0,
                0,
                0,
                0,
                0,
                0,
                0,
                0,
                0,
                0,
                0,
                0,
                0,
                0,
                0,
                0,
                0,
                0,
                0,
                0,
                0,
                0,
                0,
                0,
                0,
                0,
                0,
                0,
                0,
                0,
                0,
                0,
                0,
                0,
                0,
                0,
                0,
                0,
                0,
                0,
                0,
                0,
                0,
                0,
                0,
                0,
                0,
                0,
                0,
                0,
                0,
                0,
                0,
                0,
                0,
                0,
                0,
                0,
                0,
                0,
                0,
                0,
                0,
                0,
                0,
                0,
                0,
                0,
                0,
                0,
                0,
                0,
                0,
                0,
                0,
                0,
                0,
                0,
                0,
                0,
                0,
                0,
                0,
                0,
                0,
                0,
                0,
                0,
                0,
                0,
                0,
                0,
                0,
                0,
                0,
                0,
                0,
                0,
                0,
                0,
                0,
                0,
                0,
                0,
                0,
                0,
                0,
                0,
                0,
                0,
                0,
                0,
                0,
                0,
                0,
                0,
                0,
                0,
                0,
                0,
                0,
                0,
                0,
                0,
                0,
                0,
                0,
                0,
                0,
                0,
                0,
                0,
                0,
                0,
                0,
                0,
                0,
                0,
                0,
                0,
                0,
                0,
                0,
                0,
                0,
                0,
                0,
                0,
                0,
                0,
                0,
                0,
                0,
                0
            ],
            "hand_left_keypoints_2d": [
                0,
                0,
                0,
                0,
                0,
                0,
                0,
                0,
                0,
                0,
                0,
                0,
                0,
                0,
                0,
                0,
                0,
                0,
                0,
                0,
                0,
                0,
                0,
                0,
                0,
                0,
                0,
                0,
                0,
                0,
                0,
                0,
                0,
                0,
                0,
                0,
                0,
                0,
                0,
                0,
                0,
                0,
                0,
                0,
                0,
                0,
                0,
                0,
                0,
                0,
                0,
                0,
                0,
                0,
                0,
                0,
                0,
                0,
                0,
                0,
                0,
                0,
                0
            ],
            "hand_right_keypoints_2d": [
                309.141,
                211.025,
                0.0114188,
                309.016,
                212.065,
                0.0187781,
                310.18,
                210.693,
                0.0145506,
                310.388,
                210.693,
                0.0135323,
                312.051,
                211.815,
                0.00723856,
                309.141,
                211.025,
                0.0110064,
                310.263,
                211.566,
                0.0093699,
                309.557,
                212.605,
                0.00861329,
                307.27,
                212.938,
                0.00502587,
                309.016,
                211.316,
                0.0118335,
                310.305,
                211.607,
                0.00807244,
                309.64,
                212.564,
                0.00670778,
                307.395,
                213.187,
                0.00461926,
                308.975,
                211.316,
                0.0113784,
                309.889,
                212.231,
                0.00964026,
                307.478,
                212.688,
                0.00852142,
                307.52,
                213.146,
                0.00568333,
                306.397,
                211.774,
                0.0132316,
                307.104,
                212.148,
                0.00828133,
                307.353,
                212.647,
                0.00775015,
                307.395,
                213.021,
                0.00560118
            ],
            "pose_keypoints_3d": [],
            "face_keypoints_3d": [],
            "hand_left_keypoints_3d": [],
            "hand_right_keypoints_3d": []
        }
    ]
}