{
    "version": 1.3,
    "people": [
        {
            "person_id": [
                -1
            ],
            "pose_keypoints_2d": [
                253.887,
                199.123,
                0.229815,
                251.884,
                205.896,
                0.570152,
                248.955,
                205.917,
                0.747053,
                252.839,
                214.735,
                0.81488,
                260.693,
                215.706,
                0.743604,
                253.815,
                204.928,
                0.565498,
                254.822,
                214.704,
                0.12501,
                260.685,
                216.673,
                0.0608122,
                253.869,
                224.495,
                0.755909,
                253.829,
                224.506,
                0.816153,
                255.807,
                240.147,
                0.729704,
                260.702,
                254.852,
                0.545512,
                254.783,
                223.576,
                0.730608,
                253.877,
                239.232,
                0.624721,
                244.072,
                253.81,
                0.372064,
                253.821,
                199.05,
                0.213633,
                253.871,
                199.023,
                0.0818769,
                251.907,
                199.036,
                0.322449,
                0,
                0,
                0,
                247.003,
                254.8,
                0.305399,
                246.053,
                253.889,
                0.276581,
                241.126,
                253.862,
                0.396821,
                261.674,
                254.86,
                0.403553,
                260.708,
                255.803,
                0.402302,
                258.757,
                255.835,
                0.42419
            ],
            "face_keypoints_2d": [
                0,
                0,
                0,
                0,
                0,
                0,
                0,
                0,
                0,
                0,
                0,
                0,
                0,
                0,
                0,
                0,
                0,
                0,
                0,
                0,
                0,
                0,
                0,
                0,
                0,
                0,
                0,
                0,
                0,
                0,
                0,
                0,
                0,
                0,
                0,
                0,
                0,
                0,
                0,
                0,
                0,
                0,
                0,
                0,
                0,
                0,
                0,
                0,
                0,
                0,
                0,
                0,
                0,
                0,
                0,
                0,
                0,
                0,
                0,
                0,
                0,
                0,
                0,
                0,
                0,
                0,
                0,
                0,
                0,
                0,
                0,
                0,
                0,
                0,
                0,
                0,
                0,
                0,
                0,
                0,
                0,
                0,
                0,
                0,
                0,
                0,
                0,
                0,
                0,
                0,
                0,
                0,
                0,
                0,
                0,
                0,
                0,
                0,
                0,
                0,
                0,
                0,
                0,
                0,
                0,
                0,
                0,
                0,
                0,
                0,
                0,
                0,
                0,
                0,
                0,
                0,
                0,
                0,
                0,
                0,
                0,
                0,
                0,
                0,
                0,
                0,
                0,
                0,
                0,
                0,
                0,
                0,
                0,
                0,
                0,
                0,
                0,
                0,
                0,
                0,
                0,
                0,
                0,
                0,
                0,
                0,
                0,
                0,
                0,
                0,
                0,
                0,
                0,
                0,
                0,
                0,
                0,
                0,
                0,
                0,
                0,
                0,
                0,
                0,
                0,
                0,
                0,
                0,
                0,
                0,
                0,
                0,
                0,
                0,
                0,
                0,
                0,
                0,
                0,
                0,
                0,
                0,
                0,
                0,
                0,
                0,
                0,
                0,
                0,
                0,
                0,
                0,
                0,
                0,
                0,
                0,
                0,
                0,
                0,
                0,
                0,
                0,
                0,
                0,
                0,
                0,
                0,
                0,
                0,
                0
            ],
            "hand_left_keypoints_2d": [
                262.115,
                219.269,
                0.0337085,
                261.826,
                218.728,
                0.0257605,
                263.773,
                219.161,
                0.0279815,
                260.492,
                216.89,
                0.0137659,
                259.555,
                217.214,
                0.00766339,
                263.521,
                218.945,
                0.0156521,
                263.701,
                219.161,
                0.0125377,
                263.737,
                219.161,
                0.00846002,
                263.341,
                219.377,
                0.00378117,
                261.826,
                217.394,
                0.0129378,
                263.557,
                216.493,
                0.00733734,
                264.062,
                217.683,
                0.00638729,
                264.53,
                217.647,
                0.00272177,
                263.377,
                218.837,
                0.0154271,
                263.593,
                216.565,
                0.00927269,
                264.206,
                217.755,
                0.00995492,
                264.386,
                217.755,
                0.00759129,
                263.845,
                218.981,
                0.0279402,
                263.954,
                219.161,
                0.0135767,
                263.845,
                219.125,
                0.00959505,
                264.603,
                217.791,
                0.00783839
            ],
            "hand_right_keypoints_2d": [
                264.734,
                217.83,
                0.0119421,
                264.769,
                217.052,
                0.0164037,
                264.628,
                216.628,
                0.0127298,
                264.31,
                215.038,
                0.0116121,
                266.218,
                216.522,
                0.00778101,
                263.426,
                215.638,
                0.0125838,
                263.744,
                215.674,
                0.0133357,
                264.203,
                216.876,
                0.00946146,
                263.497,
                218.678,
                0.00530293,
                263.143,
                215.992,
                0.0212878,
                263.497,
                216.133,
                0.0162283,
                263.285,
                216.557,
                0.00918715,
                263.426,
                218.466,
                0.00480137,
                262.86,
                216.345,
                0.0293887,
                263.037,
                216.557,
                0.0174324,
                262.896,
                216.769,
                0.0119362,
                261.8,
                217.582,
                0.00867127,
                262.613,
                216.487,
                0.0161425,
                262.472,
                217.194,
                0.0124107,
                262.189,
                217.476,
                0.010508,
                262.118,
                217.653,
                0.00961223
            ],
            "pose_keypoints_3d": [],
            "face_keypoints_3d": [],
            "hand_left_keypoints_3d": [],
            "hand_right_keypoints_3d": []
        }
    ]
}