{
    "version": 1.3,
    "people": [
        {
            "person_id": [
                -1
            ],
            "pose_keypoints_2d": [
                0,
                0,
                0,
                334.067,
                163.867,
                0.859776,
                351.697,
                162.89,
                0.818905,
                369.288,
                184.429,
                0.890682,
                375.161,
                208.853,
                0.820391,
                316.486,
                164.84,
                0.863091,
                309.67,
                190.261,
                0.736822,
                310.617,
                203.964,
                0.50247,
                339.913,
                207.885,
                0.802652,
                348.731,
                207.858,
                0.799365,
                348.699,
                243.101,
                0.802431,
                347.774,
                267.554,
                0.510065,
                330.143,
                207.913,
                0.745135,
                331.125,
                252.88,
                0.833904,
                341.898,
                290.051,
                0.814569,
                0,
                0,
                0,
                0,
                0,
                0,
                340.912,
                145.259,
                0.749898,
                325.286,
                145.274,
                0.935627,
                339.969,
                292.993,
                0.531114,
                338.95,
                293.969,
                0.629895,
                344.831,
                293.023,
                0.818327,
                346.759,
                283.178,
                0.208013,
                347.758,
                277.315,
                0.166496,
                347.771,
                267.56,
                0.382557
            ],
            "face_keypoints_2d": [
                0,
                0,
                0,
                0,
                0,
                0,
                0,
                0,
                0,
                0,
                0,
                0,
                0,
                0,
                0,
                0,
                0,
                0,
                0,
                0,
                0,
                0,
                0,
                0,
                0,
                0,
                0,
                0,
                0,
                0,
                0,
                0,
                0,
                0,
                0,
                0,
                0,
                0,
                0,
                0,
                0,
                0,
                0,
                0,
                0,
                0,
                0,
                0,
                0,
                0,
                0,
                0,
                0,
                0,
                0,
                0,
                0,
                0,
                0,
                0,
                0,
                0,
                0,
                0,
                0,
                0,
                0,
                0,
                0,
                0,
                0,
                0,
                0,
                0,
                0,
                0,
                0,
                0,
                0,
                0,
                0,
                0,
                0,
                0,
                0,
                0,
                0,
                0,
                0,
                0,
                0,
                0,
                0,
                0,
                0,
                0,
                0,
                0,
                0,
                0,
                0,
                0,
                0,
                0,
                0,
                0,
                0,
                0,
                0,
                0,
                0,
                0,
                0,
                0,
                0,
                0,
                0,
                0,
                0,
                0,
                0,
                0,
                0,
                0,
                0,
                0,
                0,
                0,
                0,
                0,
                0,
                0,
                0,
                0,
                0,
                0,
                0,
                0,
                0,
                0,
                0,
                0,
                0,
                0,
                0,
                0,
                0,
                0,
                0,
                0,
                0,
                0,
                0,
                0,
                0,
                0,
                0,
                0,
                0,
                0,
                0,
                0,
                0,
                0,
                0,
                0,
                0,
                0,
                0,
                0,
                0,
                0,
                0,
                0,
                0,
                0,
                0,
                0,
                0,
                0,
                0,
                0,
                0,
                0,
                0,
                0,
                0,
                0,
                0,
                0,
                0,
                0,
                0,
                0,
                0,
                0,
                0,
                0,
                0,
                0,
                0,
                0,
                0,
                0,
                0,
                0,
                0,
                0,
                0,
                0
            ],
            "hand_left_keypoints_2d": [
                320.777,
                197.479,
                0.0247289,
                319.522,
                198.348,
                0.0159283,
                317.784,
                198.058,
                0.0182377,
                317.977,
                197.19,
                0.0232858,
                323.384,
                203.176,
                0.0144497,
                319.715,
                201.92,
                0.00945881,
                320.874,
                203.465,
                0.01367,
                321.26,
                203.369,
                0.0113748,
                322.901,
                203.851,
                0.00947805,
                316.046,
                205.976,
                0.0103207,
                316.529,
                207.231,
                0.0135363,
                316.722,
                207.424,
                0.0169671,
                316.722,
                207.424,
                0.00890216,
                316.239,
                206.072,
                0.00900898,
                316.529,
                207.038,
                0.0139319,
                316.625,
                207.327,
                0.0110949,
                314.501,
                208.969,
                0.00928178,
                316.818,
                207.424,
                0.00732778,
                314.405,
                208.775,
                0.00696275,
                314.405,
                208.872,
                0.00898464,
                314.501,
                209.065,
                0.00771752
            ],
            "hand_right_keypoints_2d": [
                372.901,
                214.967,
                0.0631377,
                376.689,
                216.298,
                0.0662394,
                370.034,
                226.537,
                0.0241843,
                371.365,
                218.96,
                0.0204118,
                370.136,
                225.616,
                0.0210325,
                370.341,
                225.616,
                0.0258654,
                369.931,
                226.025,
                0.0818569,
                369.624,
                227.049,
                0.0612164,
                369.214,
                227.356,
                0.0387107,
                373.412,
                224.182,
                0.0134538,
                372.389,
                225.718,
                0.0410142,
                371.16,
                227.766,
                0.0469419,
                371.467,
                228.585,
                0.0277202,
                373.31,
                224.489,
                0.0118702,
                373.003,
                226.844,
                0.0288247,
                371.877,
                227.766,
                0.0387278,
                373.105,
                228.278,
                0.0241494,
                369.419,
                225.718,
                0.013653,
                369.214,
                225.923,
                0.0219669,
                369.317,
                226.947,
                0.0170518,
                369.624,
                226.947,
                0.0132965
            ],
            "pose_keypoints_3d": [],
            "face_keypoints_3d": [],
            "hand_left_keypoints_3d": [],
            "hand_right_keypoints_3d": []
        }
    ]
}