{
    "version": 1.3,
    "people": [
        {
            "person_id": [
                -1
            ],
            "pose_keypoints_2d": [
                0,
                0,
                0,
                388.84,
                120.79,
                0.878951,
                411.339,
                119.851,
                0.846325,
                426.019,
                159.906,
                0.801669,
                425.009,
                191.286,
                0.697132,
                365.381,
                120.826,
                0.827898,
                363.437,
                161.931,
                0.86314,
                363.411,
                200.026,
                0.826467,
                399.603,
                186.351,
                0.602884,
                412.334,
                183.442,
                0.61109,
                426.039,
                252.871,
                0.851405,
                453.41,
                300.812,
                0.766026,
                385.891,
                188.306,
                0.603636,
                379.072,
                252.871,
                0.835756,
                387.842,
                312.533,
                0.81592,
                0,
                0,
                0,
                368.288,
                92.4647,
                0.0742462,
                393.72,
                96.3304,
                0.637803,
                372.266,
                93.4408,
                0.872327,
                371.21,
                317.485,
                0.722341,
                372.257,
                319.41,
                0.755329,
                391.778,
                317.483,
                0.725691,
                451.449,
                330.148,
                0.718261,
                454.387,
                327.241,
                0.580403,
                458.336,
                301.822,
                0.634047
            ],
            "face_keypoints_2d": [
                0,
                0,
                0,
                0,
                0,
                0,
                0,
                0,
                0,
                0,
                0,
                0,
                0,
                0,
                0,
                0,
                0,
                0,
                0,
                0,
                0,
                0,
                0,
                0,
                0,
                0,
                0,
                0,
                0,
                0,
                0,
                0,
                0,
                0,
                0,
                0,
                0,
                0,
                0,
                0,
                0,
                0,
                0,
                0,
                0,
                0,
                0,
                0,
                0,
                0,
                0,
                0,
                0,
                0,
                0,
                0,
                0,
                0,
                0,
                0,
                0,
                0,
                0,
                0,
                0,
                0,
                0,
                0,
                0,
                0,
                0,
                0,
                0,
                0,
                0,
                0,
                0,
                0,
                0,
                0,
                0,
                0,
                0,
                0,
                0,
                0,
                0,
                0,
                0,
                0,
                0,
                0,
                0,
                0,
                0,
                0,
                0,
                0,
                0,
                0,
                0,
                0,
                0,
                0,
                0,
                0,
                0,
                0,
                0,
                0,
                0,
                0,
                0,
                0,
                0,
                0,
                0,
                0,
                0,
                0,
                0,
                0,
                0,
                0,
                0,
                0,
                0,
                0,
                0,
                0,
                0,
                0,
                0,
                0,
                0,
                0,
                0,
                0,
                0,
                0,
                0,
                0,
                0,
                0,
                0,
                0,
                0,
                0,
                0,
                0,
                0,
                0,
                0,
                0,
                0,
                0,
                0,
                0,
                0,
                0,
                0,
                0,
                0,
                0,
                0,
                0,
                0,
                0,
                0,
                0,
                0,
                0,
                0,
                0,
                0,
                0,
                0,
                0,
                0,
                0,
                0,
                0,
                0,
                0,
                0,
                0,
                0,
                0,
                0,
                0,
                0,
                0,
                0,
                0,
                0,
                0,
                0,
                0,
                0,
                0,
                0,
                0,
                0,
                0,
                0,
                0,
                0,
                0,
                0,
                0
            ],
            "hand_left_keypoints_2d": [
                357.036,
                197.536,
                0.0314627,
                365.421,
                221.138,
                0.0182069,
                363.868,
                220.827,
                0.0310735,
                363.402,
                221.138,
                0.0418993,
                370.234,
                226.728,
                0.0894676,
                365.11,
                215.703,
                0.0198837,
                366.507,
                211.355,
                0.0160159,
                370.7,
                204.989,
                0.0138542,
                370.545,
                226.883,
                0.01497,
                366.197,
                208.405,
                0.0139748,
                366.197,
                211.045,
                0.0191059,
                372.408,
                208.25,
                0.0158812,
                370.855,
                228.125,
                0.00699407,
                366.507,
                207.163,
                0.0160457,
                366.352,
                210.889,
                0.0134759,
                371.632,
                207.784,
                0.0106904,
                373.65,
                206.852,
                0.00801275,
                368.992,
                213.219,
                0.00959696,
                369.147,
                213.374,
                0.00847967,
                373.65,
                207.007,
                0.0107898,
                373.806,
                207.007,
                0.00909353
            ],
            "hand_right_keypoints_2d": [
                405.583,
                213.378,
                0.01678,
                420.138,
                212.126,
                0.0120032,
                421.233,
                212.909,
                0.0124728,
                424.989,
                212.909,
                0.025098,
                426.398,
                213.535,
                0.0119846,
                424.989,
                212.909,
                0.0145358,
                423.581,
                205.71,
                0.011227,
                424.52,
                213.222,
                0.00952629,
                427.024,
                213.848,
                0.00936875,
                423.737,
                212.596,
                0.00963142,
                417.634,
                206.962,
                0.0106118,
                423.894,
                210.092,
                0.00743064,
                427.18,
                213.535,
                0.00674099,
                424.207,
                212.752,
                0.00889315,
                417.634,
                207.744,
                0.011348,
                424.989,
                213.222,
                0.00841424,
                427.18,
                213.691,
                0.00612528,
                424.989,
                213.222,
                0.00908948,
                419.355,
                212.126,
                0.00964131,
                423.894,
                213.848,
                0.0138841,
                424.52,
                214.317,
                0.0076237
            ],
            "pose_keypoints_3d": [],
            "face_keypoints_3d": [],
            "hand_left_keypoints_3d": [],
            "hand_right_keypoints_3d": []
        }
    ]
}