{
    "version": 1.3,
    "people": [
        {
            "person_id": [
                -1
            ],
            "pose_keypoints_2d": [
                0,
                0,
                0,
                332.083,
                155.04,
                0.878108,
                348.73,
                153.147,
                0.887263,
                362.439,
                183.379,
                0.80332,
                361.455,
                207.892,
                0.714747,
                312.562,
                158.001,
                0.806893,
                309.573,
                187.343,
                0.869147,
                308.599,
                209.82,
                0.823608,
                339.912,
                205.891,
                0.759028,
                349.716,
                203.954,
                0.720342,
                347.752,
                248.961,
                0.845793,
                363.402,
                268.533,
                0.76947,
                327.221,
                206.864,
                0.714686,
                325.238,
                248.968,
                0.85258,
                337.003,
                289.087,
                0.7773,
                0,
                0,
                0,
                0,
                0,
                0,
                333.138,
                136.451,
                0.697944,
                317.462,
                137.415,
                0.911132,
                334.094,
                293.97,
                0.491012,
                333.054,
                293.994,
                0.677155,
                339.931,
                293.94,
                0.849847,
                362.416,
                285.112,
                0.757978,
                364.408,
                283.183,
                0.696309,
                367.322,
                268.541,
                0.62401
            ],
            "face_keypoints_2d": [
                0,
                0,
                0,
                0,
                0,
                0,
                0,
                0,
                0,
                0,
                0,
                0,
                0,
                0,
                0,
                0,
                0,
                0,
                0,
                0,
                0,
                0,
                0,
                0,
                0,
                0,
                0,
                0,
                0,
                0,
                0,
                0,
                0,
                0,
                0,
                0,
                0,
                0,
                0,
                0,
                0,
                0,
                0,
                0,
                0,
                0,
                0,
                0,
                0,
                0,
                0,
                0,
                0,
                0,
                0,
                0,
                0,
                0,
                0,
                0,
                0,
                0,
                0,
                0,
                0,
                0,
                0,
                0,
                0,
                0,
                0,
                0,
                0,
                0,
                0,
                0,
                0,
                0,
                0,
                0,
                0,
                0,
                0,
                0,
                0,
                0,
                0,
                0,
                0,
                0,
                0,
                0,
                0,
                0,
                0,
                0,
                0,
                0,
                0,
                0,
                0,
                0,
                0,
                0,
                0,
                0,
                0,
                0,
                0,
                0,
                0,
                0,
                0,
                0,
                0,
                0,
                0,
                0,
                0,
                0,
                0,
                0,
                0,
                0,
                0,
                0,
                0,
                0,
                0,
                0,
                0,
                0,
                0,
                0,
                0,
                0,
                0,
                0,
                0,
                0,
                0,
                0,
                0,
                0,
                0,
                0,
                0,
                0,
                0,
                0,
                0,
                0,
                0,
                0,
                0,
                0,
                0,
                0,
                0,
                0,
                0,
                0,
                0,
                0,
                0,
                0,
                0,
                0,
                0,
                0,
                0,
                0,
                0,
                0,
                0,
                0,
                0,
                0,
                0,
                0,
                0,
                0,
                0,
                0,
                0,
                0,
                0,
                0,
                0,
                0,
                0,
                0,
                0,
                0,
                0,
                0,
                0,
                0,
                0,
                0,
                0,
                0,
                0,
                0,
                0,
                0,
                0,
                0,
                0,
                0
            ],
            "hand_left_keypoints_2d": [
                310.441,
                218.752,
                0.027226,
                303.841,
                211.179,
                0.0127802,
                315.635,
                222.864,
                0.0143453,
                314.661,
                221.241,
                0.0133448,
                316.609,
                221.998,
                0.0129226,
                313.038,
                208.365,
                0.0154365,
                314.877,
                215.831,
                0.0185625,
                316.392,
                220.375,
                0.0322706,
                317.041,
                222.107,
                0.0304069,
                309.251,
                214.966,
                0.0133377,
                314.769,
                215.29,
                0.0220477,
                313.471,
                219.618,
                0.0244938,
                316.609,
                221.674,
                0.0220439,
                308.71,
                214.966,
                0.0116648,
                311.415,
                215.831,
                0.0156261,
                311.307,
                219.402,
                0.0139358,
                316.609,
                221.674,
                0.0199996,
                311.956,
                208.365,
                0.00834076,
                316.825,
                221.89,
                0.00880554,
                316.609,
                221.998,
                0.0116681,
                316.933,
                221.89,
                0.0137911
            ],
            "hand_right_keypoints_2d": [
                363.565,
                201.368,
                0.033154,
                358.816,
                226.088,
                0.0169171,
                347.978,
                222.07,
                0.0161376,
                345.421,
                219.878,
                0.0453117,
                342.863,
                220.121,
                0.151546,
                359.425,
                225.601,
                0.0229808,
                359.79,
                226.21,
                0.0139425,
                359.79,
                226.332,
                0.0177912,
                342.742,
                220.243,
                0.015656,
                358.938,
                225.845,
                0.00909751,
                361.373,
                227.671,
                0.00743306,
                360.886,
                229.985,
                0.00751697,
                357.111,
                232.055,
                0.00685602,
                358.694,
                225.723,
                0.0076485,
                362.348,
                229.376,
                0.00535237,
                357.598,
                231.933,
                0.00692627,
                356.868,
                232.177,
                0.00801808,
                357.842,
                225.357,
                0.00655707,
                358.329,
                225.723,
                0.00659785,
                357.72,
                231.69,
                0.00677716,
                357.111,
                232.055,
                0.00660523
            ],
            "pose_keypoints_3d": [],
            "face_keypoints_3d": [],
            "hand_left_keypoints_3d": [],
            "hand_right_keypoints_3d": []
        }
    ]
}