{
    "version": 1.3,
    "people": [
        {
            "person_id": [
                -1
            ],
            "pose_keypoints_2d": [
                0,
                0,
                0,
                334.062,
                155.08,
                0.869256,
                352.668,
                155.076,
                0.81941,
                362.418,
                184.399,
                0.878588,
                355.537,
                202.984,
                0.520206,
                316.485,
                156.033,
                0.864881,
                312.543,
                182.442,
                0.792486,
                311.577,
                201.999,
                0.765757,
                338.937,
                200.023,
                0.772494,
                348.709,
                199.085,
                0.783821,
                350.718,
                238.218,
                0.627794,
                355.571,
                248.983,
                0.361751,
                326.272,
                200.061,
                0.751666,
                324.288,
                240.144,
                0.863797,
                326.226,
                281.238,
                0.797656,
                0,
                0,
                0,
                0,
                0,
                0,
                339.916,
                136.474,
                0.795402,
                324.279,
                136.513,
                0.953714,
                325.29,
                284.154,
                0.465207,
                323.309,
                285.125,
                0.569492,
                327.214,
                286.116,
                0.80036,
                354.609,
                250.918,
                0.184,
                0,
                0,
                0,
                358.524,
                247.98,
                0.275085
            ],
            "face_keypoints_2d": [
                0,
                0,
                0,
                0,
                0,
                0,
                0,
                0,
                0,
                0,
                0,
                0,
                0,
                0,
                0,
                0,
                0,
                0,
                0,
                0,
                0,
                0,
                0,
                0,
                0,
                0,
                0,
                0,
                0,
                0,
                0,
                0,
                0,
                0,
                0,
                0,
                0,
                0,
                0,
                0,
                0,
                0,
                0,
                0,
                0,
                0,
                0,
                0,
                0,
                0,
                0,
                0,
                0,
                0,
                0,
                0,
                0,
                0,
                0,
                0,
                0,
                0,
                0,
                0,
                0,
                0,
                0,
                0,
                0,
                0,
                0,
                0,
                0,
                0,
                0,
                0,
                0,
                0,
                0,
                0,
                0,
                0,
                0,
                0,
                0,
                0,
                0,
                0,
                0,
                0,
                0,
                0,
                0,
                0,
                0,
                0,
                0,
                0,
                0,
                0,
                0,
                0,
                0,
                0,
                0,
                0,
                0,
                0,
                0,
                0,
                0,
                0,
                0,
                0,
                0,
                0,
                0,
                0,
                0,
                0,
                0,
                0,
                0,
                0,
                0,
                0,
                0,
                0,
                0,
                0,
                0,
                0,
                0,
                0,
                0,
                0,
                0,
                0,
                0,
                0,
                0,
                0,
                0,
                0,
                0,
                0,
                0,
                0,
                0,
                0,
                0,
                0,
                0,
                0,
                0,
                0,
                0,
                0,
                0,
                0,
                0,
                0,
                0,
                0,
                0,
                0,
                0,
                0,
                0,
                0,
                0,
                0,
                0,
                0,
                0,
                0,
                0,
                0,
                0,
                0,
                0,
                0,
                0,
                0,
                0,
                0,
                0,
                0,
                0,
                0,
                0,
                0,
                0,
                0,
                0,
                0,
                0,
                0,
                0,
                0,
                0,
                0,
                0,
                0,
                0,
                0,
                0,
                0,
                0,
                0
            ],
            "hand_left_keypoints_2d": [
                315.666,
                200.226,
                0.0271837,
                312.63,
                204.144,
                0.0138551,
                314.001,
                209.629,
                0.0100942,
                311.944,
                211.882,
                0.00890788,
                316.842,
                209.139,
                0.00539028,
                308.613,
                209.433,
                0.00702982,
                316.352,
                208.845,
                0.00658607,
                308.711,
                209.041,
                0.00546298,
                318.115,
                208.845,
                0.00341739,
                308.613,
                209.531,
                0.00531169,
                308.809,
                209.433,
                0.00248407,
                308.907,
                209.237,
                0.00386913,
                318.017,
                208.747,
                0.0010863,
                308.613,
                209.433,
                0.00509305,
                308.711,
                209.433,
                0.00339909,
                308.907,
                209.041,
                0.0049127,
                309.005,
                208.65,
                0.00265878,
                308.613,
                209.335,
                0.0058327,
                308.613,
                209.531,
                0.00620222,
                308.613,
                208.943,
                0.00539267,
                308.711,
                208.845,
                0.00350419
            ],
            "hand_right_keypoints_2d": [
                337.169,
                213.878,
                0.0143039,
                352.02,
                217.052,
                0.0127724,
                340.457,
                216.372,
                0.0407311,
                340.23,
                214.445,
                0.0226909,
                352.927,
                218.299,
                0.0186837,
                352.02,
                215.805,
                0.0224799,
                351.793,
                217.279,
                0.0337282,
                354.173,
                217.619,
                0.0760848,
                352.133,
                217.619,
                0.125549,
                352.813,
                215.805,
                0.0202481,
                355.307,
                214.105,
                0.0215765,
                353.833,
                217.732,
                0.0379661,
                352.133,
                217.732,
                0.0310444,
                353.72,
                216.939,
                0.0163071,
                355.534,
                214.105,
                0.0144982,
                352.927,
                217.732,
                0.0126095,
                352.02,
                217.732,
                0.0280138,
                351.226,
                216.599,
                0.0108272,
                352.133,
                217.392,
                0.0133732,
                347.825,
                216.599,
                0.0156769,
                352.02,
                217.619,
                0.0172301
            ],
            "pose_keypoints_3d": [],
            "face_keypoints_3d": [],
            "hand_left_keypoints_3d": [],
            "hand_right_keypoints_3d": []
        }
    ]
}