{
    "version": 1.3,
    "people": [
        {
            "person_id": [
                -1
            ],
            "pose_keypoints_2d": [
                0,
                0,
                0,
                357.58,
                144.29,
                0.883915,
                379.094,
                141.378,
                0.823238,
                403.538,
                167.746,
                0.913975,
                417.19,
                198.077,
                0.755169,
                336.04,
                145.307,
                0.826294,
                332.066,
                184.408,
                0.855715,
                323.305,
                206.926,
                0.355872,
                374.194,
                200.077,
                0.674363,
                386.873,
                199.065,
                0.687246,
                364.407,
                254.815,
                0.795257,
                354.622,
                293.015,
                0.81645,
                364.38,
                202.996,
                0.681938,
                374.178,
                262.648,
                0.757757,
                402.575,
                307.627,
                0.826718,
                0,
                0,
                0,
                0,
                0,
                0,
                363.427,
                121.82,
                0.737265,
                344.818,
                122.78,
                0.809379,
                392.742,
                324.262,
                0.735331,
                397.657,
                323.287,
                0.686716,
                409.391,
                309.581,
                0.786838,
                348.768,
                299.841,
                0.434674,
                352.658,
                300.779,
                0.439855,
                354.578,
                298.829,
                0.732255
            ],
            "face_keypoints_2d": [
                0,
                0,
                0,
                0,
                0,
                0,
                0,
                0,
                0,
                0,
                0,
                0,
                0,
                0,
                0,
                0,
                0,
                0,
                0,
                0,
                0,
                0,
                0,
                0,
                0,
                0,
                0,
                0,
                0,
                0,
                0,
                0,
                0,
                0,
                0,
                0,
                0,
                0,
                0,
                0,
                0,
                0,
                0,
                0,
                0,
                0,
                0,
                0,
                0,
                0,
                0,
                0,
                0,
                0,
                0,
                0,
                0,
                0,
                0,
                0,
                0,
                0,
                0,
                0,
                0,
                0,
                0,
                0,
                0,
                0,
                0,
                0,
                0,
                0,
                0,
                0,
                0,
                0,
                0,
                0,
                0,
                0,
                0,
                0,
                0,
                0,
                0,
                0,
                0,
                0,
                0,
                0,
                0,
                0,
                0,
                0,
                0,
                0,
                0,
                0,
                0,
                0,
                0,
                0,
                0,
                0,
                0,
                0,
                0,
                0,
                0,
                0,
                0,
                0,
                0,
                0,
                0,
                0,
                0,
                0,
                0,
                0,
                0,
                0,
                0,
                0,
                0,
                0,
                0,
                0,
                0,
                0,
                0,
                0,
                0,
                0,
                0,
                0,
                0,
                0,
                0,
                0,
                0,
                0,
                0,
                0,
                0,
                0,
                0,
                0,
                0,
                0,
                0,
                0,
                0,
                0,
                0,
                0,
                0,
                0,
                0,
                0,
                0,
                0,
                0,
                0,
                0,
                0,
                0,
                0,
                0,
                0,
                0,
                0,
                0,
                0,
                0,
                0,
                0,
                0,
                0,
                0,
                0,
                0,
                0,
                0,
                0,
                0,
                0,
                0,
                0,
                0,
                0,
                0,
                0,
                0,
                0,
                0,
                0,
                0,
                0,
                0,
                0,
                0,
                0,
                0,
                0,
                0,
                0,
                0
            ],
            "hand_left_keypoints_2d": [
                300.661,
                230.793,
                0.0591722,
                337.139,
                215.798,
                0.00530961,
                322.144,
                205.562,
                0.00993995,
                317.674,
                197.488,
                0.0293866,
                323.297,
                198.785,
                0.0394176,
                332.525,
                213.636,
                0.00949034,
                334.111,
                213.78,
                0.0206954,
                320.558,
                202.39,
                0.0219508,
                323.153,
                198.785,
                0.0229066,
                331.804,
                213.636,
                0.00582446,
                333.967,
                213.203,
                0.00654085,
                319.981,
                202.246,
                0.0156921,
                323.297,
                198.785,
                0.0110032,
                331.804,
                213.492,
                0.00474703,
                321.856,
                206.715,
                0.0054198,
                319.693,
                202.246,
                0.0108062,
                324.163,
                199.074,
                0.00712374,
                334.255,
                212.194,
                0.00621125,
                334.832,
                212.482,
                0.00950395,
                317.53,
                198.641,
                0.0091818,
                323.009,
                198.785,
                0.00853776
            ],
            "hand_right_keypoints_2d": [
                416.407,
                211.069,
                0.105983,
                423.322,
                207.815,
                0.151862,
                429.829,
                206.324,
                0.0563897,
                432.134,
                213.238,
                0.0368462,
                431.592,
                213.916,
                0.0561882,
                431.863,
                207.679,
                0.141366,
                432.27,
                214.187,
                0.0335412,
                431.863,
                216.763,
                0.0430464,
                431.863,
                214.73,
                0.0187786,
                429.694,
                208.628,
                0.153117,
                431.728,
                214.323,
                0.101225,
                431.863,
                217.17,
                0.0890341,
                431.999,
                215.272,
                0.0485937,
                427.66,
                210.12,
                0.251967,
                430.779,
                215.001,
                0.260175,
                430.643,
                217.034,
                0.162455,
                429.423,
                218.526,
                0.160254,
                424.406,
                211.747,
                0.33436,
                426.576,
                214.187,
                0.410344,
                426.982,
                216.085,
                0.363397,
                426.847,
                217.712,
                0.230572
            ],
            "pose_keypoints_3d": [],
            "face_keypoints_3d": [],
            "hand_left_keypoints_3d": [],
            "hand_right_keypoints_3d": []
        }
    ]
}