{
    "version": 1.3,
    "people": [
        {
            "person_id": [
                -1
            ],
            "pose_keypoints_2d": [
                0,
                0,
                0,
                339.899,
                168.788,
                0.920529,
                356.548,
                168.752,
                0.907737,
                370.274,
                199.031,
                0.837621,
                371.251,
                222.524,
                0.878673,
                319.415,
                169.735,
                0.830168,
                316.497,
                201.036,
                0.899985,
                317.412,
                223.507,
                0.802828,
                340.943,
                216.705,
                0.778371,
                353.631,
                216.672,
                0.712067,
                354.573,
                255.809,
                0.75495,
                362.419,
                285.172,
                0.142882,
                332.06,
                217.682,
                0.739346,
                332.152,
                259.709,
                0.851952,
                343.835,
                293.924,
                0.811242,
                0,
                0,
                0,
                0,
                0,
                0,
                344.829,
                147.215,
                0.75028,
                330.162,
                147.248,
                0.756839,
                341.883,
                299.808,
                0.532034,
                340.91,
                299.821,
                0.648288,
                347.73,
                297.864,
                0.782441,
                0,
                0,
                0,
                0,
                0,
                0,
                363.381,
                290.031,
                0.108649
            ],
            "face_keypoints_2d": [
                0,
                0,
                0,
                0,
                0,
                0,
                0,
                0,
                0,
                0,
                0,
                0,
                0,
                0,
                0,
                0,
                0,
                0,
                0,
                0,
                0,
                0,
                0,
                0,
                0,
                0,
                0,
                0,
                0,
                0,
                0,
                0,
                0,
                0,
                0,
                0,
                0,
                0,
                0,
                0,
                0,
                0,
                0,
                0,
                0,
                0,
                0,
                0,
                0,
                0,
                0,
                0,
                0,
                0,
                0,
                0,
                0,
                0,
                0,
                0,
                0,
                0,
                0,
                0,
                0,
                0,
                0,
                0,
                0,
                0,
                0,
                0,
                0,
                0,
                0,
                0,
                0,
                0,
                0,
                0,
                0,
                0,
                0,
                0,
                0,
                0,
                0,
                0,
                0,
                0,
                0,
                0,
                0,
                0,
                0,
                0,
                0,
                0,
                0,
                0,
                0,
                0,
                0,
                0,
                0,
                0,
                0,
                0,
                0,
                0,
                0,
                0,
                0,
                0,
                0,
                0,
                0,
                0,
                0,
                0,
                0,
                0,
                0,
                0,
                0,
                0,
                0,
                0,
                0,
                0,
                0,
                0,
                0,
                0,
                0,
                0,
                0,
                0,
                0,
                0,
                0,
                0,
                0,
                0,
                0,
                0,
                0,
                0,
                0,
                0,
                0,
                0,
                0,
                0,
                0,
                0,
                0,
                0,
                0,
                0,
                0,
                0,
                0,
                0,
                0,
                0,
                0,
                0,
                0,
                0,
                0,
                0,
                0,
                0,
                0,
                0,
                0,
                0,
                0,
                0,
                0,
                0,
                0,
                0,
                0,
                0,
                0,
                0,
                0,
                0,
                0,
                0,
                0,
                0,
                0,
                0,
                0,
                0,
                0,
                0,
                0,
                0,
                0,
                0,
                0,
                0,
                0,
                0,
                0,
                0
            ],
            "hand_left_keypoints_2d": [
                318.406,
                230.577,
                0.0435263,
                316.099,
                232.998,
                0.0257019,
                305.835,
                232.768,
                0.0425392,
                317.252,
                236.112,
                0.0426888,
                316.56,
                238.765,
                0.0282403,
                316.33,
                235.997,
                0.0285556,
                316.791,
                237.496,
                0.0420999,
                316.791,
                239.803,
                0.0392759,
                316.676,
                239.687,
                0.014064,
                313.101,
                237.727,
                0.0124232,
                314.485,
                239.111,
                0.0186039,
                311.832,
                242.916,
                0.0273631,
                311.947,
                243.954,
                0.0148078,
                313.216,
                237.842,
                0.0112311,
                315.292,
                243.147,
                0.0126118,
                311.717,
                243.378,
                0.0172991,
                311.832,
                244.07,
                0.0134197,
                311.717,
                238.88,
                0.00845869,
                310.218,
                244.07,
                0.00857305,
                309.987,
                244.416,
                0.0181427,
                309.756,
                244.992,
                0.0112443
            ],
            "hand_right_keypoints_2d": [
                365.109,
                227.471,
                0.024135,
                363.89,
                230.398,
                0.0336515,
                363.158,
                232.472,
                0.0212012,
                369.012,
                220.886,
                0.0234742,
                370.232,
                224.91,
                0.0148038,
                371.329,
                222.837,
                0.0234483,
                370.841,
                223.813,
                0.0184155,
                370.963,
                224.178,
                0.0301398,
                369.622,
                224.91,
                0.012714,
                371.817,
                224.544,
                0.0125186,
                371.207,
                224.3,
                0.0175459,
                372.061,
                226.496,
                0.0151228,
                373.281,
                224.91,
                0.00682432,
                371.207,
                224.422,
                0.0114631,
                371.207,
                224.788,
                0.0149617,
                371.939,
                226.74,
                0.0125097,
                373.281,
                225.154,
                0.00852976,
                373.768,
                231.618,
                0.0115686,
                373.768,
                231.74,
                0.0110186,
                370.841,
                225.032,
                0.0106354,
                371.085,
                225.154,
                0.00819486
            ],
            "pose_keypoints_3d": [],
            "face_keypoints_3d": [],
            "hand_left_keypoints_3d": [],
            "hand_right_keypoints_3d": []
        }
    ]
}