{
    "version": 1.3,
    "people": [
        {
            "person_id": [
                -1
            ],
            "pose_keypoints_2d": [
                0,
                0,
                0,
                333.071,
                150.147,
                0.866392,
                349.74,
                149.184,
                0.809528,
                362.444,
                179.518,
                0.761741,
                354.615,
                194.176,
                0.155933,
                316.43,
                151.11,
                0.856829,
                313.523,
                180.49,
                0.79199,
                309.669,
                206.859,
                0.82263,
                339.979,
                198.085,
                0.764015,
                351.685,
                196.145,
                0.665057,
                355.547,
                245.986,
                0.86162,
                372.21,
                262.641,
                0.780605,
                329.168,
                199.077,
                0.705419,
                323.316,
                243.094,
                0.824081,
                329.173,
                285.183,
                0.834908,
                0,
                0,
                0,
                0,
                0,
                0,
                336.99,
                129.622,
                0.725391,
                320.386,
                129.589,
                0.852885,
                325.298,
                287.116,
                0.515619,
                324.293,
                288.099,
                0.651601,
                332.069,
                290.034,
                0.774486,
                374.193,
                280.267,
                0.780163,
                378.098,
                278.333,
                0.726915,
                378.059,
                263.633,
                0.592067
            ],
            "face_keypoints_2d": [
                0,
                0,
                0,
                0,
                0,
                0,
                0,
                0,
                0,
                0,
                0,
                0,
                0,
                0,
                0,
                0,
                0,
                0,
                0,
                0,
                0,
                0,
                0,
                0,
                0,
                0,
                0,
                0,
                0,
                0,
                0,
                0,
                0,
                0,
                0,
                0,
                0,
                0,
                0,
                0,
                0,
                0,
                0,
                0,
                0,
                0,
                0,
                0,
                0,
                0,
                0,
                0,
                0,
                0,
                0,
                0,
                0,
                0,
                0,
                0,
                0,
                0,
                0,
                0,
                0,
                0,
                0,
                0,
                0,
                0,
                0,
                0,
                0,
                0,
                0,
                0,
                0,
                0,
                0,
                0,
                0,
                0,
                0,
                0,
                0,
                0,
                0,
                0,
                0,
                0,
                0,
                0,
                0,
                0,
                0,
                0,
                0,
                0,
                0,
                0,
                0,
                0,
                0,
                0,
                0,
                0,
                0,
                0,
                0,
                0,
                0,
                0,
                0,
                0,
                0,
                0,
                0,
                0,
                0,
                0,
                0,
                0,
                0,
                0,
                0,
                0,
                0,
                0,
                0,
                0,
                0,
                0,
                0,
                0,
                0,
                0,
                0,
                0,
                0,
                0,
                0,
                0,
                0,
                0,
                0,
                0,
                0,
                0,
                0,
                0,
                0,
                0,
                0,
                0,
                0,
                0,
                0,
                0,
                0,
                0,
                0,
                0,
                0,
                0,
                0,
                0,
                0,
                0,
                0,
                0,
                0,
                0,
                0,
                0,
                0,
                0,
                0,
                0,
                0,
                0,
                0,
                0,
                0,
                0,
                0,
                0,
                0,
                0,
                0,
                0,
                0,
                0,
                0,
                0,
                0,
                0,
                0,
                0,
                0,
                0,
                0,
                0,
                0,
                0,
                0,
                0,
                0,
                0,
                0,
                0
            ],
            "hand_left_keypoints_2d": [
                313.938,
                201.657,
                0.0240159,
                311.548,
                206.545,
                0.0151049,
                307.637,
                211.325,
                0.0270571,
                303.293,
                216.322,
                0.0175837,
                315.458,
                211.542,
                0.0127085,
                311.765,
                213.389,
                0.0194444,
                312.417,
                213.606,
                0.0104897,
                302.858,
                211.542,
                0.0118969,
                314.589,
                213.497,
                0.00740081,
                313.069,
                216.973,
                0.0106147,
                313.177,
                215.887,
                0.0113323,
                316.871,
                208.718,
                0.00868382,
                314.481,
                216.756,
                0.0067008,
                313.286,
                216.973,
                0.0126248,
                313.503,
                216.43,
                0.011509,
                313.829,
                216.539,
                0.00843805,
                297.644,
                217.625,
                0.01151,
                314.046,
                216.865,
                0.00969986,
                314.046,
                216.865,
                0.00748824,
                318.609,
                208.935,
                0.0119045,
                297.427,
                217.408,
                0.00925347
            ],
            "hand_right_keypoints_2d": [
                349.257,
                190.688,
                0.0196545,
                356.978,
                191.171,
                0.0167603,
                345.758,
                212.163,
                0.0149783,
                346.603,
                212.887,
                0.026289,
                345.275,
                210.112,
                0.0321315,
                345.517,
                212.646,
                0.0382769,
                344.672,
                210.957,
                0.0578087,
                344.31,
                211.439,
                0.071065,
                344.672,
                209.871,
                0.0501682,
                345.517,
                212.887,
                0.0178844,
                344.672,
                211.077,
                0.0152091,
                343.828,
                211.077,
                0.0136252,
                344.19,
                209.388,
                0.0225268,
                354.806,
                187.913,
                0.0102056,
                354.324,
                191.653,
                0.0114065,
                345.879,
                209.509,
                0.0101109,
                345.758,
                209.147,
                0.00926017,
                355.41,
                191.895,
                0.0119933,
                355.41,
                192.015,
                0.0123992,
                351.187,
                211.801,
                0.00977334,
                346.12,
                209.75,
                0.00777615
            ],
            "pose_keypoints_3d": [],
            "face_keypoints_3d": [],
            "hand_left_keypoints_3d": [],
            "hand_right_keypoints_3d": []
        }
    ]
}