{
    "version": 1.3,
    "people": [
        {
            "person_id": [
                -1
            ],
            "pose_keypoints_2d": [
                348.71,
                193.233,
                0.171041,
                348.794,
                191.292,
                0.935291,
                340.893,
                191.296,
                0.917117,
                330.148,
                196.151,
                0.756241,
                318.433,
                194.185,
                0.67768,
                358.538,
                192.21,
                0.849212,
                371.252,
                199.045,
                0.719759,
                380.076,
                200.086,
                0.490588,
                348.773,
                216.715,
                0.876714,
                343.841,
                217.654,
                0.813494,
                346.772,
                235.263,
                0.83869,
                347.717,
                251.896,
                0.867954,
                355.598,
                216.705,
                0.88781,
                355.623,
                235.259,
                0.866226,
                356.552,
                251.898,
                0.853656,
                348.699,
                192.227,
                0.125936,
                349.73,
                192.242,
                0.151792,
                345.79,
                191.202,
                0.120139,
                355.541,
                191.202,
                0.196933,
                356.524,
                254.87,
                0.775696,
                357.577,
                254.817,
                0.75611,
                355.628,
                252.893,
                0.705307,
                347.753,
                254.869,
                0.837501,
                344.824,
                254.814,
                0.788907,
                347.79,
                253.812,
                0.792893
            ],
            "face_keypoints_2d": [
                0,
                0,
                0,
                0,
                0,
                0,
                0,
                0,
                0,
                0,
                0,
                0,
                0,
                0,
                0,
                0,
                0,
                0,
                0,
                0,
                0,
                0,
                0,
                0,
                0,
                0,
                0,
                0,
                0,
                0,
                0,
                0,
                0,
                0,
                0,
                0,
                0,
                0,
                0,
                0,
                0,
                0,
                0,
                0,
                0,
                0,
                0,
                0,
                0,
                0,
                0,
                0,
                0,
                0,
                0,
                0,
                0,
                0,
                0,
                0,
                0,
                0,
                0,
                0,
                0,
                0,
                0,
                0,
                0,
                0,
                0,
                0,
                0,
                0,
                0,
                0,
                0,
                0,
                0,
                0,
                0,
                0,
                0,
                0,
                0,
                0,
                0,
                0,
                0,
                0,
                0,
                0,
                0,
                0,
                0,
                0,
                0,
                0,
                0,
                0,
                0,
                0,
                0,
                0,
                0,
                0,
                0,
                0,
                0,
                0,
                0,
                0,
                0,
                0,
                0,
                0,
                0,
                0,
                0,
                0,
                0,
                0,
                0,
                0,
                0,
                0,
                0,
                0,
                0,
                0,
                0,
                0,
                0,
                0,
                0,
                0,
                0,
                0,
                0,
                0,
                0,
                0,
                0,
                0,
                0,
                0,
                0,
                0,
                0,
                0,
                0,
                0,
                0,
                0,
                0,
                0,
                0,
                0,
                0,
                0,
                0,
                0,
                0,
                0,
                0,
                0,
                0,
                0,
                0,
                0,
                0,
                0,
                0,
                0,
                0,
                0,
                0,
                0,
                0,
                0,
                0,
                0,
                0,
                0,
                0,
                0,
                0,
                0,
                0,
                0,
                0,
                0,
                0,
                0,
                0,
                0,
                0,
                0,
                0,
                0,
                0,
                0,
                0,
                0,
                0,
                0,
                0,
                0,
                0,
                0
            ],
            "hand_left_keypoints_2d": [
                377.216,
                200.482,
                0.0192787,
                380.182,
                199.741,
                0.00933234,
                380.023,
                199.635,
                0.00661448,
                383.041,
                199.741,
                0.00581845,
                383.041,
                199.847,
                0.00471748,
                383.094,
                199.264,
                0.00662894,
                382.3,
                200.588,
                0.00618191,
                382.194,
                200.747,
                0.00574082,
                382.247,
                200.8,
                0.0032241,
                382.671,
                199.476,
                0.00443935,
                382.194,
                200.694,
                0.00235318,
                382.194,
                200.8,
                0.00381152,
                382.088,
                200.8,
                0.00101018,
                382.671,
                199.529,
                0.00447064,
                382.247,
                200.8,
                0.00313961,
                382.194,
                200.8,
                0.00455963,
                382.141,
                200.641,
                0.0019783,
                382.459,
                200.588,
                0.00567697,
                382.406,
                200.694,
                0.00552454,
                382.353,
                200.747,
                0.00510727,
                382.3,
                200.694,
                0.00279407
            ],
            "hand_right_keypoints_2d": [
                311.807,
                194.747,
                0.0228043,
                314.083,
                191.793,
                0.00974364,
                317.085,
                193.294,
                0.0183682,
                316.794,
                196.393,
                0.0133472,
                316.165,
                195.57,
                0.0100615,
                316.94,
                196.248,
                0.00749904,
                317.375,
                196.006,
                0.00880045,
                316.02,
                196.054,
                0.00728743,
                315.971,
                196.103,
                0.00551619,
                316.794,
                196.393,
                0.00426055,
                317.424,
                196.054,
                0.00467155,
                315.826,
                196.054,
                0.00485376,
                313.211,
                195.522,
                0.00240321,
                316.94,
                196.538,
                0.00397924,
                317.424,
                196.442,
                0.00539589,
                317.424,
                196.442,
                0.00634476,
                313.211,
                195.764,
                0.00412497,
                317.133,
                196.732,
                0.0055243,
                317.133,
                196.781,
                0.00753049,
                317.279,
                196.49,
                0.00696324,
                318.441,
                196.103,
                0.0052542
            ],
            "pose_keypoints_3d": [],
            "face_keypoints_3d": [],
            "hand_left_keypoints_3d": [],
            "hand_right_keypoints_3d": []
        }
    ]
}