{
    "version": 1.3,
    "people": [
        {
            "person_id": [
                -1
            ],
            "pose_keypoints_2d": [
                0,
                0,
                0,
                351.669,
                151.126,
                0.829813,
                373.196,
                150.181,
                0.810102,
                388.864,
                176.606,
                0.838492,
                395.681,
                207.879,
                0.864869,
                330.136,
                151.145,
                0.818295,
                325.23,
                189.275,
                0.872125,
                326.221,
                221.561,
                0.806642,
                364.393,
                202.979,
                0.698815,
                375.144,
                201.035,
                0.632912,
                356.614,
                253.815,
                0.812005,
                357.532,
                301.797,
                0.839278,
                355.557,
                204.923,
                0.662753,
                366.339,
                254.794,
                0.807179,
                392.767,
                292.938,
                0.802993,
                0,
                0,
                0,
                0,
                0,
                0,
                356.538,
                129.593,
                0.883934,
                338.956,
                129.613,
                0.893714,
                403.5,
                320.37,
                0.656436,
                406.469,
                316.484,
                0.618187,
                396.663,
                292.954,
                0.642386,
                345.804,
                305.693,
                0.614531,
                347.751,
                302.8,
                0.592212,
                360.487,
                308.593,
                0.774271
            ],
            "face_keypoints_2d": [
                0,
                0,
                0,
                0,
                0,
                0,
                0,
                0,
                0,
                0,
                0,
                0,
                0,
                0,
                0,
                0,
                0,
                0,
                0,
                0,
                0,
                0,
                0,
                0,
                0,
                0,
                0,
                0,
                0,
                0,
                0,
                0,
                0,
                0,
                0,
                0,
                0,
                0,
                0,
                0,
                0,
                0,
                0,
                0,
                0,
                0,
                0,
                0,
                0,
                0,
                0,
                0,
                0,
                0,
                0,
                0,
                0,
                0,
                0,
                0,
                0,
                0,
                0,
                0,
                0,
                0,
                0,
                0,
                0,
                0,
                0,
                0,
                0,
                0,
                0,
                0,
                0,
                0,
                0,
                0,
                0,
                0,
                0,
                0,
                0,
                0,
                0,
                0,
                0,
                0,
                0,
                0,
                0,
                0,
                0,
                0,
                0,
                0,
                0,
                0,
                0,
                0,
                0,
                0,
                0,
                0,
                0,
                0,
                0,
                0,
                0,
                0,
                0,
                0,
                0,
                0,
                0,
                0,
                0,
                0,
                0,
                0,
                0,
                0,
                0,
                0,
                0,
                0,
                0,
                0,
                0,
                0,
                0,
                0,
                0,
                0,
                0,
                0,
                0,
                0,
                0,
                0,
                0,
                0,
                0,
                0,
                0,
                0,
                0,
                0,
                0,
                0,
                0,
                0,
                0,
                0,
                0,
                0,
                0,
                0,
                0,
                0,
                0,
                0,
                0,
                0,
                0,
                0,
                0,
                0,
                0,
                0,
                0,
                0,
                0,
                0,
                0,
                0,
                0,
                0,
                0,
                0,
                0,
                0,
                0,
                0,
                0,
                0,
                0,
                0,
                0,
                0,
                0,
                0,
                0,
                0,
                0,
                0,
                0,
                0,
                0,
                0,
                0,
                0,
                0,
                0,
                0,
                0,
                0,
                0
            ],
            "hand_left_keypoints_2d": [
                311.034,
                230.806,
                0.025105,
                324.997,
                228.267,
                0.0179731,
                328.099,
                221.639,
                0.0282085,
                328.24,
                221.497,
                0.0277613,
                329.087,
                221.356,
                0.0206329,
                327.676,
                222.485,
                0.0161581,
                328.381,
                221.78,
                0.0113294,
                335.151,
                235.742,
                0.0157256,
                328.24,
                220.369,
                0.0084913,
                325.279,
                222.062,
                0.0083381,
                328.099,
                229.536,
                0.00540697,
                322.599,
                231.229,
                0.00950995,
                322.458,
                230.806,
                0.00524139,
                325.561,
                222.062,
                0.00776407,
                328.099,
                229.536,
                0.00656313,
                324.856,
                226.011,
                0.00816357,
                338.113,
                236.729,
                0.0069596,
                328.099,
                222.062,
                0.00821132,
                328.804,
                221.78,
                0.00721151,
                337.125,
                236.729,
                0.00683802,
                337.548,
                236.87,
                0.00609287
            ],
            "hand_right_keypoints_2d": [
                400.41,
                211.545,
                0.0371374,
                395.191,
                214.024,
                0.0404291,
                384.754,
                228.505,
                0.0308561,
                384.885,
                229.027,
                0.0468998,
                382.928,
                224.852,
                0.027813,
                405.759,
                219.633,
                0.0231123,
                406.28,
                216.111,
                0.0216506,
                386.581,
                226.157,
                0.0459885,
                386.711,
                224.852,
                0.042804,
                403.932,
                216.763,
                0.0106111,
                404.976,
                215.72,
                0.0101215,
                380.188,
                224.721,
                0.0122718,
                383.841,
                224.721,
                0.0270811,
                403.802,
                216.763,
                0.00890611,
                401.453,
                206.457,
                0.00725893,
                385.928,
                225.896,
                0.0119625,
                384.754,
                225.113,
                0.0172447,
                402.367,
                206.848,
                0.00751876,
                386.842,
                225.765,
                0.0128511,
                386.972,
                226.026,
                0.0365859,
                386.842,
                225.896,
                0.0174842
            ],
            "pose_keypoints_3d": [],
            "face_keypoints_3d": [],
            "hand_left_keypoints_3d": [],
            "hand_right_keypoints_3d": []
        }
    ]
}