{
    "version": 1.3,
    "people": [
        {
            "person_id": [
                -1
            ],
            "pose_keypoints_2d": [
                301.856,
                192.261,
                0.21791,
                300.857,
                199.032,
                0.791906,
                299.821,
                199.047,
                0.80716,
                300.756,
                206.895,
                0.818983,
                308.577,
                208.891,
                0.790153,
                302.76,
                199.025,
                0.685857,
                308.618,
                206.866,
                0.293228,
                309.612,
                210.805,
                0.239825,
                301.823,
                215.725,
                0.861417,
                300.818,
                215.724,
                0.920496,
                300.74,
                231.4,
                0.765287,
                293.915,
                247.02,
                0.712113,
                305.69,
                215.725,
                0.774592,
                308.645,
                232.319,
                0.807288,
                310.633,
                247.043,
                0.667566,
                301.818,
                192.214,
                0.208244,
                301.877,
                192.171,
                0.115336,
                301.729,
                192.184,
                0.280859,
                0,
                0,
                0,
                316.423,
                248.971,
                0.537939,
                316.448,
                247.992,
                0.544206,
                309.658,
                248.979,
                0.559503,
                294.947,
                248.974,
                0.509819,
                293.934,
                248.964,
                0.522842,
                293.01,
                247.991,
                0.561379
            ],
            "face_keypoints_2d": [
                0,
                0,
                0,
                0,
                0,
                0,
                0,
                0,
                0,
                0,
                0,
                0,
                0,
                0,
                0,
                0,
                0,
                0,
                0,
                0,
                0,
                0,
                0,
                0,
                0,
                0,
                0,
                0,
                0,
                0,
                0,
                0,
                0,
                0,
                0,
                0,
                0,
                0,
                0,
                0,
                0,
                0,
                0,
                0,
                0,
                0,
                0,
                0,
                0,
                0,
                0,
                0,
                0,
                0,
                0,
                0,
                0,
                0,
                0,
                0,
                0,
                0,
                0,
                0,
                0,
                0,
                0,
                0,
                0,
                0,
                0,
                0,
                0,
                0,
                0,
                0,
                0,
                0,
                0,
                0,
                0,
                0,
                0,
                0,
                0,
                0,
                0,
                0,
                0,
                0,
                0,
                0,
                0,
                0,
                0,
                0,
                0,
                0,
                0,
                0,
                0,
                0,
                0,
                0,
                0,
                0,
                0,
                0,
                0,
                0,
                0,
                0,
                0,
                0,
                0,
                0,
                0,
                0,
                0,
                0,
                0,
                0,
                0,
                0,
                0,
                0,
                0,
                0,
                0,
                0,
                0,
                0,
                0,
                0,
                0,
                0,
                0,
                0,
                0,
                0,
                0,
                0,
                0,
                0,
                0,
                0,
                0,
                0,
                0,
                0,
                0,
                0,
                0,
                0,
                0,
                0,
                0,
                0,
                0,
                0,
                0,
                0,
                0,
                0,
                0,
                0,
                0,
                0,
                0,
                0,
                0,
                0,
                0,
                0,
                0,
                0,
                0,
                0,
                0,
                0,
                0,
                0,
                0,
                0,
                0,
                0,
                0,
                0,
                0,
                0,
                0,
                0,
                0,
                0,
                0,
                0,
                0,
                0,
                0,
                0,
                0,
                0,
                0,
                0,
                0,
                0,
                0,
                0,
                0,
                0
            ],
            "hand_left_keypoints_2d": [
                310.299,
                213.901,
                0.0159103,
                310.012,
                213.829,
                0.0177377,
                308.791,
                211.495,
                0.0143233,
                308.827,
                211.495,
                0.0130415,
                308.539,
                209.125,
                0.00749907,
                309.545,
                211.962,
                0.0110166,
                309.581,
                211.926,
                0.00980567,
                309.545,
                212.177,
                0.00856626,
                310.299,
                214.295,
                0.0042995,
                310.406,
                212.141,
                0.0164292,
                310.694,
                212.5,
                0.0119615,
                310.335,
                212.608,
                0.00814074,
                310.335,
                214.26,
                0.00381702,
                310.371,
                212.357,
                0.0253739,
                310.73,
                212.536,
                0.0155907,
                310.801,
                212.716,
                0.0108285,
                311.16,
                213.649,
                0.00628227,
                312.668,
                211.854,
                0.0159152,
                310.442,
                213.613,
                0.010435,
                311.448,
                212.823,
                0.00946149,
                311.196,
                213.577,
                0.00713755
            ],
            "hand_right_keypoints_2d": [
                309.48,
                209.221,
                0.00944377,
                309.841,
                210.866,
                0.0168002,
                312.539,
                209.319,
                0.0126621,
                312.605,
                209.319,
                0.0117242,
                313.691,
                211.458,
                0.00672053,
                311.881,
                210.142,
                0.0120619,
                312.046,
                210.208,
                0.0135561,
                311.848,
                210.438,
                0.009606,
                311.947,
                211.326,
                0.00472242,
                311.289,
                210.241,
                0.0213932,
                311.782,
                210.537,
                0.0181149,
                311.717,
                210.833,
                0.00968779,
                311.322,
                211.984,
                0.00327522,
                311.289,
                210.405,
                0.0289511,
                311.552,
                211.03,
                0.0189128,
                311.552,
                210.898,
                0.0121519,
                311.453,
                210.767,
                0.00602715,
                311.223,
                210.701,
                0.0163072,
                311.684,
                211.721,
                0.0114442,
                311.519,
                210.997,
                0.00979711,
                311.092,
                211.984,
                0.0067653
            ],
            "pose_keypoints_3d": [],
            "face_keypoints_3d": [],
            "hand_left_keypoints_3d": [],
            "hand_right_keypoints_3d": []
        }
    ]
}